sku_original,competidor,marca,categoria,nombre_producto,url_producto,precio_regular,precio_oferta,cuotas,hay_stock
FRA-celular-samsung-galaxy-a17-128gb-negro-7,Fravega,SAMSUNG,Smartphones,Celular Samsung Galaxy A17 128GB Negro,https://www.fravega.com/p/celular-samsung-galaxy-a17-128gb-negro-782838/,489999.0,429999.0,1,True
FRA-celular-motorola-g17-4gb-128gb-782866,Fravega,MOTOROLA,Smartphones,Celular Motorola G17 4GB 128GB,https://www.fravega.com/p/celular-motorola-g17-4gb-128gb-782866/,399999.0,299999.0,1,True
FRA-celular-xiaomi-redmi-15c-4gb-128gb-black,Fravega,XIAOMI,Smartphones,Celular Xiaomi Redmi 15C 4GB 128GB Black,https://www.fravega.com/p/celular-xiaomi-redmi-15c-4gb-128gb-black-782956/,399999.0,299999.0,1,True
FRA-celular-zte-a56-pro-4gb-128gb-gray-78245,Fravega,ZTE,Smartphones,Celular ZTE A56 Pro 4GB 128GB Gray,https://www.fravega.com/p/celular-zte-a56-pro-4gb-128gb-gray-782455/,269999.0,229999.0,1,True
FRA-celular-samsung-galaxy-s25-fe-5g-256gb-b,Fravega,SAMSUNG,Smartphones,Celular Samsung Galaxy S25 FE 5G 256GB Blanco,https://www.fravega.com/p/celular-samsung-galaxy-s25-fe-5g-256gb-blanco-782716/,1799999.0,1599999.0,1,True
FRA-celular-motorola-g06-nfc-4gb-64gb-naranj,Fravega,MOTOROLA,Smartphones,Celular Motorola G06 NFC 4GB 64GB Naranja,https://www.fravega.com/p/celular-motorola-g06-nfc-4gb-64gb-naranja-783095/,259999.0,199999.0,1,True
FRA-celular-nubia-music-2-4gb-128gb-auricula,Fravega,OTRAS,Smartphones,Celular Nubia Music 2 4GB 128GB + Auriculares I66SE WHITE,https://www.fravega.com/p/celular-nubia-music-2-4gb-128gb-auriculares-i66se-white-782671/,289999.0,239999.0,1,True
FRA-celular-moto-g17-4-256gb-bordeaux-990297,Fravega,OTRAS,Smartphones,Celular Moto G17 4+256GB Bordeaux,https://www.fravega.com/p/celular-moto-g17-4-256gb-bordeaux-990297791/,462856.0,323999.0,1,True
FRA-celular-xiaomi-redmi-note-15-8gb-256gb-b,Fravega,XIAOMI,Smartphones,Celular Xiaomi Redmi Note 15 8GB 256GB Black,https://www.fravega.com/p/celular-xiaomi-redmi-note-15-8gb-256gb-black-782936/,749999.0,599999.0,1,True
FRA-celular-motorola-razr-fold-16gb-1tb-blac,Fravega,MOTOROLA,Smartphones,Celular Motorola Razr Fold 16GB 1TB Blackened,https://www.fravega.com/p/celular-motorola-razr-fold-16gb-1tb-blackened-783100/,3699999.0,2799999.0,1,True
FRA-celular-zte-blade-v80-max-4gb-256gb-blac,Fravega,ZTE,Smartphones,Celular ZTE Blade V80 Max 4GB 256GB Black,https://www.fravega.com/p/celular-zte-blade-v80-max-4gb-256gb-black-783239/,449999.0,329999.0,1,True
FRA-celular-motorola-moto-g04s-4gb-64gb-sunr,Fravega,MOTOROLA,Smartphones,Celular Motorola Moto G04s 4GB 64GB Sunrise Orange PB380015AR,https://www.fravega.com/p/celular-motorola-moto-g04s-4gb-64gb-sunrise-orange-pb380015ar-990295649/,314599.0,246998.99,1,True
FRA-celular-samsung-galaxy-s25-fe-5g-256gb-j,Fravega,SAMSUNG,Smartphones,Celular Samsung Galaxy S25 FE 5G 256GB Jet Black,https://www.fravega.com/p/celular-samsung-galaxy-s25-fe-5g-256gb-jet-black-782880/,1799999.0,1599999.0,1,True
FRA-celular-nubia-neo-3-gt-5g-256gb-grey-782,Fravega,OTRAS,Smartphones,Celular Nubia Neo 3 GT 5G 256GB Grey,https://www.fravega.com/p/celular-nubia-neo-3-gt-5g-256gb-grey-782579/,689999.0,619999.0,1,True
FRA-celular-xiaomi-redmi-15c-4gb-128gb-blue-,Fravega,XIAOMI,Smartphones,Celular Xiaomi Redmi 15C 4GB 128GB Blue,https://www.fravega.com/p/celular-xiaomi-redmi-15c-4gb-128gb-blue-782955/,399999.0,299999.0,1,True
FRA-celular-zte-a56-pro-4gb-128gb-gold-78244,Fravega,ZTE,Smartphones,Celular ZTE A56 Pro 4GB 128GB Gold,https://www.fravega.com/p/celular-zte-a56-pro-4gb-128gb-gold-782442/,269999.0,229999.0,1,True
FRA-celular-moto-motorola-g24-power-128-8gb-,Fravega,MOTOROLA,Smartphones,Celular Moto Motorola G24 Power 128/8GB Celeste,https://www.fravega.com/p/celular-moto-motorola-g24-power-128-8gb-celeste-990190458/,499998.0,299999.0,1,True
FRA-celular-samsung-galaxy-a16-lte-4gb-128gb,Fravega,SAMSUNG,Smartphones,Celular Samsung Galaxy A16 LTE 4GB 128GB Gris,https://www.fravega.com/p/celular-samsung-galaxy-a16-lte-4gb-128gb-gris-782877/,469999.0,279999.0,1,True
FRA-celular-motorola-gmax-8gb-256gb-blue-ato,Fravega,MOTOROLA,Smartphones,Celular Motorola GMAX 8GB 256GB Blue Atoll,https://www.fravega.com/p/celular-motorola-gmax-8gb-256gb-blue-atoll-783082/,899999.0,799999.0,1,True
FRA-celular-xiaomi-redmi-note-15-pro-5g-8gb-,Fravega,XIAOMI,Smartphones,Celular Xiaomi Redmi Note 15 Pro 5G 8GB 512GB Black,https://www.fravega.com/p/celular-xiaomi-redmi-note-15-pro-5g-8gb-512gb-black-782932/,1199999.0,899999.0,1,True
FRA-celular-zte-v80-pro-8-gb-256-gb-negro-78,Fravega,ZTE,Smartphones,Celular ZTE V80 PRO 8 GB 256 GB Negro,https://www.fravega.com/p/celular-zte-v80-pro-8-gb-256-gb-negro-782438/,484999.0,449999.0,1,True
FRA-celular-samsung-galaxy-a37-5g-8gb-256gb-,Fravega,SAMSUNG,Smartphones,Celular Samsung Galaxy A37 5G 8GB 256GB Gris,https://www.fravega.com/p/celular-samsung-galaxy-a37-5g-8gb-256gb-gris-783024/,1149999.0,899999.0,1,True
FRA-celular-tcl-k70-4gb-128gb-tpu-case-afa-7,Fravega,TCL,Smartphones,Celular TCL K70 4GB 128GB + TPU Case AFA,https://www.fravega.com/p/celular-tcl-k70-4gb-128gb-tpu-case-afa-783053/,319999.0,229999.0,1,True
FRA-celular-galaxy-a16-4g-blue-black-782588,Fravega,OTRAS,Smartphones,Celular Galaxy A16 4G Blue Black,https://www.fravega.com/p/celular-galaxy-a16-4g-blue-black-782588/,469999.0,329999.0,1,True
FRA-celular-motorola-g17-4gb-256gb-782883,Fravega,MOTOROLA,Smartphones,Celular Motorola G17 4GB 256GB,https://www.fravega.com/p/celular-motorola-g17-4gb-256gb-782883/,449999.0,349999.0,1,True
FRA-celular-motorola-g17-4gb-256gb-782851,Fravega,MOTOROLA,Smartphones,Celular Motorola G17 4GB 256GB,https://www.fravega.com/p/celular-motorola-g17-4gb-256gb-782851/,449999.0,349999.0,1,True
FRA-celular-xiaomi-redmi-note-14-128gb-midni,Fravega,XIAOMI,Smartphones,Celular Xiaomi Redmi Note 14 128GB Midnight Black,https://www.fravega.com/p/celular-xiaomi-redmi-note-14-128gb-midnight-black-782554/,529999.0,419999.0,1,True
FRA-celular-samsung-galaxy-a07-128gb-negro-7,Fravega,SAMSUNG,Smartphones,Celular Samsung Galaxy A07 128GB Negro,https://www.fravega.com/p/celular-samsung-galaxy-a07-128gb-negro-782739/,349999.0,289999.0,1,True
FRA-celular-samsung-galaxy-a17-5g-256gb-gray,Fravega,SAMSUNG,Smartphones,Celular Samsung Galaxy A17 5G 256GB Gray,https://www.fravega.com/p/celular-samsung-galaxy-a17-5g-256gb-gray-782853/,769999.0,636362.81,1,True
FRA-celular-tecno-spark-30-pro-128gb-obsidia,Fravega,OTRAS,Smartphones,Celular Tecno Spark 30 Pro 128GB Obsidian Edge,https://www.fravega.com/p/celular-tecno-spark-30-pro-128gb-obsidian-edge-783067/,299999.0,247933.06,1,True
FRA-celular-motorola-g77-8gb-256gb-782745,Fravega,MOTOROLA,Smartphones,Celular Motorola G77 8GB 256GB,https://www.fravega.com/p/celular-motorola-g77-8gb-256gb-782745/,799999.0,699999.0,1,True
FRA-celular-motorola-g67-4gb-256gb-782593,Fravega,MOTOROLA,Smartphones,Celular Motorola G67 4GB 256GB,https://www.fravega.com/p/celular-motorola-g67-4gb-256gb-782593/,699999.0,549999.0,1,True
FRA-celular-motorola-gmax-8gb-256gb-overture,Fravega,MOTOROLA,Smartphones,Celular Motorola GMAX 8GB 256GB Overture,https://www.fravega.com/p/celular-motorola-gmax-8gb-256gb-overture-783084/,899999.0,799999.0,1,True
FRA-celular-motorola-g06-nfc-4gb-128gb-verde,Fravega,MOTOROLA,Smartphones,Celular Motorola G06 NFC 4GB 128GB Verde,https://www.fravega.com/p/celular-motorola-g06-nfc-4gb-128gb-verde-783092/,329999.0,249999.0,1,True
FRA-celular-samsung-galaxy-a17-128gb-negro-7,Fravega,SAMSUNG,Smartphones,Celular Samsung Galaxy A17 128GB Negro,https://www.fravega.com/p/celular-samsung-galaxy-a17-128gb-negro-782838/,489999.0,429999.0,1,True
FRA-celular-motorola-g17-4gb-128gb-782866,Fravega,MOTOROLA,Smartphones,Celular Motorola G17 4GB 128GB,https://www.fravega.com/p/celular-motorola-g17-4gb-128gb-782866/,399999.0,299999.0,1,True
FRA-celular-xiaomi-redmi-15c-4gb-128gb-black,Fravega,XIAOMI,Smartphones,Celular Xiaomi Redmi 15C 4GB 128GB Black,https://www.fravega.com/p/celular-xiaomi-redmi-15c-4gb-128gb-black-782956/,399999.0,299999.0,1,True
FRA-celular-zte-a56-pro-4gb-128gb-gray-78245,Fravega,ZTE,Smartphones,Celular ZTE A56 Pro 4GB 128GB Gray,https://www.fravega.com/p/celular-zte-a56-pro-4gb-128gb-gray-782455/,269999.0,229999.0,1,True
FRA-celular-samsung-galaxy-s25-fe-5g-256gb-b,Fravega,SAMSUNG,Smartphones,Celular Samsung Galaxy S25 FE 5G 256GB Blanco,https://www.fravega.com/p/celular-samsung-galaxy-s25-fe-5g-256gb-blanco-782716/,1799999.0,1599999.0,1,True
FRA-celular-motorola-g06-nfc-4gb-64gb-naranj,Fravega,MOTOROLA,Smartphones,Celular Motorola G06 NFC 4GB 64GB Naranja,https://www.fravega.com/p/celular-motorola-g06-nfc-4gb-64gb-naranja-783095/,259999.0,199999.0,1,True
FRA-celular-nubia-music-2-4gb-128gb-auricula,Fravega,OTRAS,Smartphones,Celular Nubia Music 2 4GB 128GB + Auriculares I66SE WHITE,https://www.fravega.com/p/celular-nubia-music-2-4gb-128gb-auriculares-i66se-white-782671/,289999.0,239999.0,1,True
FRA-celular-moto-g17-4-256gb-bordeaux-990297,Fravega,OTRAS,Smartphones,Celular Moto G17 4+256GB Bordeaux,https://www.fravega.com/p/celular-moto-g17-4-256gb-bordeaux-990297791/,462856.0,323999.0,1,True
FRA-celular-xiaomi-redmi-note-15-8gb-256gb-b,Fravega,XIAOMI,Smartphones,Celular Xiaomi Redmi Note 15 8GB 256GB Black,https://www.fravega.com/p/celular-xiaomi-redmi-note-15-8gb-256gb-black-782936/,749999.0,599999.0,1,True
FRA-celular-motorola-razr-fold-16gb-1tb-blac,Fravega,MOTOROLA,Smartphones,Celular Motorola Razr Fold 16GB 1TB Blackened,https://www.fravega.com/p/celular-motorola-razr-fold-16gb-1tb-blackened-783100/,3699999.0,2799999.0,1,True
FRA-celular-zte-blade-v80-max-4gb-256gb-blac,Fravega,ZTE,Smartphones,Celular ZTE Blade V80 Max 4GB 256GB Black,https://www.fravega.com/p/celular-zte-blade-v80-max-4gb-256gb-black-783239/,449999.0,329999.0,1,True
FRA-celular-motorola-moto-g04s-4gb-64gb-sunr,Fravega,MOTOROLA,Smartphones,Celular Motorola Moto G04s 4GB 64GB Sunrise Orange PB380015AR,https://www.fravega.com/p/celular-motorola-moto-g04s-4gb-64gb-sunrise-orange-pb380015ar-990295649/,314599.0,246998.99,1,True
FRA-celular-samsung-galaxy-s25-fe-5g-256gb-j,Fravega,SAMSUNG,Smartphones,Celular Samsung Galaxy S25 FE 5G 256GB Jet Black,https://www.fravega.com/p/celular-samsung-galaxy-s25-fe-5g-256gb-jet-black-782880/,1799999.0,1599999.0,1,True
FRA-celular-nubia-neo-3-gt-5g-256gb-grey-782,Fravega,OTRAS,Smartphones,Celular Nubia Neo 3 GT 5G 256GB Grey,https://www.fravega.com/p/celular-nubia-neo-3-gt-5g-256gb-grey-782579/,689999.0,619999.0,1,True
FRA-celular-xiaomi-redmi-15c-4gb-128gb-blue-,Fravega,XIAOMI,Smartphones,Celular Xiaomi Redmi 15C 4GB 128GB Blue,https://www.fravega.com/p/celular-xiaomi-redmi-15c-4gb-128gb-blue-782955/,399999.0,299999.0,1,True
FRA-celular-zte-a56-pro-4gb-128gb-gold-78244,Fravega,ZTE,Smartphones,Celular ZTE A56 Pro 4GB 128GB Gold,https://www.fravega.com/p/celular-zte-a56-pro-4gb-128gb-gold-782442/,269999.0,229999.0,1,True
FRA-celular-moto-motorola-g24-power-128-8gb-,Fravega,MOTOROLA,Smartphones,Celular Moto Motorola G24 Power 128/8GB Celeste,https://www.fravega.com/p/celular-moto-motorola-g24-power-128-8gb-celeste-990190458/,499998.0,299999.0,1,True
FRA-celular-samsung-galaxy-a16-lte-4gb-128gb,Fravega,SAMSUNG,Smartphones,Celular Samsung Galaxy A16 LTE 4GB 128GB Gris,https://www.fravega.com/p/celular-samsung-galaxy-a16-lte-4gb-128gb-gris-782877/,469999.0,279999.0,1,True
FRA-celular-motorola-gmax-8gb-256gb-blue-ato,Fravega,MOTOROLA,Smartphones,Celular Motorola GMAX 8GB 256GB Blue Atoll,https://www.fravega.com/p/celular-motorola-gmax-8gb-256gb-blue-atoll-783082/,899999.0,799999.0,1,True
FRA-celular-xiaomi-redmi-note-15-pro-5g-8gb-,Fravega,XIAOMI,Smartphones,Celular Xiaomi Redmi Note 15 Pro 5G 8GB 512GB Black,https://www.fravega.com/p/celular-xiaomi-redmi-note-15-pro-5g-8gb-512gb-black-782932/,1199999.0,899999.0,1,True
FRA-celular-zte-v80-pro-8-gb-256-gb-negro-78,Fravega,ZTE,Smartphones,Celular ZTE V80 PRO 8 GB 256 GB Negro,https://www.fravega.com/p/celular-zte-v80-pro-8-gb-256-gb-negro-782438/,484999.0,449999.0,1,True
FRA-celular-samsung-galaxy-a17-128gb-gris-78,Fravega,SAMSUNG,Smartphones,Celular Samsung Galaxy A17 128GB Gris,https://www.fravega.com/p/celular-samsung-galaxy-a17-128gb-gris-782808/,489999.0,429999.0,1,True
FRA-celular-motorola-edge-70-fusion-8gb-256g,Fravega,MOTOROLA,Smartphones,Celular Motorola Edge 70 Fusion 8GB 256GB,https://www.fravega.com/p/celular-motorola-edge-70-fusion-8gb-256gb-782900/,999999.0,899999.0,1,True
FRA-celular-motorola-edge-70-fusion-8gb-256g,Fravega,MOTOROLA,Smartphones,Celular Motorola Edge 70 Fusion 8GB 256GB,https://www.fravega.com/p/celular-motorola-edge-70-fusion-8gb-256gb-782913/,999999.0,899999.0,1,True
FRA-celular-motorola-g06-4gb-128gb-verde-782,Fravega,MOTOROLA,Smartphones,Celular Motorola G06 4GB 128GB Verde,https://www.fravega.com/p/celular-motorola-g06-4gb-128gb-verde-782567/,259999.0,214875.21,1,True
FRA-celular-samsung-galaxy-a07-64gb-verde-78,Fravega,SAMSUNG,Smartphones,Celular Samsung Galaxy A07 64GB Verde,https://www.fravega.com/p/celular-samsung-galaxy-a07-64gb-verde-782958/,299999.0,247933.0,1,True
FRA-iphone-15-128gb-black-782468,Fravega,OTRAS,Smartphones,iPhone 15 128GB Black,https://www.fravega.com/p/iphone-15-128gb-black-782468/,1749999.0,1446280.17,1,True
FRA-celular-xiaomi-redmi-note-14-pro-256gb-a,Fravega,XIAOMI,Smartphones,Celular Xiaomi Redmi Note 14 Pro 256GB Aurora Purple,https://www.fravega.com/p/celular-xiaomi-redmi-note-14-pro-256gb-aurora-purple-782600/,799999.0,729999.0,1,True
FRA-celular-samsung-galaxy-a16-128-4gb-black,Fravega,SAMSUNG,Smartphones,Celular Samsung Galaxy A16 128/4GB Black,https://www.fravega.com/p/celular-samsung-galaxy-a16-128-4gb-black-990287111/,349999.0,299999.0,1,True
FRA-celular-xiaomi-redmi-14c-4-256gb-midnigh,Fravega,XIAOMI,Smartphones,Celular Xiaomi Redmi 14C 4/256GB Midnight Black,https://www.fravega.com/p/celular-xiaomi-redmi-14c-4-256gb-midnight-black-782596/,399999.0,379999.0,1,True
FRA-celular-motorola-g15-4-gb-256-gb-naranja,Fravega,MOTOROLA,Smartphones,Celular Motorola G15 4 GB 256 GB Naranja,https://www.fravega.com/p/celular-motorola-g15-4-gb-256-gb-naranja-782816/,349999.0,289255.37,1,True
FRA-celular-motorola-edge-70-12gb-512gb-7825,Fravega,MOTOROLA,Smartphones,Celular Motorola EDGE 70 12GB 512GB,https://www.fravega.com/p/celular-motorola-edge-70-12gb-512gb-782528/,1499999.0,1199999.0,1,True
FRA-celular-samsung-galaxy-a57-5g-8gb-256gb-,Fravega,SAMSUNG,Smartphones,Celular Samsung Galaxy A57 5G 8GB 256GB Violeta,https://www.fravega.com/p/celular-samsung-galaxy-a57-5g-8gb-256gb-violeta-783109/,1349999.0,1115701.65,1,True
FRA-celular-motorola-edge-70-pro-12gb-512gb-,Fravega,MOTOROLA,Smartphones,Celular Motorola Edge 70 Pro 12GB 512GB Lily White,https://www.fravega.com/p/celular-motorola-edge-70-pro-12gb-512gb-lily-white-783086/,1699999.0,1499999.0,1,True
FRA-celular-samsung-galaxy-a17-128gb-negro-7,Fravega,SAMSUNG,Smartphones,Celular Samsung Galaxy A17 128GB Negro,https://www.fravega.com/p/celular-samsung-galaxy-a17-128gb-negro-782838/,489999.0,429999.0,1,True
FRA-celular-motorola-g17-4gb-128gb-782866,Fravega,MOTOROLA,Smartphones,Celular Motorola G17 4GB 128GB,https://www.fravega.com/p/celular-motorola-g17-4gb-128gb-782866/,399999.0,299999.0,1,True
FRA-celular-xiaomi-redmi-15c-4gb-128gb-black,Fravega,XIAOMI,Smartphones,Celular Xiaomi Redmi 15C 4GB 128GB Black,https://www.fravega.com/p/celular-xiaomi-redmi-15c-4gb-128gb-black-782956/,399999.0,299999.0,1,True
FRA-celular-zte-a56-pro-4gb-128gb-gray-78245,Fravega,ZTE,Smartphones,Celular ZTE A56 Pro 4GB 128GB Gray,https://www.fravega.com/p/celular-zte-a56-pro-4gb-128gb-gray-782455/,269999.0,229999.0,1,True
FRA-celular-samsung-galaxy-s25-fe-5g-256gb-b,Fravega,SAMSUNG,Smartphones,Celular Samsung Galaxy S25 FE 5G 256GB Blanco,https://www.fravega.com/p/celular-samsung-galaxy-s25-fe-5g-256gb-blanco-782716/,1799999.0,1599999.0,1,True
FRA-celular-motorola-g06-nfc-4gb-64gb-naranj,Fravega,MOTOROLA,Smartphones,Celular Motorola G06 NFC 4GB 64GB Naranja,https://www.fravega.com/p/celular-motorola-g06-nfc-4gb-64gb-naranja-783095/,259999.0,199999.0,1,True
FRA-celular-nubia-music-2-4gb-128gb-auricula,Fravega,OTRAS,Smartphones,Celular Nubia Music 2 4GB 128GB + Auriculares I66SE WHITE,https://www.fravega.com/p/celular-nubia-music-2-4gb-128gb-auriculares-i66se-white-782671/,289999.0,239999.0,1,True
FRA-celular-moto-g17-4-256gb-bordeaux-990297,Fravega,OTRAS,Smartphones,Celular Moto G17 4+256GB Bordeaux,https://www.fravega.com/p/celular-moto-g17-4-256gb-bordeaux-990297791/,462856.0,323999.0,1,True
FRA-celular-xiaomi-redmi-note-15-8gb-256gb-b,Fravega,XIAOMI,Smartphones,Celular Xiaomi Redmi Note 15 8GB 256GB Black,https://www.fravega.com/p/celular-xiaomi-redmi-note-15-8gb-256gb-black-782936/,749999.0,599999.0,1,True
FRA-celular-motorola-razr-fold-16gb-1tb-blac,Fravega,MOTOROLA,Smartphones,Celular Motorola Razr Fold 16GB 1TB Blackened,https://www.fravega.com/p/celular-motorola-razr-fold-16gb-1tb-blackened-783100/,3699999.0,2799999.0,1,True
FRA-celular-zte-blade-v80-max-4gb-256gb-blac,Fravega,ZTE,Smartphones,Celular ZTE Blade V80 Max 4GB 256GB Black,https://www.fravega.com/p/celular-zte-blade-v80-max-4gb-256gb-black-783239/,449999.0,329999.0,1,True
FRA-celular-motorola-moto-g04s-4gb-64gb-sunr,Fravega,MOTOROLA,Smartphones,Celular Motorola Moto G04s 4GB 64GB Sunrise Orange PB380015AR,https://www.fravega.com/p/celular-motorola-moto-g04s-4gb-64gb-sunrise-orange-pb380015ar-990295649/,314599.0,246998.99,1,True
FRA-celular-samsung-galaxy-s25-fe-5g-256gb-j,Fravega,SAMSUNG,Smartphones,Celular Samsung Galaxy S25 FE 5G 256GB Jet Black,https://www.fravega.com/p/celular-samsung-galaxy-s25-fe-5g-256gb-jet-black-782880/,1799999.0,1599999.0,1,True
FRA-celular-nubia-neo-3-gt-5g-256gb-grey-782,Fravega,OTRAS,Smartphones,Celular Nubia Neo 3 GT 5G 256GB Grey,https://www.fravega.com/p/celular-nubia-neo-3-gt-5g-256gb-grey-782579/,689999.0,619999.0,1,True
FRA-celular-xiaomi-redmi-15c-4gb-128gb-blue-,Fravega,XIAOMI,Smartphones,Celular Xiaomi Redmi 15C 4GB 128GB Blue,https://www.fravega.com/p/celular-xiaomi-redmi-15c-4gb-128gb-blue-782955/,399999.0,299999.0,1,True
FRA-celular-zte-a56-pro-4gb-128gb-gold-78244,Fravega,ZTE,Smartphones,Celular ZTE A56 Pro 4GB 128GB Gold,https://www.fravega.com/p/celular-zte-a56-pro-4gb-128gb-gold-782442/,269999.0,229999.0,1,True
FRA-celular-moto-motorola-g24-power-128-8gb-,Fravega,MOTOROLA,Smartphones,Celular Moto Motorola G24 Power 128/8GB Celeste,https://www.fravega.com/p/celular-moto-motorola-g24-power-128-8gb-celeste-990190458/,499998.0,299999.0,1,True
FRA-celular-samsung-galaxy-a16-lte-4gb-128gb,Fravega,SAMSUNG,Smartphones,Celular Samsung Galaxy A16 LTE 4GB 128GB Gris,https://www.fravega.com/p/celular-samsung-galaxy-a16-lte-4gb-128gb-gris-782877/,469999.0,279999.0,1,True
FRA-celular-motorola-gmax-8gb-256gb-blue-ato,Fravega,MOTOROLA,Smartphones,Celular Motorola GMAX 8GB 256GB Blue Atoll,https://www.fravega.com/p/celular-motorola-gmax-8gb-256gb-blue-atoll-783082/,899999.0,799999.0,1,True
FRA-celular-xiaomi-redmi-note-15-pro-5g-8gb-,Fravega,XIAOMI,Smartphones,Celular Xiaomi Redmi Note 15 Pro 5G 8GB 512GB Black,https://www.fravega.com/p/celular-xiaomi-redmi-note-15-pro-5g-8gb-512gb-black-782932/,1199999.0,899999.0,1,True
FRA-celular-zte-v80-pro-8-gb-256-gb-negro-78,Fravega,ZTE,Smartphones,Celular ZTE V80 PRO 8 GB 256 GB Negro,https://www.fravega.com/p/celular-zte-v80-pro-8-gb-256-gb-negro-782438/,484999.0,449999.0,1,True
FRA-celular-xiaomi-redmi-note-14-pro-256gb-o,Fravega,XIAOMI,Smartphones,Celular Xiaomi Redmi Note 14 Pro 256GB Ocean Blue,https://www.fravega.com/p/celular-xiaomi-redmi-note-14-pro-256gb-ocean-blue-782632/,799999.0,729999.0,1,True
FRA-celular-motorola-edge-70-pro-12gb-512gb-,Fravega,MOTOROLA,Smartphones,Celular Motorola Edge 70 Pro 12GB 512GB Lily Titan,https://www.fravega.com/p/celular-motorola-edge-70-pro-12gb-512gb-lily-titan-783087/,1699999.0,1499999.0,1,True
FRA-celular-motorola-edge-70-12gb-512gb-7824,Fravega,MOTOROLA,Smartphones,Celular Motorola EDGE 70 12GB 512GB,https://www.fravega.com/p/celular-motorola-edge-70-12gb-512gb-782437/,1499999.0,1199999.0,1,True
FRA-celular-samsung-galaxy-a37-5g-8gb-256gb-,Fravega,SAMSUNG,Smartphones,Celular Samsung Galaxy A37 5G 8GB 256GB Gris,https://www.fravega.com/p/celular-samsung-galaxy-a37-5g-8gb-256gb-gris-783024/,1149999.0,899999.0,1,True
FRA-celular-samsung-galaxy-a37-5g-8gb-256gb-,Fravega,SAMSUNG,Smartphones,Celular Samsung Galaxy A37 5G 8GB 256GB Violeta,https://www.fravega.com/p/celular-samsung-galaxy-a37-5g-8gb-256gb-violeta-783103/,1149999.0,899999.0,1,True
FRA-celular-samsung-galaxy-a57-5g-8gb-256gb-,Fravega,SAMSUNG,Smartphones,Celular Samsung Galaxy A57 5G 8GB 256GB Gris,https://www.fravega.com/p/celular-samsung-galaxy-a57-5g-8gb-256gb-gris-783021/,1349999.0,1115701.65,1,True
FRA-celular-motorola-g06-nfc-4gb-64gb-azul-7,Fravega,MOTOROLA,Smartphones,Celular Motorola G06 NFC 4GB 64GB Azul,https://www.fravega.com/p/celular-motorola-g06-nfc-4gb-64gb-azul-783096/,259999.0,199999.0,1,True
FRA-celular-moto-g17-4-256gb-alaskan-blue-99,Fravega,OTRAS,Smartphones,Celular Moto G17 4+256GB Alaskan Blue,https://www.fravega.com/p/celular-moto-g17-4-256gb-alaskan-blue-990297861/,417141.0,291999.0,1,True
FRA-celular-moto-g17-4-128gb-evening-blue-99,Fravega,OTRAS,Smartphones,Celular Moto G17 4+128GB Evening Blue,https://www.fravega.com/p/celular-moto-g17-4-128gb-evening-blue-990297863/,328570.0,229999.0,1,True
FRA-celular-motorola-g67-4gb-256gb-782665,Fravega,MOTOROLA,Smartphones,Celular Motorola G67 4GB 256GB,https://www.fravega.com/p/celular-motorola-g67-4gb-256gb-782665/,699999.0,549999.0,1,True
FRA-motorola-moto-g77-256gb-8gb-shaded-spruc,Fravega,MOTOROLA,Smartphones,Motorola Moto G77 256gb 8gb Shaded Spruce,https://www.fravega.com/p/motorola-moto-g77-256gb-8gb-shaded-spruce-22894084/,958348.14,636439.0,1,True
FRA-celular-samsung-galaxy-a17-128gb-negro-7,Fravega,SAMSUNG,Smartphones,Celular Samsung Galaxy A17 128GB Negro,https://www.fravega.com/p/celular-samsung-galaxy-a17-128gb-negro-782838/,489999.0,429999.0,1,True
FRA-celular-motorola-g17-4gb-128gb-782866,Fravega,MOTOROLA,Smartphones,Celular Motorola G17 4GB 128GB,https://www.fravega.com/p/celular-motorola-g17-4gb-128gb-782866/,399999.0,299999.0,1,True
FRA-celular-xiaomi-redmi-15c-4gb-128gb-black,Fravega,XIAOMI,Smartphones,Celular Xiaomi Redmi 15C 4GB 128GB Black,https://www.fravega.com/p/celular-xiaomi-redmi-15c-4gb-128gb-black-782956/,399999.0,299999.0,1,True
FRA-celular-zte-a56-pro-4gb-128gb-gray-78245,Fravega,ZTE,Smartphones,Celular ZTE A56 Pro 4GB 128GB Gray,https://www.fravega.com/p/celular-zte-a56-pro-4gb-128gb-gray-782455/,269999.0,229999.0,1,True
FRA-celular-samsung-galaxy-s25-fe-5g-256gb-b,Fravega,SAMSUNG,Smartphones,Celular Samsung Galaxy S25 FE 5G 256GB Blanco,https://www.fravega.com/p/celular-samsung-galaxy-s25-fe-5g-256gb-blanco-782716/,1799999.0,1599999.0,1,True
FRA-celular-motorola-g06-nfc-4gb-64gb-naranj,Fravega,MOTOROLA,Smartphones,Celular Motorola G06 NFC 4GB 64GB Naranja,https://www.fravega.com/p/celular-motorola-g06-nfc-4gb-64gb-naranja-783095/,259999.0,199999.0,1,True
FRA-celular-nubia-music-2-4gb-128gb-auricula,Fravega,OTRAS,Smartphones,Celular Nubia Music 2 4GB 128GB + Auriculares I66SE WHITE,https://www.fravega.com/p/celular-nubia-music-2-4gb-128gb-auriculares-i66se-white-782671/,289999.0,239999.0,1,True
FRA-celular-moto-g17-4-256gb-bordeaux-990297,Fravega,OTRAS,Smartphones,Celular Moto G17 4+256GB Bordeaux,https://www.fravega.com/p/celular-moto-g17-4-256gb-bordeaux-990297791/,462856.0,323999.0,1,True
FRA-celular-xiaomi-redmi-note-15-8gb-256gb-b,Fravega,XIAOMI,Smartphones,Celular Xiaomi Redmi Note 15 8GB 256GB Black,https://www.fravega.com/p/celular-xiaomi-redmi-note-15-8gb-256gb-black-782936/,749999.0,599999.0,1,True
FRA-celular-motorola-razr-fold-16gb-1tb-blac,Fravega,MOTOROLA,Smartphones,Celular Motorola Razr Fold 16GB 1TB Blackened,https://www.fravega.com/p/celular-motorola-razr-fold-16gb-1tb-blackened-783100/,3699999.0,2799999.0,1,True
FRA-celular-zte-blade-v80-max-4gb-256gb-blac,Fravega,ZTE,Smartphones,Celular ZTE Blade V80 Max 4GB 256GB Black,https://www.fravega.com/p/celular-zte-blade-v80-max-4gb-256gb-black-783239/,449999.0,329999.0,1,True
FRA-celular-motorola-moto-g04s-4gb-64gb-sunr,Fravega,MOTOROLA,Smartphones,Celular Motorola Moto G04s 4GB 64GB Sunrise Orange PB380015AR,https://www.fravega.com/p/celular-motorola-moto-g04s-4gb-64gb-sunrise-orange-pb380015ar-990295649/,314599.0,246998.99,1,True
FRA-celular-samsung-galaxy-s25-fe-5g-256gb-j,Fravega,SAMSUNG,Smartphones,Celular Samsung Galaxy S25 FE 5G 256GB Jet Black,https://www.fravega.com/p/celular-samsung-galaxy-s25-fe-5g-256gb-jet-black-782880/,1799999.0,1599999.0,1,True
FRA-celular-nubia-neo-3-gt-5g-256gb-grey-782,Fravega,OTRAS,Smartphones,Celular Nubia Neo 3 GT 5G 256GB Grey,https://www.fravega.com/p/celular-nubia-neo-3-gt-5g-256gb-grey-782579/,689999.0,619999.0,1,True
FRA-celular-xiaomi-redmi-15c-4gb-128gb-blue-,Fravega,XIAOMI,Smartphones,Celular Xiaomi Redmi 15C 4GB 128GB Blue,https://www.fravega.com/p/celular-xiaomi-redmi-15c-4gb-128gb-blue-782955/,399999.0,299999.0,1,True
FRA-celular-zte-a56-pro-4gb-128gb-gold-78244,Fravega,ZTE,Smartphones,Celular ZTE A56 Pro 4GB 128GB Gold,https://www.fravega.com/p/celular-zte-a56-pro-4gb-128gb-gold-782442/,269999.0,229999.0,1,True
FRA-celular-moto-motorola-g24-power-128-8gb-,Fravega,MOTOROLA,Smartphones,Celular Moto Motorola G24 Power 128/8GB Celeste,https://www.fravega.com/p/celular-moto-motorola-g24-power-128-8gb-celeste-990190458/,499998.0,299999.0,1,True
FRA-celular-samsung-galaxy-a16-lte-4gb-128gb,Fravega,SAMSUNG,Smartphones,Celular Samsung Galaxy A16 LTE 4GB 128GB Gris,https://www.fravega.com/p/celular-samsung-galaxy-a16-lte-4gb-128gb-gris-782877/,469999.0,279999.0,1,True
FRA-celular-motorola-gmax-8gb-256gb-blue-ato,Fravega,MOTOROLA,Smartphones,Celular Motorola GMAX 8GB 256GB Blue Atoll,https://www.fravega.com/p/celular-motorola-gmax-8gb-256gb-blue-atoll-783082/,899999.0,799999.0,1,True
FRA-celular-xiaomi-redmi-note-15-pro-5g-8gb-,Fravega,XIAOMI,Smartphones,Celular Xiaomi Redmi Note 15 Pro 5G 8GB 512GB Black,https://www.fravega.com/p/celular-xiaomi-redmi-note-15-pro-5g-8gb-512gb-black-782932/,1199999.0,899999.0,1,True
FRA-celular-zte-v80-pro-8-gb-256-gb-negro-78,Fravega,ZTE,Smartphones,Celular ZTE V80 PRO 8 GB 256 GB Negro,https://www.fravega.com/p/celular-zte-v80-pro-8-gb-256-gb-negro-782438/,484999.0,449999.0,1,True
FRA-motorola-moto-g77-256gb-8gb-shaded-spruc,Fravega,MOTOROLA,Smartphones,Motorola Moto G77 256gb 8gb Shaded Spruce,https://www.fravega.com/p/motorola-moto-g77-256gb-8gb-shaded-spruce-22894084/,958348.14,636439.0,1,True
FRA-celular-tcl-60r-5g-4gb-128gb-gray-782523,Fravega,TCL,Smartphones,Celular TCL 60R 5G 4GB 128GB Gray,https://www.fravega.com/p/celular-tcl-60r-5g-4gb-128gb-gray-782523/,309999.0,259999.0,1,True
FRA-celular-xiaomi-redmi-note-15-pro-8gb-256,Fravega,XIAOMI,Smartphones,Celular Xiaomi Redmi Note 15 Pro 8GB 256GB Black,https://www.fravega.com/p/celular-xiaomi-redmi-note-15-pro-8gb-256gb-black-782927/,899999.0,769999.0,1,True
FRA-celular-nubia-focus-2-5g-black-8gb-256gb,Fravega,OTRAS,Smartphones,Celular Nubia Focus 2 5G Black 8GB 256GB,https://www.fravega.com/p/celular-nubia-focus-2-5g-black-8gb-256gb-782724/,449999.0,371900.0,1,True
FRA-celular-samsung-galaxy-a56-5g-256gb-grap,Fravega,SAMSUNG,Smartphones,Celular Samsung Galaxy A56 5G 256GB Graphite,https://www.fravega.com/p/celular-samsung-galaxy-a56-5g-256gb-graphite-782762/,1199999.0,991734.71,1,True
FRA-celular-motorola-g06-4gb-128gb-azul-7825,Fravega,MOTOROLA,Smartphones,Celular Motorola G06 4GB 128GB Azul,https://www.fravega.com/p/celular-motorola-g06-4gb-128gb-azul-782565/,259999.0,214875.21,1,True
FRA-celular-motorola-g47-4gb-128gb-impenetra,Fravega,MOTOROLA,Smartphones,Celular Motorola G47 4GB 128GB Impenetrable,https://www.fravega.com/p/celular-motorola-g47-4gb-128gb-impenetrable-783081/,549999.0,449999.0,1,True
FRA-celular-samsung-galaxy-s25-ultra-512gb-t,Fravega,SAMSUNG,Smartphones,Celular Samsung Galaxy S25 Ultra 512GB Titanium Black,https://www.fravega.com/p/celular-samsung-galaxy-s25-ultra-512gb-titanium-black-783019/,2999999.0,2479338.02,1,True
FRA-iphone-17-256gb-negro-783324,Fravega,OTRAS,Smartphones,iPhone 17 256GB Negro,https://www.fravega.com/p/iphone-17-256gb-negro-783324/,2549999.0,1802374.19,1,True
FRA-celular-sky-f4c-rojo-4g-bluetooth-radio-,Fravega,OTRAS,Smartphones,Celular Sky F4c Rojo 4g Bluetooth Radio Camara 0.8mp,https://www.fravega.com/p/celular-sky-f4c-rojo-4g-bluetooth-radio-camara-0-8mp-990245856/,92856.0,64999.0,1,True
FRA-celular-samsung-galaxy-a27-5g-8gb-256gb-,Fravega,SAMSUNG,Smartphones,Celular Samsung Galaxy A27 5G 8GB 256GB Negro,https://www.fravega.com/p/celular-samsung-galaxy-a27-5g-8gb-256gb-negro-782807/,999999.0,826445.45,1,True
FRA-celular-motorola-g47-4gb-128gb-fuchsia-r,Fravega,MOTOROLA,Smartphones,Celular Motorola G47 4GB 128GB Fuchsia Red,https://www.fravega.com/p/celular-motorola-g47-4gb-128gb-fuchsia-red-783080/,549999.0,449999.0,1,True
FRA-celular-samsung-galaxy-a17-128gb-negro-7,Fravega,SAMSUNG,Smartphones,Celular Samsung Galaxy A17 128GB Negro,https://www.fravega.com/p/celular-samsung-galaxy-a17-128gb-negro-782838/,489999.0,429999.0,1,True
FRA-celular-motorola-g17-4gb-128gb-782866,Fravega,MOTOROLA,Smartphones,Celular Motorola G17 4GB 128GB,https://www.fravega.com/p/celular-motorola-g17-4gb-128gb-782866/,399999.0,299999.0,1,True
FRA-celular-xiaomi-redmi-15c-4gb-128gb-black,Fravega,XIAOMI,Smartphones,Celular Xiaomi Redmi 15C 4GB 128GB Black,https://www.fravega.com/p/celular-xiaomi-redmi-15c-4gb-128gb-black-782956/,399999.0,299999.0,1,True
FRA-celular-zte-a56-pro-4gb-128gb-gray-78245,Fravega,ZTE,Smartphones,Celular ZTE A56 Pro 4GB 128GB Gray,https://www.fravega.com/p/celular-zte-a56-pro-4gb-128gb-gray-782455/,269999.0,229999.0,1,True
FRA-celular-samsung-galaxy-s25-fe-5g-256gb-b,Fravega,SAMSUNG,Smartphones,Celular Samsung Galaxy S25 FE 5G 256GB Blanco,https://www.fravega.com/p/celular-samsung-galaxy-s25-fe-5g-256gb-blanco-782716/,1799999.0,1599999.0,1,True
FRA-celular-motorola-g06-nfc-4gb-64gb-naranj,Fravega,MOTOROLA,Smartphones,Celular Motorola G06 NFC 4GB 64GB Naranja,https://www.fravega.com/p/celular-motorola-g06-nfc-4gb-64gb-naranja-783095/,259999.0,199999.0,1,True
FRA-celular-nubia-music-2-4gb-128gb-auricula,Fravega,OTRAS,Smartphones,Celular Nubia Music 2 4GB 128GB + Auriculares I66SE WHITE,https://www.fravega.com/p/celular-nubia-music-2-4gb-128gb-auriculares-i66se-white-782671/,289999.0,239999.0,1,True
FRA-celular-moto-g17-4-256gb-bordeaux-990297,Fravega,OTRAS,Smartphones,Celular Moto G17 4+256GB Bordeaux,https://www.fravega.com/p/celular-moto-g17-4-256gb-bordeaux-990297791/,462856.0,323999.0,1,True
FRA-celular-xiaomi-redmi-note-15-8gb-256gb-b,Fravega,XIAOMI,Smartphones,Celular Xiaomi Redmi Note 15 8GB 256GB Black,https://www.fravega.com/p/celular-xiaomi-redmi-note-15-8gb-256gb-black-782936/,749999.0,599999.0,1,True
FRA-celular-motorola-razr-fold-16gb-1tb-blac,Fravega,MOTOROLA,Smartphones,Celular Motorola Razr Fold 16GB 1TB Blackened,https://www.fravega.com/p/celular-motorola-razr-fold-16gb-1tb-blackened-783100/,3699999.0,2799999.0,1,True
FRA-celular-zte-blade-v80-max-4gb-256gb-blac,Fravega,ZTE,Smartphones,Celular ZTE Blade V80 Max 4GB 256GB Black,https://www.fravega.com/p/celular-zte-blade-v80-max-4gb-256gb-black-783239/,449999.0,329999.0,1,True
FRA-celular-motorola-moto-g04s-4gb-64gb-sunr,Fravega,MOTOROLA,Smartphones,Celular Motorola Moto G04s 4GB 64GB Sunrise Orange PB380015AR,https://www.fravega.com/p/celular-motorola-moto-g04s-4gb-64gb-sunrise-orange-pb380015ar-990295649/,314599.0,246998.99,1,True
FRA-celular-samsung-galaxy-s25-fe-5g-256gb-j,Fravega,SAMSUNG,Smartphones,Celular Samsung Galaxy S25 FE 5G 256GB Jet Black,https://www.fravega.com/p/celular-samsung-galaxy-s25-fe-5g-256gb-jet-black-782880/,1799999.0,1599999.0,1,True
FRA-celular-nubia-neo-3-gt-5g-256gb-grey-782,Fravega,OTRAS,Smartphones,Celular Nubia Neo 3 GT 5G 256GB Grey,https://www.fravega.com/p/celular-nubia-neo-3-gt-5g-256gb-grey-782579/,689999.0,619999.0,1,True
FRA-celular-xiaomi-redmi-15c-4gb-128gb-blue-,Fravega,XIAOMI,Smartphones,Celular Xiaomi Redmi 15C 4GB 128GB Blue,https://www.fravega.com/p/celular-xiaomi-redmi-15c-4gb-128gb-blue-782955/,399999.0,299999.0,1,True
FRA-celular-zte-a56-pro-4gb-128gb-gold-78244,Fravega,ZTE,Smartphones,Celular ZTE A56 Pro 4GB 128GB Gold,https://www.fravega.com/p/celular-zte-a56-pro-4gb-128gb-gold-782442/,269999.0,229999.0,1,True
FRA-celular-moto-motorola-g24-power-128-8gb-,Fravega,MOTOROLA,Smartphones,Celular Moto Motorola G24 Power 128/8GB Celeste,https://www.fravega.com/p/celular-moto-motorola-g24-power-128-8gb-celeste-990190458/,499998.0,299999.0,1,True
FRA-celular-samsung-galaxy-a16-lte-4gb-128gb,Fravega,SAMSUNG,Smartphones,Celular Samsung Galaxy A16 LTE 4GB 128GB Gris,https://www.fravega.com/p/celular-samsung-galaxy-a16-lte-4gb-128gb-gris-782877/,469999.0,279999.0,1,True
FRA-celular-motorola-gmax-8gb-256gb-blue-ato,Fravega,MOTOROLA,Smartphones,Celular Motorola GMAX 8GB 256GB Blue Atoll,https://www.fravega.com/p/celular-motorola-gmax-8gb-256gb-blue-atoll-783082/,899999.0,799999.0,1,True
FRA-celular-xiaomi-redmi-note-15-pro-5g-8gb-,Fravega,XIAOMI,Smartphones,Celular Xiaomi Redmi Note 15 Pro 5G 8GB 512GB Black,https://www.fravega.com/p/celular-xiaomi-redmi-note-15-pro-5g-8gb-512gb-black-782932/,1199999.0,899999.0,1,True
FRA-celular-zte-v80-pro-8-gb-256-gb-negro-78,Fravega,ZTE,Smartphones,Celular ZTE V80 PRO 8 GB 256 GB Negro,https://www.fravega.com/p/celular-zte-v80-pro-8-gb-256-gb-negro-782438/,484999.0,449999.0,1,True
FRA-iphone-17-pro-max-256gb-plata-782749,Fravega,OTRAS,Smartphones,iPhone 17 Pro Max 256GB Plata,https://www.fravega.com/p/iphone-17-pro-max-256gb-plata-782749/,3799999.0,2685891.0,1,True
FRA-celular-xiaomi-redmi-note-14-pro-256gb-m,Fravega,XIAOMI,Smartphones,Celular Xiaomi Redmi Note 14 Pro 256GB Midnight Black,https://www.fravega.com/p/celular-xiaomi-redmi-note-14-pro-256gb-midnight-black-782667/,799999.0,729999.0,1,True
FRA-celular-tcl-605-4gb-128gb-negro-782748,Fravega,TCL,Smartphones,Celular TCL 605 4GB 128GB Negro,https://www.fravega.com/p/celular-tcl-605-4gb-128gb-negro-782748/,249999.0,206610.74,1,True
FRA-celular-motorola-razr-70-8gb-256gb-viole,Fravega,MOTOROLA,Smartphones,Celular Motorola Razr 70 8GB 256GB Violet Ice,https://www.fravega.com/p/celular-motorola-razr-70-8gb-256gb-violet-ice-783090/,1799999.0,1299999.0,1,True
FRA-celular-nubia-music-2-pop-art-4gb-128gb-,Fravega,OTRAS,Smartphones,Celular Nubia Music 2 Pop Art 4GB 128GB,https://www.fravega.com/p/celular-nubia-music-2-pop-art-4gb-128gb-782723/,289999.0,239999.0,1,True
FRA-celular-sky-flip-4g-64mb-128mb-bluetooth,Fravega,OTRAS,Smartphones,Celular Sky Flip 4G 64MB 128MB Bluetooth Azul,https://www.fravega.com/p/celular-sky-flip-4g-64mb-128mb-bluetooth-azul-990245881/,95713.0,66999.0,1,True
FRA-celular-samsung-galaxy-a57-5g-8gb-256gb-,Fravega,SAMSUNG,Smartphones,Celular Samsung Galaxy A57 5G 8GB 256GB Gris,https://www.fravega.com/p/celular-samsung-galaxy-a57-5g-8gb-256gb-gris-783108/,1349999.0,1115701.65,1,True
FRA-celular-tcl-k70-4gb-128gb-tpu-case-afa-7,Fravega,TCL,Smartphones,Celular TCL K70 4GB 128GB + TPU Case AFA,https://www.fravega.com/p/celular-tcl-k70-4gb-128gb-tpu-case-afa-783053/,319999.0,229999.0,1,True
FRA-celular-motorola-g24-128gb-matte-charcoa,Fravega,MOTOROLA,Smartphones,Celular Motorola G24 128GB Matte Charcoal,https://www.fravega.com/p/celular-motorola-g24-128gb-matte-charcoal-782203/,339999.0,280990.91,1,True
FRA-celular-samsung-galaxy-a07-128gb-lila-78,Fravega,SAMSUNG,Smartphones,Celular Samsung Galaxy A07 128GB Lila,https://www.fravega.com/p/celular-samsung-galaxy-a07-128gb-lila-782590/,349999.0,289999.0,1,True
FRA-iphone-17-256gb-blanco-783325,Fravega,OTRAS,Smartphones,iPhone 17 256GB Blanco,https://www.fravega.com/p/iphone-17-256gb-blanco-783325/,2549999.0,1802374.19,1,True
FRA-celular-samsung-s26-ultra-12-gb-512gb-ne,Fravega,SAMSUNG,Smartphones,Celular Samsung S26 Ultra 12 GB 512GB Negro,https://www.fravega.com/p/celular-samsung-s26-ultra-12-gb-512gb-negro-782979/,3699999.0,3057850.41,1,True
FRA-celular-tcl-nxt-paper-70-pro-5g-8gb-256g,Fravega,TCL,Smartphones,Celular TCL NXT Paper 70 Pro 5G 8GB 256GB,https://www.fravega.com/p/celular-tcl-nxt-paper-70-pro-5g-8gb-256gb-783098/,699999.0,599999.0,1,True
FRA-celular-enova-e10-3gbram-32gb-blanco-990,Fravega,OTRAS,Smartphones,Celular Enova E10 3GbRam / 32Gb Blanco,https://www.fravega.com/p/celular-enova-e10-3gbram-32gb-blanco-990297931/,187600.01,131299.0,1,True
FRA-smart-tv-samsung-qled-4k-uhd-65-qn65q6fa,Fravega,SAMSUNG,Televisores,Smart TV Samsung QLED 4K UHD 65” QN65Q6FAAG,https://www.fravega.com/p/smart-tv-samsung-qled-4k-uhd-65-qn65q6faag-503022/,1499999.0,1399999.0,1,True
FRA-smart-tv-samsung-qled-4k-uhd-55-qn55q6fa,Fravega,SAMSUNG,Televisores,Smart TV Samsung QLED 4K UHD 55” QN55Q6FAAG,https://www.fravega.com/p/smart-tv-samsung-qled-4k-uhd-55-qn55q6faag-502993/,949999.0,879999.0,1,True
FRA-smart-tv-samsung-50-led-4k-crystal-uhd-u,Fravega,SAMSUNG,Televisores,"Smart TV Samsung 50"" LED 4K Crystal UHD U8000F",https://www.fravega.com/p/smart-tv-samsung-50-led-4k-crystal-uhd-u8000f-503041/,749999.0,699999.0,1,True
FRA-smart-tv-tcl-65-4k-uhd-led-65v6c-f-googl,Fravega,TCL,Televisores,Smart TV TCL 65” 4K UHD LED 65V6C-F Google TV,https://www.fravega.com/p/smart-tv-tcl-65-4k-uhd-led-65v6c-f-google-tv-503081/,1199999.0,1049999.0,1,True
FRA-smart-tv-samsung-50-led-4k-crystal-uhd-u,Fravega,SAMSUNG,Televisores,"Smart TV Samsung 50"" LED 4K Crystal UHD UN50U8000FGCZB",https://www.fravega.com/p/smart-tv-samsung-50-led-4k-crystal-uhd-un50u8000fgczb-503013/,899999.0,699999.0,1,True
FRA-smart-tv-samsung-full-hd-43-un43f6000fgx,Fravega,SAMSUNG,Televisores,Smart TV Samsung Full HD 43” UN43F6000FGXZB,https://www.fravega.com/p/smart-tv-samsung-full-hd-43-un43f6000fgxzb-503210/,579999.0,479999.0,1,True
FRA-smart-tv-tcl-55-4k-uhd-led-55v6c-google-,Fravega,TCL,Televisores,Smart TV TCL 55” 4K UHD LED 55V6C Google TV,https://www.fravega.com/p/smart-tv-tcl-55-4k-uhd-led-55v6c-google-tv-503060/,799999.0,729999.0,1,True
FRA-smart-tv-40-hisense-hd-led-vidaa-40a42k-,Fravega,HISENSE,Televisores,"Smart TV 40"" Hisense HD LED VIDAA 40A42K",https://www.fravega.com/p/smart-tv-40-hisense-hd-led-vidaa-40a42k-990245181/,536799.0,369999.0,1,True
FRA-smart-tv-led-43-philips-43pfd6910-77-502,Fravega,PHILIPS,Televisores,"Smart TV LED 43"" Philips 43PFD6910/77",https://www.fravega.com/p/smart-tv-led-43-philips-43pfd6910-77-502789/,629999.0,479999.0,1,True
FRA-smart-tv-50-noblex-roku-tv-fhd-db50x3110,Fravega,NOBLEX,Televisores,Smart Tv 50 Noblex Roku Tv Fhd Db50x3110,https://www.fravega.com/p/smart-tv-50-noblex-roku-tv-fhd-db50x3110-990288853/,659999.0,499999.0,1,True
FRA-smart-tv-philips-58-led-4k-uhd-58pud7310,Fravega,PHILIPS,Televisores,Smart TV Philips 58” LED 4K UHD 58PUD7310/77 Google TV WiFi,https://www.fravega.com/p/smart-tv-philips-58-led-4k-uhd-58pud7310-77-google-tv-wifi-503083/,999999.0,889999.0,1,True
FRA-smart-tv-tcl-65-qled-65p8k-b-503027,Fravega,TCL,Televisores,"Smart TV TCL 65"" QLED 65P8K-B",https://www.fravega.com/p/smart-tv-tcl-65-qled-65p8k-b-503027/,1399999.0,1199999.0,1,True
FRA-smart-tv-samsung-hd-32-un32h5000fgc-5030,Fravega,SAMSUNG,Televisores,Smart TV Samsung HD 32” UN32H5000FGC,https://www.fravega.com/p/smart-tv-samsung-hd-32-un32h5000fgc-503033/,379999.0,319999.0,1,True
FRA-smart-tv-samsung-85-qled-4k-q7-tizen-os-,Fravega,SAMSUNG,Televisores,Smart TV Samsung 85” QLED 4K Q7 Tizen OS,https://www.fravega.com/p/smart-tv-samsung-85-qled-4k-q7-tizen-os-502802/,3999999.0,3599999.0,1,True
FRA-smart-tv-philips-qled-4k-55-55pud8250-77,Fravega,PHILIPS,Televisores,Smart TV Philips QLED 4K 55” 55PUD8250/77,https://www.fravega.com/p/smart-tv-philips-qled-4k-55-55pud8250-77-502897/,1299999.0,849999.0,1,True
FRA-smart-tv-tcl-85-qled-4k-uhd-p8k-google-t,Fravega,TCL,Televisores,Smart TV TCL 85” QLED 4K UHD P8K Google TV,https://www.fravega.com/p/smart-tv-tcl-85-qled-4k-uhd-p8k-google-tv-502876/,3199999.0,2999999.0,1,True
FRA-smart-tv-samsung-85-qled-4k-q7-tizen-os-,Fravega,SAMSUNG,Televisores,Smart TV Samsung 85” QLED 4K Q7 Tizen OS,https://www.fravega.com/p/smart-tv-samsung-85-qled-4k-q7-tizen-os-503003/,4249999.0,3599999.0,1,True
FRA-smart-tv-philips-70-4k-uhd-70pud7908-77-,Fravega,PHILIPS,Televisores,"Smart TV Philips 70"" 4K UHD 70PUD7908/77",https://www.fravega.com/p/smart-tv-philips-70-4k-uhd-70pud7908-77-502021/,1949999.0,1699999.0,1,True
FRA-smart-tv-philips-qled-4k-65-65pud8250-77,Fravega,PHILIPS,Televisores,Smart TV Philips QLED 4K 65” 65PUD8250/77,https://www.fravega.com/p/smart-tv-philips-qled-4k-65-65pud8250-77-502912/,1799999.0,1399999.0,1,True
FRA-smart-tv-philco-32-hd-vidaa-pld32hs24vh-,Fravega,PHILCO,Televisores,"Smart TV Philco 32"" HD VIDAA PLD32HS24VH",https://www.fravega.com/p/smart-tv-philco-32-hd-vidaa-pld32hs24vh-990245091/,351999.0,259999.0,1,True
FRA-smart-tv-philips-led-50-4k-uhd-titan-os-,Fravega,PHILIPS,Televisores,Smart TV Philips LED 50” 4K UHD Titan OS 50PUD7309/77,https://www.fravega.com/p/smart-tv-philips-led-50-4k-uhd-titan-os-50pud7309-77-502852/,849999.0,659999.0,1,True
FRA-tv-led-noblex-hd-40-dv40x5100f-502877,Fravega,NOBLEX,Televisores,TV Led Noblex HD 40” DV40X5100F,https://www.fravega.com/p/tv-led-noblex-hd-40-dv40x5100f-502877/,449999.0,379999.0,1,True
FRA-smart-tv-led-32-philips-32phd6910-77-502,Fravega,PHILIPS,Televisores,"Smart TV Led 32"" Philips 32PHD6910/77",https://www.fravega.com/p/smart-tv-led-32-philips-32phd6910-77-502788/,419999.0,309999.0,1,True
FRA-tv-led-32-noblex-vidaa-mickey1dv32v-hd--,Fravega,NOBLEX,Televisores,"TV LED 32"" Noblex Vidaa MICKEY1DV32V HD",https://www.fravega.com/p/tv-led-32-noblex-vidaa-mickey1dv32v-hd--503147/,319999.0,289999.0,1,True
FRA-smart-tv-noblex-4k-50-dv50x6500f--502907,Fravega,NOBLEX,Televisores,"Smart TV Noblex 4K 50"" DV50X6500F",https://www.fravega.com/p/smart-tv-noblex-4k-50-dv50x6500f--502907/,669999.0,549999.0,1,True
FRA-smart-tv-tcl-43-qled-fhd-43s5k-google-tv,Fravega,TCL,Televisores,Smart TV TCL 43” QLED FHD 43S5K Google TV,https://www.fravega.com/p/smart-tv-tcl-43-qled-fhd-43s5k-google-tv-502831/,539999.0,446280.17,1,True
FRA-smart-tv-samsung-hd-32-un32h5000fgc-5030,Fravega,SAMSUNG,Televisores,Smart TV Samsung HD 32” UN32H5000FGC,https://www.fravega.com/p/smart-tv-samsung-hd-32-un32h5000fgc-503063/,379999.0,319999.0,1,True
FRA-smart-tv-samsung-65-led-4k-crystal-uhd-u,Fravega,SAMSUNG,Televisores,"Smart TV Samsung 65"" LED 4K Crystal UHD U8000F",https://www.fravega.com/p/smart-tv-samsung-65-led-4k-crystal-uhd-u8000f-503076/,1299999.0,1199999.0,1,True
FRA-smart-tv-samsung-qled-4k-uhd-65-qn65q6fa,Fravega,SAMSUNG,Televisores,Smart TV Samsung QLED 4K UHD 65” QN65Q6FAAG,https://www.fravega.com/p/smart-tv-samsung-qled-4k-uhd-65-qn65q6faag-503022/,1499999.0,1399999.0,1,True
FRA-smart-tv-samsung-qled-4k-uhd-55-qn55q6fa,Fravega,SAMSUNG,Televisores,Smart TV Samsung QLED 4K UHD 55” QN55Q6FAAG,https://www.fravega.com/p/smart-tv-samsung-qled-4k-uhd-55-qn55q6faag-502993/,949999.0,879999.0,1,True
FRA-smart-tv-samsung-50-led-4k-crystal-uhd-u,Fravega,SAMSUNG,Televisores,"Smart TV Samsung 50"" LED 4K Crystal UHD U8000F",https://www.fravega.com/p/smart-tv-samsung-50-led-4k-crystal-uhd-u8000f-503041/,749999.0,699999.0,1,True
FRA-smart-tv-tcl-65-4k-uhd-led-65v6c-f-googl,Fravega,TCL,Televisores,Smart TV TCL 65” 4K UHD LED 65V6C-F Google TV,https://www.fravega.com/p/smart-tv-tcl-65-4k-uhd-led-65v6c-f-google-tv-503081/,1199999.0,1049999.0,1,True
FRA-smart-tv-samsung-50-led-4k-crystal-uhd-u,Fravega,SAMSUNG,Televisores,"Smart TV Samsung 50"" LED 4K Crystal UHD UN50U8000FGCZB",https://www.fravega.com/p/smart-tv-samsung-50-led-4k-crystal-uhd-un50u8000fgczb-503013/,899999.0,699999.0,1,True
FRA-smart-tv-samsung-full-hd-43-un43f6000fgx,Fravega,SAMSUNG,Televisores,Smart TV Samsung Full HD 43” UN43F6000FGXZB,https://www.fravega.com/p/smart-tv-samsung-full-hd-43-un43f6000fgxzb-503210/,579999.0,479999.0,1,True
FRA-smart-tv-tcl-55-4k-uhd-led-55v6c-google-,Fravega,TCL,Televisores,Smart TV TCL 55” 4K UHD LED 55V6C Google TV,https://www.fravega.com/p/smart-tv-tcl-55-4k-uhd-led-55v6c-google-tv-503060/,799999.0,729999.0,1,True
FRA-smart-tv-40-hisense-hd-led-vidaa-40a42k-,Fravega,HISENSE,Televisores,"Smart TV 40"" Hisense HD LED VIDAA 40A42K",https://www.fravega.com/p/smart-tv-40-hisense-hd-led-vidaa-40a42k-990245181/,536799.0,369999.0,1,True
FRA-smart-tv-led-43-philips-43pfd6910-77-502,Fravega,PHILIPS,Televisores,"Smart TV LED 43"" Philips 43PFD6910/77",https://www.fravega.com/p/smart-tv-led-43-philips-43pfd6910-77-502789/,629999.0,479999.0,1,True
FRA-smart-tv-50-noblex-roku-tv-fhd-db50x3110,Fravega,NOBLEX,Televisores,Smart Tv 50 Noblex Roku Tv Fhd Db50x3110,https://www.fravega.com/p/smart-tv-50-noblex-roku-tv-fhd-db50x3110-990288853/,659999.0,499999.0,1,True
FRA-smart-tv-philips-58-led-4k-uhd-58pud7310,Fravega,PHILIPS,Televisores,Smart TV Philips 58” LED 4K UHD 58PUD7310/77 Google TV WiFi,https://www.fravega.com/p/smart-tv-philips-58-led-4k-uhd-58pud7310-77-google-tv-wifi-503083/,999999.0,889999.0,1,True
FRA-smart-tv-tcl-65-qled-65p8k-b-503027,Fravega,TCL,Televisores,"Smart TV TCL 65"" QLED 65P8K-B",https://www.fravega.com/p/smart-tv-tcl-65-qled-65p8k-b-503027/,1399999.0,1199999.0,1,True
FRA-smart-tv-samsung-hd-32-un32h5000fgc-5030,Fravega,SAMSUNG,Televisores,Smart TV Samsung HD 32” UN32H5000FGC,https://www.fravega.com/p/smart-tv-samsung-hd-32-un32h5000fgc-503033/,379999.0,319999.0,1,True
FRA-smart-tv-samsung-85-qled-4k-q7-tizen-os-,Fravega,SAMSUNG,Televisores,Smart TV Samsung 85” QLED 4K Q7 Tizen OS,https://www.fravega.com/p/smart-tv-samsung-85-qled-4k-q7-tizen-os-502802/,3999999.0,3599999.0,1,True
FRA-smart-tv-philips-qled-4k-55-55pud8250-77,Fravega,PHILIPS,Televisores,Smart TV Philips QLED 4K 55” 55PUD8250/77,https://www.fravega.com/p/smart-tv-philips-qled-4k-55-55pud8250-77-502897/,1299999.0,849999.0,1,True
FRA-smart-tv-tcl-85-qled-4k-uhd-p8k-google-t,Fravega,TCL,Televisores,Smart TV TCL 85” QLED 4K UHD P8K Google TV,https://www.fravega.com/p/smart-tv-tcl-85-qled-4k-uhd-p8k-google-tv-502876/,3199999.0,2999999.0,1,True
FRA-smart-tv-samsung-85-qled-4k-q7-tizen-os-,Fravega,SAMSUNG,Televisores,Smart TV Samsung 85” QLED 4K Q7 Tizen OS,https://www.fravega.com/p/smart-tv-samsung-85-qled-4k-q7-tizen-os-503003/,4249999.0,3599999.0,1,True
FRA-smart-tv-philips-70-4k-uhd-70pud7908-77-,Fravega,PHILIPS,Televisores,"Smart TV Philips 70"" 4K UHD 70PUD7908/77",https://www.fravega.com/p/smart-tv-philips-70-4k-uhd-70pud7908-77-502021/,1949999.0,1699999.0,1,True
FRA-smart-tv-philips-qled-4k-65-65pud8250-77,Fravega,PHILIPS,Televisores,Smart TV Philips QLED 4K 65” 65PUD8250/77,https://www.fravega.com/p/smart-tv-philips-qled-4k-65-65pud8250-77-502912/,1799999.0,1399999.0,1,True
FRA-smart-tv-philco-32-hd-vidaa-pld32hs24vh-,Fravega,PHILCO,Televisores,"Smart TV Philco 32"" HD VIDAA PLD32HS24VH",https://www.fravega.com/p/smart-tv-philco-32-hd-vidaa-pld32hs24vh-990245091/,351999.0,259999.0,1,True
FRA-tv-noblex-75-uhd-4k-led-x8-series-dv75x8,Fravega,NOBLEX,Televisores,TV Noblex 75” UHD 4K LED X8 Series DV75X8580 Google TV,https://www.fravega.com/p/tv-noblex-75-uhd-4k-led-x8-series-dv75x8580-google-tv-502794/,1599999.0,1322313.22,1,True
FRA-smart-tv-tcl-55-qled-55c655-502785,Fravega,TCL,Televisores,Smart TV TCL 55” QLED 55C655,https://www.fravega.com/p/smart-tv-tcl-55-qled-55c655-502785/,949999.0,785123.14,1,True
FRA-smart-tv-mini-led-4k-uhd-55-tcl-55c6k-f-,Fravega,TCL,Televisores,Smart TV Mini LED 4K UHD 55” TCL 55C6K-F,https://www.fravega.com/p/smart-tv-mini-led-4k-uhd-55-tcl-55c6k-f-503079/,1299999.0,1074379.34,1,True
FRA-tv-led-32-tcl-32s5k-fhd-qled-502997,Fravega,TCL,Televisores,"TV LED 32"" TCL 32S5K FHD QLED",https://www.fravega.com/p/tv-led-32-tcl-32s5k-fhd-qled-502997/,359999.0,297519.83,1,True
FRA-smart-tv-enova-32-led-hd-google-tv-te32h,Fravega,OTRAS,Televisores,"Smart TV enova 32"" LED HD Google TV TE32HG11",https://www.fravega.com/p/smart-tv-enova-32-led-hd-google-tv-te32hg11-22699349/,399998.75,309999.0,1,True
FRA-smart-tv-noblex-hd-32-dv32x5050f-503188,Fravega,NOBLEX,Televisores,Smart TV Noblex HD 32” DV32X5050F,https://www.fravega.com/p/smart-tv-noblex-hd-32-dv32x5050f-503188/,299999.0,259999.0,1,True
FRA-smart-tv-43-enova-led-full-hd-google-tv-,Fravega,OTRAS,Televisores,Smart Tv 43 Enova Led Full Hd Google Tv,https://www.fravega.com/p/smart-tv-43-enova-led-full-hd-google-tv-22860073/,606248.75,469999.0,1,True
FRA-smart-tv-samsung-75-4k-uhd-qn75qn70fagcz,Fravega,SAMSUNG,Televisores,"Smart TV Samsung 75"" 4K UHD QN75QN70FAGCZB Neo QLED",https://www.fravega.com/p/smart-tv-samsung-75-4k-uhd-qn75qn70fagczb-neo-qled-502817/,4369999.0,3499999.0,1,True
FRA-tv-led-50-noblex-vidaa-marvel1dv50v-uhd-,Fravega,NOBLEX,Televisores,"TV LED 50"" Noblex Vidaa MARVEL1DV50V UHD",https://www.fravega.com/p/tv-led-50-noblex-vidaa-marvel1dv50v-uhd-503146/,669999.0,599999.0,1,True
FRA-smart-tv-samsung-qled-4k-uhd-65-qn65q6fa,Fravega,SAMSUNG,Televisores,Smart TV Samsung QLED 4K UHD 65” QN65Q6FAAG,https://www.fravega.com/p/smart-tv-samsung-qled-4k-uhd-65-qn65q6faag-503022/,1499999.0,1399999.0,1,True
FRA-smart-tv-samsung-qled-4k-uhd-55-qn55q6fa,Fravega,SAMSUNG,Televisores,Smart TV Samsung QLED 4K UHD 55” QN55Q6FAAG,https://www.fravega.com/p/smart-tv-samsung-qled-4k-uhd-55-qn55q6faag-502993/,949999.0,879999.0,1,True
FRA-smart-tv-samsung-50-led-4k-crystal-uhd-u,Fravega,SAMSUNG,Televisores,"Smart TV Samsung 50"" LED 4K Crystal UHD U8000F",https://www.fravega.com/p/smart-tv-samsung-50-led-4k-crystal-uhd-u8000f-503041/,749999.0,699999.0,1,True
FRA-smart-tv-tcl-65-4k-uhd-led-65v6c-f-googl,Fravega,TCL,Televisores,Smart TV TCL 65” 4K UHD LED 65V6C-F Google TV,https://www.fravega.com/p/smart-tv-tcl-65-4k-uhd-led-65v6c-f-google-tv-503081/,1199999.0,1049999.0,1,True
FRA-smart-tv-samsung-50-led-4k-crystal-uhd-u,Fravega,SAMSUNG,Televisores,"Smart TV Samsung 50"" LED 4K Crystal UHD UN50U8000FGCZB",https://www.fravega.com/p/smart-tv-samsung-50-led-4k-crystal-uhd-un50u8000fgczb-503013/,899999.0,699999.0,1,True
FRA-smart-tv-samsung-full-hd-43-un43f6000fgx,Fravega,SAMSUNG,Televisores,Smart TV Samsung Full HD 43” UN43F6000FGXZB,https://www.fravega.com/p/smart-tv-samsung-full-hd-43-un43f6000fgxzb-503210/,579999.0,479999.0,1,True
FRA-smart-tv-tcl-55-4k-uhd-led-55v6c-google-,Fravega,TCL,Televisores,Smart TV TCL 55” 4K UHD LED 55V6C Google TV,https://www.fravega.com/p/smart-tv-tcl-55-4k-uhd-led-55v6c-google-tv-503060/,799999.0,729999.0,1,True
FRA-smart-tv-40-hisense-hd-led-vidaa-40a42k-,Fravega,HISENSE,Televisores,"Smart TV 40"" Hisense HD LED VIDAA 40A42K",https://www.fravega.com/p/smart-tv-40-hisense-hd-led-vidaa-40a42k-990245181/,536799.0,369999.0,1,True
FRA-smart-tv-led-43-philips-43pfd6910-77-502,Fravega,PHILIPS,Televisores,"Smart TV LED 43"" Philips 43PFD6910/77",https://www.fravega.com/p/smart-tv-led-43-philips-43pfd6910-77-502789/,629999.0,479999.0,1,True
FRA-smart-tv-50-noblex-roku-tv-fhd-db50x3110,Fravega,NOBLEX,Televisores,Smart Tv 50 Noblex Roku Tv Fhd Db50x3110,https://www.fravega.com/p/smart-tv-50-noblex-roku-tv-fhd-db50x3110-990288853/,659999.0,499999.0,1,True
FRA-smart-tv-philips-58-led-4k-uhd-58pud7310,Fravega,PHILIPS,Televisores,Smart TV Philips 58” LED 4K UHD 58PUD7310/77 Google TV WiFi,https://www.fravega.com/p/smart-tv-philips-58-led-4k-uhd-58pud7310-77-google-tv-wifi-503083/,999999.0,889999.0,1,True
FRA-smart-tv-tcl-65-qled-65p8k-b-503027,Fravega,TCL,Televisores,"Smart TV TCL 65"" QLED 65P8K-B",https://www.fravega.com/p/smart-tv-tcl-65-qled-65p8k-b-503027/,1399999.0,1199999.0,1,True
FRA-smart-tv-samsung-hd-32-un32h5000fgc-5030,Fravega,SAMSUNG,Televisores,Smart TV Samsung HD 32” UN32H5000FGC,https://www.fravega.com/p/smart-tv-samsung-hd-32-un32h5000fgc-503033/,379999.0,319999.0,1,True
FRA-smart-tv-samsung-85-qled-4k-q7-tizen-os-,Fravega,SAMSUNG,Televisores,Smart TV Samsung 85” QLED 4K Q7 Tizen OS,https://www.fravega.com/p/smart-tv-samsung-85-qled-4k-q7-tizen-os-502802/,3999999.0,3599999.0,1,True
FRA-smart-tv-philips-qled-4k-55-55pud8250-77,Fravega,PHILIPS,Televisores,Smart TV Philips QLED 4K 55” 55PUD8250/77,https://www.fravega.com/p/smart-tv-philips-qled-4k-55-55pud8250-77-502897/,1299999.0,849999.0,1,True
FRA-smart-tv-tcl-85-qled-4k-uhd-p8k-google-t,Fravega,TCL,Televisores,Smart TV TCL 85” QLED 4K UHD P8K Google TV,https://www.fravega.com/p/smart-tv-tcl-85-qled-4k-uhd-p8k-google-tv-502876/,3199999.0,2999999.0,1,True
FRA-smart-tv-samsung-85-qled-4k-q7-tizen-os-,Fravega,SAMSUNG,Televisores,Smart TV Samsung 85” QLED 4K Q7 Tizen OS,https://www.fravega.com/p/smart-tv-samsung-85-qled-4k-q7-tizen-os-503003/,4249999.0,3599999.0,1,True
FRA-smart-tv-philips-70-4k-uhd-70pud7908-77-,Fravega,PHILIPS,Televisores,"Smart TV Philips 70"" 4K UHD 70PUD7908/77",https://www.fravega.com/p/smart-tv-philips-70-4k-uhd-70pud7908-77-502021/,1949999.0,1699999.0,1,True
FRA-smart-tv-philips-qled-4k-65-65pud8250-77,Fravega,PHILIPS,Televisores,Smart TV Philips QLED 4K 65” 65PUD8250/77,https://www.fravega.com/p/smart-tv-philips-qled-4k-65-65pud8250-77-502912/,1799999.0,1399999.0,1,True
FRA-smart-tv-philco-32-hd-vidaa-pld32hs24vh-,Fravega,PHILCO,Televisores,"Smart TV Philco 32"" HD VIDAA PLD32HS24VH",https://www.fravega.com/p/smart-tv-philco-32-hd-vidaa-pld32hs24vh-990245091/,351999.0,259999.0,1,True
FRA-smart-tv-philips-65-led-4k-uhd-65pud8100,Fravega,PHILIPS,Televisores,"Smart TV Philips 65"" LED 4K UHD 65PUD8100/77 Ambilight Titan OS WiFi",https://www.fravega.com/p/smart-tv-philips-65-led-4k-uhd-65pud8100-77-ambilight-titan-os-wifi-503084/,1599999.0,1199999.0,1,True
FRA-smart-tv-tcl-full-hd-qled-50-50s5k-f-502,Fravega,TCL,Televisores,Smart TV TCL Full HD QLED 50” 50S5K-F,https://www.fravega.com/p/smart-tv-tcl-full-hd-qled-50-50s5k-f-502700/,699999.0,578511.57,1,True
FRA-smart-tv-tcl-85-4k-mini-led-85c6k-google,Fravega,TCL,Televisores,Smart TV TCL 85” 4K Mini LED 85C6K Google TV-RV,https://www.fravega.com/p/smart-tv-tcl-85-4k-mini-led-85c6k-google-tv-rv-502900/,3499999.0,2892561.16,1,True
FRA-tv-led-philips-55-uhd-55pud7309-77-50279,Fravega,PHILIPS,Televisores,"TV LED Philips 55"" UHD 55PUD7309/77",https://www.fravega.com/p/tv-led-philips-55-uhd-55pud7309-77-502793/,999999.0,749999.0,1,True
FRA-tv-led-65-noblex-vidaa-starwars-uh-50314,Fravega,NOBLEX,Televisores,"TV LED 65"" Noblex Vidaa Starwars UH",https://www.fravega.com/p/tv-led-65-noblex-vidaa-starwars-uh-503148/,1399999.0,1099999.0,1,True
FRA-smart-tv-samsung-qled-4k-uhd-75-qn75q7fa,Fravega,SAMSUNG,Televisores,Smart TV Samsung QLED 4K UHD 75” QN75Q7FAAGCZB,https://www.fravega.com/p/smart-tv-samsung-qled-4k-uhd-75-qn75q7faagczb-503123/,2599999.0,2148759.5,1,True
FRA-smart-tv-philips-75-led-4k-uhd-75pud8100,Fravega,PHILIPS,Televisores,"Smart TV Philips 75"" LED 4K UHD 75PUD8100/77 Ambilight Titan OS WiFi",https://www.fravega.com/p/smart-tv-philips-75-led-4k-uhd-75pud8100-77-ambilight-titan-os-wifi-503085/,2399999.0,1799999.0,1,True
FRA-tv-philips-24-led-hd-24phd5565-77-502091,Fravega,PHILIPS,Televisores,"TV Philips 24"" LED HD 24PHD5565/77",https://www.fravega.com/p/tv-philips-24-led-hd-24phd5565-77-502091/,259999.0,209999.0,1,True
FRA-smart-tv-lg-uhd-ai-75-uhd-4k-procesador-,Fravega,LG,Televisores,"Smart TV LG UHD AI 75"" UHD 4K Procesador Alpha 7 8va Gen con Inteligencia Artificial 75UA8550PSA",https://www.fravega.com/p/smart-tv-lg-uhd-ai-75-uhd-4k-procesador-alpha-7-8va-gen-con-inteligencia-artificial-75ua8550psa-503112/,2099999.0,1735536.0,1,True
FRA-smart-tv-rca-uhd-4k-65-g65p7uhd-503246,Fravega,OTRAS,Televisores,Smart TV RCA UHD 4K 65” G65P7UHD,https://www.fravega.com/p/smart-tv-rca-uhd-4k-65-g65p7uhd-503246/,1199999.0,959999.0,1,True
FRA-smart-tv-samsung-70-crystal-uhd-4k-u8000,Fravega,SAMSUNG,Televisores,"Smart TV Samsung 70"" Crystal UHD 4K U8000H",https://www.fravega.com/p/smart-tv-samsung-70-crystal-uhd-4k-u8000h-22950841/,1763129.0,1763129.0,1,True
FRA-smart-tv-samsung-qled-4k-uhd-65-qn65q6fa,Fravega,SAMSUNG,Televisores,Smart TV Samsung QLED 4K UHD 65” QN65Q6FAAG,https://www.fravega.com/p/smart-tv-samsung-qled-4k-uhd-65-qn65q6faag-503022/,1499999.0,1399999.0,1,True
FRA-smart-tv-samsung-qled-4k-uhd-55-qn55q6fa,Fravega,SAMSUNG,Televisores,Smart TV Samsung QLED 4K UHD 55” QN55Q6FAAG,https://www.fravega.com/p/smart-tv-samsung-qled-4k-uhd-55-qn55q6faag-502993/,949999.0,879999.0,1,True
FRA-smart-tv-samsung-50-led-4k-crystal-uhd-u,Fravega,SAMSUNG,Televisores,"Smart TV Samsung 50"" LED 4K Crystal UHD U8000F",https://www.fravega.com/p/smart-tv-samsung-50-led-4k-crystal-uhd-u8000f-503041/,749999.0,699999.0,1,True
FRA-smart-tv-tcl-65-4k-uhd-led-65v6c-f-googl,Fravega,TCL,Televisores,Smart TV TCL 65” 4K UHD LED 65V6C-F Google TV,https://www.fravega.com/p/smart-tv-tcl-65-4k-uhd-led-65v6c-f-google-tv-503081/,1199999.0,1049999.0,1,True
FRA-smart-tv-samsung-50-led-4k-crystal-uhd-u,Fravega,SAMSUNG,Televisores,"Smart TV Samsung 50"" LED 4K Crystal UHD UN50U8000FGCZB",https://www.fravega.com/p/smart-tv-samsung-50-led-4k-crystal-uhd-un50u8000fgczb-503013/,899999.0,699999.0,1,True
FRA-smart-tv-samsung-full-hd-43-un43f6000fgx,Fravega,SAMSUNG,Televisores,Smart TV Samsung Full HD 43” UN43F6000FGXZB,https://www.fravega.com/p/smart-tv-samsung-full-hd-43-un43f6000fgxzb-503210/,579999.0,479999.0,1,True
FRA-smart-tv-tcl-55-4k-uhd-led-55v6c-google-,Fravega,TCL,Televisores,Smart TV TCL 55” 4K UHD LED 55V6C Google TV,https://www.fravega.com/p/smart-tv-tcl-55-4k-uhd-led-55v6c-google-tv-503060/,799999.0,729999.0,1,True
FRA-smart-tv-40-hisense-hd-led-vidaa-40a42k-,Fravega,HISENSE,Televisores,"Smart TV 40"" Hisense HD LED VIDAA 40A42K",https://www.fravega.com/p/smart-tv-40-hisense-hd-led-vidaa-40a42k-990245181/,536799.0,369999.0,1,True
FRA-smart-tv-led-43-philips-43pfd6910-77-502,Fravega,PHILIPS,Televisores,"Smart TV LED 43"" Philips 43PFD6910/77",https://www.fravega.com/p/smart-tv-led-43-philips-43pfd6910-77-502789/,629999.0,479999.0,1,True
FRA-smart-tv-50-noblex-roku-tv-fhd-db50x3110,Fravega,NOBLEX,Televisores,Smart Tv 50 Noblex Roku Tv Fhd Db50x3110,https://www.fravega.com/p/smart-tv-50-noblex-roku-tv-fhd-db50x3110-990288853/,659999.0,499999.0,1,True
FRA-smart-tv-philips-58-led-4k-uhd-58pud7310,Fravega,PHILIPS,Televisores,Smart TV Philips 58” LED 4K UHD 58PUD7310/77 Google TV WiFi,https://www.fravega.com/p/smart-tv-philips-58-led-4k-uhd-58pud7310-77-google-tv-wifi-503083/,999999.0,889999.0,1,True
FRA-smart-tv-tcl-65-qled-65p8k-b-503027,Fravega,TCL,Televisores,"Smart TV TCL 65"" QLED 65P8K-B",https://www.fravega.com/p/smart-tv-tcl-65-qled-65p8k-b-503027/,1399999.0,1199999.0,1,True
FRA-smart-tv-samsung-hd-32-un32h5000fgc-5030,Fravega,SAMSUNG,Televisores,Smart TV Samsung HD 32” UN32H5000FGC,https://www.fravega.com/p/smart-tv-samsung-hd-32-un32h5000fgc-503033/,379999.0,319999.0,1,True
FRA-smart-tv-samsung-85-qled-4k-q7-tizen-os-,Fravega,SAMSUNG,Televisores,Smart TV Samsung 85” QLED 4K Q7 Tizen OS,https://www.fravega.com/p/smart-tv-samsung-85-qled-4k-q7-tizen-os-502802/,3999999.0,3599999.0,1,True
FRA-smart-tv-philips-qled-4k-55-55pud8250-77,Fravega,PHILIPS,Televisores,Smart TV Philips QLED 4K 55” 55PUD8250/77,https://www.fravega.com/p/smart-tv-philips-qled-4k-55-55pud8250-77-502897/,1299999.0,849999.0,1,True
FRA-smart-tv-tcl-85-qled-4k-uhd-p8k-google-t,Fravega,TCL,Televisores,Smart TV TCL 85” QLED 4K UHD P8K Google TV,https://www.fravega.com/p/smart-tv-tcl-85-qled-4k-uhd-p8k-google-tv-502876/,3199999.0,2999999.0,1,True
FRA-smart-tv-samsung-85-qled-4k-q7-tizen-os-,Fravega,SAMSUNG,Televisores,Smart TV Samsung 85” QLED 4K Q7 Tizen OS,https://www.fravega.com/p/smart-tv-samsung-85-qled-4k-q7-tizen-os-503003/,4249999.0,3599999.0,1,True
FRA-smart-tv-philips-70-4k-uhd-70pud7908-77-,Fravega,PHILIPS,Televisores,"Smart TV Philips 70"" 4K UHD 70PUD7908/77",https://www.fravega.com/p/smart-tv-philips-70-4k-uhd-70pud7908-77-502021/,1949999.0,1699999.0,1,True
FRA-smart-tv-philips-qled-4k-65-65pud8250-77,Fravega,PHILIPS,Televisores,Smart TV Philips QLED 4K 65” 65PUD8250/77,https://www.fravega.com/p/smart-tv-philips-qled-4k-65-65pud8250-77-502912/,1799999.0,1399999.0,1,True
FRA-smart-tv-philco-32-hd-vidaa-pld32hs24vh-,Fravega,PHILCO,Televisores,"Smart TV Philco 32"" HD VIDAA PLD32HS24VH",https://www.fravega.com/p/smart-tv-philco-32-hd-vidaa-pld32hs24vh-990245091/,351999.0,259999.0,1,True
FRA-smart-tv-rca-qled-uhd-4k-55-ql55th300-50,Fravega,OTRAS,Televisores,Smart TV RCA QLED UHD 4K 55” QL55TH300,https://www.fravega.com/p/smart-tv-rca-qled-uhd-4k-55-ql55th300-503247/,949999.0,749999.0,1,True
FRA-smart-tv-samsung-65-4k-uhd-neo-qled-qn65,Fravega,SAMSUNG,Televisores,Smart TV Samsung 65” 4K UHD Neo QLED QN65QN70H,https://www.fravega.com/p/smart-tv-samsung-65-4k-uhd-neo-qled-qn65qn70h--502977/,2379999.0,1809885.17,1,True
FRA-smart-tv-led-fhd-43-bgh-vidaa-b4325fh5-9,Fravega,BGH,Televisores,"Smart TV LED FHD 43"" BGH VIDAA B4325FH5",https://www.fravega.com/p/smart-tv-led-fhd-43-bgh-vidaa-b4325fh5-990247262/,629999.0,540599.0,1,True
FRA-smart-tv-samsung-qled-4k-uhd-75-qn75q7fa,Fravega,SAMSUNG,Televisores,Smart TV Samsung QLED 4k UHD 75” QN75Q7FAAG,https://www.fravega.com/p/smart-tv-samsung-qled-4k-uhd-75-qn75q7faag-502970/,2599999.0,2148760.0,1,True
FRA-tv-led-kanji-hd-24-24mt005-2-503070,Fravega,OTRAS,Televisores,TV LED Kanji HD 24” 24MT005-2,https://www.fravega.com/p/tv-led-kanji-hd-24-24mt005-2-503070/,199999.0,139999.0,1,True
FRA-smart-tv-rca-uhd-4k-75-g75p7uhd-503175,Fravega,OTRAS,Televisores,Smart TV RCA UHD 4K 75” G75P7UHD,https://www.fravega.com/p/smart-tv-rca-uhd-4k-75-g75p7uhd-503175/,1799999.0,1499999.0,1,True
FRA-smart-tv-hyundai-32-hd-android-tv-990288,Fravega,OTRAS,Televisores,"Smart Tv Hyundai 32"" HD Android Tv",https://www.fravega.com/p/smart-tv-hyundai-32-hd-android-tv-990288988/,388888.0,349999.0,1,True
FRA-smart-tv-hisense-70-4k-uhd-70a6n-503182,Fravega,HISENSE,Televisores,"Smart TV Hisense 70"" 4K UHD 70A6N",https://www.fravega.com/p/smart-tv-hisense-70-4k-uhd-70a6n-503182/,1499999.0,1239668.6,1,True
FRA-smart-tv-led-hd-32-bgh-android-b3225s5a-,Fravega,BGH,Televisores,Smart Tv Led Hd 32  Bgh Android B3225s5a,https://www.fravega.com/p/smart-tv-led-hd-32-bgh-android-b3225s5a-990219748/,399999.0,339998.99,1,True
FRA-smart-tv-32-qled-tcl-fhd-32s5k-hdr-10-go,Fravega,TCL,Televisores,Smart Tv 32 Qled Tcl Fhd 32s5k Hdr 10 Google Tv,https://www.fravega.com/p/smart-tv-32-qled-tcl-fhd-32s5k-hdr-10-google-tv-22830606/,417598.84,345123.0,1,True
FRA-smart-tv-samsung-4k-uhd-55-oled-vision-a,Fravega,SAMSUNG,Televisores,"Smart TV Samsung 4K UHD 55"" OLED Vision AI Smart TV QN55S85H",https://www.fravega.com/p/smart-tv-samsung-4k-uhd-55-oled-vision-ai-smart-tv-qn55s85h-502974/,2899999.0,2049758.98,1,True
FRA-smart-tv-samsung-43-crystal-uhd-4k-u8000,Fravega,SAMSUNG,Televisores,Smart TV Samsung 43 Crystal UHD 4K U8000H,https://www.fravega.com/p/smart-tv-samsung-43-crystal-uhd-4k-u8000h-22957689/,808949.0,808949.0,1,True
FRA-smart-tv-samsung-43-full-hd-f6000-230052,Fravega,SAMSUNG,Televisores,"Smart TV Samsung 43"" Full HD F6000",https://www.fravega.com/p/smart-tv-samsung-43-full-hd-f6000-23005214/,552389.0,552389.0,1,True
FRA-smart-tv-lg-43-pulgadas-lr6750psa-ai-ful,Fravega,LG,Televisores,Smart Tv LG 43 Pulgadas LR6750PSA AI Full HD,https://www.fravega.com/p/smart-tv-lg-43-pulgadas-lr6750psa-ai-full-hd-990274748/,611599.0,555999.01,1,True
FRA-smart-tv-samsung-qled-4k-uhd-65-qn65q6fa,Fravega,SAMSUNG,Televisores,Smart TV Samsung QLED 4K UHD 65” QN65Q6FAAG,https://www.fravega.com/p/smart-tv-samsung-qled-4k-uhd-65-qn65q6faag-503022/,1499999.0,1399999.0,1,True
FRA-smart-tv-samsung-qled-4k-uhd-55-qn55q6fa,Fravega,SAMSUNG,Televisores,Smart TV Samsung QLED 4K UHD 55” QN55Q6FAAG,https://www.fravega.com/p/smart-tv-samsung-qled-4k-uhd-55-qn55q6faag-502993/,949999.0,879999.0,1,True
FRA-smart-tv-samsung-50-led-4k-crystal-uhd-u,Fravega,SAMSUNG,Televisores,"Smart TV Samsung 50"" LED 4K Crystal UHD U8000F",https://www.fravega.com/p/smart-tv-samsung-50-led-4k-crystal-uhd-u8000f-503041/,749999.0,699999.0,1,True
FRA-smart-tv-tcl-65-4k-uhd-led-65v6c-f-googl,Fravega,TCL,Televisores,Smart TV TCL 65” 4K UHD LED 65V6C-F Google TV,https://www.fravega.com/p/smart-tv-tcl-65-4k-uhd-led-65v6c-f-google-tv-503081/,1199999.0,1049999.0,1,True
FRA-smart-tv-samsung-50-led-4k-crystal-uhd-u,Fravega,SAMSUNG,Televisores,"Smart TV Samsung 50"" LED 4K Crystal UHD UN50U8000FGCZB",https://www.fravega.com/p/smart-tv-samsung-50-led-4k-crystal-uhd-un50u8000fgczb-503013/,899999.0,699999.0,1,True
FRA-smart-tv-samsung-full-hd-43-un43f6000fgx,Fravega,SAMSUNG,Televisores,Smart TV Samsung Full HD 43” UN43F6000FGXZB,https://www.fravega.com/p/smart-tv-samsung-full-hd-43-un43f6000fgxzb-503210/,579999.0,479999.0,1,True
FRA-smart-tv-tcl-55-4k-uhd-led-55v6c-google-,Fravega,TCL,Televisores,Smart TV TCL 55” 4K UHD LED 55V6C Google TV,https://www.fravega.com/p/smart-tv-tcl-55-4k-uhd-led-55v6c-google-tv-503060/,799999.0,729999.0,1,True
FRA-smart-tv-40-hisense-hd-led-vidaa-40a42k-,Fravega,HISENSE,Televisores,"Smart TV 40"" Hisense HD LED VIDAA 40A42K",https://www.fravega.com/p/smart-tv-40-hisense-hd-led-vidaa-40a42k-990245181/,536799.0,369999.0,1,True
FRA-smart-tv-led-43-philips-43pfd6910-77-502,Fravega,PHILIPS,Televisores,"Smart TV LED 43"" Philips 43PFD6910/77",https://www.fravega.com/p/smart-tv-led-43-philips-43pfd6910-77-502789/,629999.0,479999.0,1,True
FRA-smart-tv-50-noblex-roku-tv-fhd-db50x3110,Fravega,NOBLEX,Televisores,Smart Tv 50 Noblex Roku Tv Fhd Db50x3110,https://www.fravega.com/p/smart-tv-50-noblex-roku-tv-fhd-db50x3110-990288853/,659999.0,499999.0,1,True
FRA-smart-tv-philips-58-led-4k-uhd-58pud7310,Fravega,PHILIPS,Televisores,Smart TV Philips 58” LED 4K UHD 58PUD7310/77 Google TV WiFi,https://www.fravega.com/p/smart-tv-philips-58-led-4k-uhd-58pud7310-77-google-tv-wifi-503083/,999999.0,889999.0,1,True
FRA-smart-tv-tcl-65-qled-65p8k-b-503027,Fravega,TCL,Televisores,"Smart TV TCL 65"" QLED 65P8K-B",https://www.fravega.com/p/smart-tv-tcl-65-qled-65p8k-b-503027/,1399999.0,1199999.0,1,True
FRA-smart-tv-samsung-hd-32-un32h5000fgc-5030,Fravega,SAMSUNG,Televisores,Smart TV Samsung HD 32” UN32H5000FGC,https://www.fravega.com/p/smart-tv-samsung-hd-32-un32h5000fgc-503033/,379999.0,319999.0,1,True
FRA-smart-tv-samsung-85-qled-4k-q7-tizen-os-,Fravega,SAMSUNG,Televisores,Smart TV Samsung 85” QLED 4K Q7 Tizen OS,https://www.fravega.com/p/smart-tv-samsung-85-qled-4k-q7-tizen-os-502802/,3999999.0,3599999.0,1,True
FRA-smart-tv-philips-qled-4k-55-55pud8250-77,Fravega,PHILIPS,Televisores,Smart TV Philips QLED 4K 55” 55PUD8250/77,https://www.fravega.com/p/smart-tv-philips-qled-4k-55-55pud8250-77-502897/,1299999.0,849999.0,1,True
FRA-smart-tv-tcl-85-qled-4k-uhd-p8k-google-t,Fravega,TCL,Televisores,Smart TV TCL 85” QLED 4K UHD P8K Google TV,https://www.fravega.com/p/smart-tv-tcl-85-qled-4k-uhd-p8k-google-tv-502876/,3199999.0,2999999.0,1,True
FRA-smart-tv-samsung-85-qled-4k-q7-tizen-os-,Fravega,SAMSUNG,Televisores,Smart TV Samsung 85” QLED 4K Q7 Tizen OS,https://www.fravega.com/p/smart-tv-samsung-85-qled-4k-q7-tizen-os-503003/,4249999.0,3599999.0,1,True
FRA-smart-tv-philips-70-4k-uhd-70pud7908-77-,Fravega,PHILIPS,Televisores,"Smart TV Philips 70"" 4K UHD 70PUD7908/77",https://www.fravega.com/p/smart-tv-philips-70-4k-uhd-70pud7908-77-502021/,1949999.0,1699999.0,1,True
FRA-smart-tv-philips-qled-4k-65-65pud8250-77,Fravega,PHILIPS,Televisores,Smart TV Philips QLED 4K 65” 65PUD8250/77,https://www.fravega.com/p/smart-tv-philips-qled-4k-65-65pud8250-77-502912/,1799999.0,1399999.0,1,True
FRA-smart-tv-philco-32-hd-vidaa-pld32hs24vh-,Fravega,PHILCO,Televisores,"Smart TV Philco 32"" HD VIDAA PLD32HS24VH",https://www.fravega.com/p/smart-tv-philco-32-hd-vidaa-pld32hs24vh-990245091/,351999.0,259999.0,1,True
FRA-smart-tv-55-qled-4k-philips-titanos-ambi,Fravega,PHILIPS,Televisores,"Smart TV 55"" QLED 4K Philips TitanOS Ambiligth",https://www.fravega.com/p/smart-tv-55-qled-4k-philips-titanos-ambiligth-990275745/,1340784.0,938549.0,1,True
FRA-smart-tv-samsung-55-4k-neo-qled-qn70f-50,Fravega,SAMSUNG,Televisores,"Smart TV Samsung 55"" 4K Neo QLED QN70F",https://www.fravega.com/p/smart-tv-samsung-55-4k-neo-qled-qn70f-502816/,2759999.0,2280990.91,1,True
FRA-smart-tv-samsung-65-4k-uhd-oled-qn65s90h,Fravega,SAMSUNG,Televisores,Smart TV Samsung 65” 4K UHD OLED QN65S90H,https://www.fravega.com/p/smart-tv-samsung-65-4k-uhd-oled-qn65s90h-502987/,4499999.0,3422052.47,1,True
FRA-tv-32-noblex-android-21244167,Fravega,NOBLEX,Televisores,"Tv 32"" Noblex Android",https://www.fravega.com/p/tv-32-noblex-android-21244167/,399999.0,329999.0,1,True
FRA-smart-tv-40-philips-fhd-google-40pfd6920,Fravega,PHILIPS,Televisores,"Smart TV 40"" Philips FHD Google 40PFD6920/77",https://www.fravega.com/p/smart-tv-40-philips-fhd-google-40pfd6920-77-990258450/,656213.0,459349.0,1,True
FRA-smart-tv-75-noblex-4k-google-tv-dv75x858,Fravega,NOBLEX,Televisores,"Smart TV 75"" Noblex 4K Google TV DV75X8580",https://www.fravega.com/p/smart-tv-75-noblex-4k-google-tv-dv75x8580-990263919/,1869999.0,1799999.0,1,True
FRA-smart-tv-tcl-55-pulgadas-4k-uhd-google-t,Fravega,TCL,Televisores,Smart Tv TCL 55 Pulgadas 4K UHD Google Tv 55V6C-F,https://www.fravega.com/p/smart-tv-tcl-55-pulgadas-4k-uhd-google-tv-55v6c-f-990275082/,1249998.0,749998.99,1,True
FRA-smart-tv-hisense-qled-50-uhd-4k-google-t,Fravega,HISENSE,Televisores,Smart TV Hisense Qled 50'' UHD 4K Google Tv 50Q6N,https://www.fravega.com/p/smart-tv-hisense-qled-50-uhd-4k-google-tv-50q6n-990292664/,955899.0,826999.0,1,True
FRA-smart-tv-samsung-55-oled-s85hae-4k-22958,Fravega,SAMSUNG,Televisores,"Smart Tv Samsung 55"" OLED S85HAE 4K",https://www.fravega.com/p/smart-tv-samsung-55-oled-s85hae-4k-22958193/,3180279.0,3180279.0,1,True
FRA-tv-noblex-android-43-serie-x7-21313877,Fravega,NOBLEX,Televisores,"TV Noblex Android 43"" Serie X7",https://www.fravega.com/p/tv-noblex-android-43-serie-x7-21313877/,599999.0,549000.0,1,True
FRA-smart-tv-hisense-qled-100-pulgadas-con-g,Fravega,LG,Televisores,Smart Tv HISENSE Qled 100 Pulgadas con Google - La Magia,https://www.fravega.com/p/smart-tv-hisense-qled-100-pulgadas-con-google-la-magia-22513829/,7990000.0,5599000.0,1,True
FRA-smart-tv-led-32-quint-qt3-32gtv2024-goog,Fravega,OTRAS,Televisores,"Smart Tv Led 32'' Quint Qt3-32gtv2024 Google Tv Wi-fi, Bluetooth y Puertos Hdmi/usb",https://www.fravega.com/p/smart-tv-led-32-quint-qt3-32gtv2024-google-tv-wi-fi-bluetooth-y-puertos-hdmi-usb-22554108/,2599999.0,378158.84,1,True
FRA-smart-tv-qled-65-admiral-ad65g4fn-502963,Fravega,OTRAS,Televisores,"Smart TV QLED 65"" Admiral AD65G4FN",https://www.fravega.com/p/smart-tv-qled-65-admiral-ad65g4fn-502963/,1049999.0,999999.0,1,True
FRA-smart-tv-samsung-oled-4k-77-tizen-os-s90,Fravega,SAMSUNG,Televisores,"Smart TV Samsung OLED 4K 77"" Tizen OS S90D",https://www.fravega.com/p/smart-tv-samsung-oled-4k-77-tizen-os-s90d-503110/,7899999.0,6528924.79,1,True
FRA-notebook-hp-14-intel-core-5-8gb-512gb-om,Fravega,HP,Notebooks,"Notebook HP 14"" Intel Core 5 8GB 512GB OmniBook 3 14-HU0050LA",https://www.fravega.com/p/notebook-hp-14-intel-core-5-8gb-512gb-omnibook-3-14-hu0050la-364858/,2199999.0,1649999.0,1,True
FRA-samsung-galaxy-book-4-15-6-fhd-intel-cor,Fravega,SAMSUNG,Notebooks,"Samsung Galaxy Book 4 15,6” FHD Intel Core i3 8GB 512GB NP750XGJ-KS3AR",https://www.fravega.com/p/samsung-galaxy-book-4-15-6-fhd-intel-core-i3-8gb-512gb-np750xgj-ks3ar-364935/,2299999.0,1599999.0,1,True
FRA-notebook-acer-aspire-go-15-intel-core-i5,Fravega,ACER,Notebooks,Notebook Acer Aspire Go 15 Intel Core i5 16GB 512GB AG15-71P-51VE Verde,https://www.fravega.com/p/notebook-acer-aspire-go-15-intel-core-i5-16gb-512gb-ag15-71p-51ve-verde-364921/,2499999.0,2249999.0,1,True
FRA-notebook-exo-14-intel-n4020-4gb-128gb-em,Fravega,OTRAS,Notebooks,"Notebook Exo 14"" Intel N4020 4GB 128GB eMMC Smart XR2 Windows 11",https://www.fravega.com/p/notebook-exo-14-intel-n4020-4gb-128gb-emmc-smart-xr2-windows-11-364985/,499999.0,349999.0,1,True
FRA-samsung-galaxy-book-4-15-6-fhd-intel-cor,Fravega,SAMSUNG,Notebooks,"Samsung Galaxy Book 4 15,6” FHD Intel Core i7 16GB 1TB NP750XGJ-KS1AR",https://www.fravega.com/p/samsung-galaxy-book-4-15-6-fhd-intel-core-i7-16gb-1tb-np750xgj-ks1ar-365071/,3499999.0,2699999.0,1,True
FRA-notebook-hp-15-6-amd-ryzen-5-8gb-512gb-1,Fravega,HP,Notebooks,"Notebook HP 15,6"" AMD Ryzen 5 8GB 512GB 15-FC0251LA + Mochila",https://www.fravega.com/p/notebook-hp-15-6-amd-ryzen-5-8gb-512gb-15-fc0251la-mochila-364837/,2199999.0,1549999.0,1,True
FRA-notebook-lenovo-ideapad-1-15ijl7-celeron,Fravega,LENOVO,Notebooks,Notebook Lenovo Ideapad 1 15ijl7 Celeron N4500 4gb 128gb,https://www.fravega.com/p/notebook-lenovo-ideapad-1-15ijl7-celeron-n4500-4gb-128gb-22923781/,922348.0,599999.0,1,True
FRA-notebook-lenovo-ideapad-slim-3-15-6-ryze,Fravega,LENOVO,Notebooks,"Notebook Lenovo Ideapad Slim 3 15.6"" Ryzen 7 5825U 16GB 512GB Teclado Retroiluminado Color Artic Gray",https://www.fravega.com/p/notebook-lenovo-ideapad-slim-3-15-6-ryzen-7-5825u-16gb-512gb-teclado-retroiluminado-color-artic-gray-22883775/,1937999.0,1549999.0,1,True
FRA-notebook-acer-aspire-lite-intel-core-i5-,Fravega,ACER,Notebooks,Notebook Acer Aspire Lite Intel Core i5 8GB 512GB AL16-52P-579C,https://www.fravega.com/p/notebook-acer-aspire-lite-intel-core-i5-8gb-512gb-al16-52p-579c-364913/,1999999.0,1749999.0,1,True
FRA-samsung-galaxy-book-4-15-6-fhd-intel-cor,Fravega,SAMSUNG,Notebooks,"Samsung Galaxy Book 4 15,6” FHD Intel Core i3 8GB 512GB NP750XGJ-KS3AR",https://www.fravega.com/p/samsung-galaxy-book-4-15-6-fhd-intel-core-i3-8gb-512gb-np750xgj-ks3ar-365069/,2199999.0,1599999.0,1,True
FRA-notebook-lenovo-ideapad-slim-3-intel-n10,Fravega,LENOVO,Notebooks,Notebook Lenovo Ideapad Slim 3 Intel N100 8gb 128gb Ssd W11h,https://www.fravega.com/p/notebook-lenovo-ideapad-slim-3-intel-n100-8gb-128gb-ssd-w11h-22941024/,920773.05,689999.0,1,True
FRA-notebook-acer-aspire-lite-15-intel-core-,Fravega,ACER,Notebooks,Notebook Acer Aspire Lite 15 Intel Core i5 16GB 512GB AL15-52P-51UH,https://www.fravega.com/p/notebook-acer-aspire-lite-15-intel-core-i5-16gb-512gb-al15-52p-51uh-364920/,2499999.0,1999999.0,1,True
FRA-notebook-gfast-15-6-amd-ryzen-5-8gb-240g,Fravega,OTRAS,Notebooks,"Notebook Gfast 15,6” AMD Ryzen 5 8GB  240GB SSD N-537R",https://www.fravega.com/p/notebook-gfast-15-6-amd-ryzen-5-8gb-240gb-ssd-n-537r-365003/,1499999.0,899999.0,1,True
FRA-samsung-galaxy-book-4-15-6-fhd-intel-cor,Fravega,SAMSUNG,Notebooks,"Samsung Galaxy Book 4 15,6” FHD Intel Core i7 32GB 1TB NP750XGJ-KG1AR",https://www.fravega.com/p/samsung-galaxy-book-4-15-6-fhd-intel-core-i7-32gb-1tb-np750xgj-kg1ar-365072/,3699999.0,3499999.0,1,True
FRA-macbook-apple-pro-13-3-m2-8gb-256-ssd-mn,Fravega,APPLE,Notebooks,"MacBook Apple Pro 13,3” M2 8GB 256 SSD MNEJ3LE/A Space Gray",https://www.fravega.com/p/macbook-apple-pro-13-3-m2-8gb-256-ssd-mnej3le-a-space-gray-364677/,4499999.0,3549999.0,1,True
FRA-notebook-hp-full-hd-15-6-amd-ryzen-3-8gb,Fravega,HP,Notebooks,"Notebook HP Full HD 15,6” AMD Ryzen 3 8GB 512GB 15-fc0237la + Mochila",https://www.fravega.com/p/notebook-hp-full-hd-15-6-amd-ryzen-3-8gb-512gb-15-fc0237la-mochila-364754/,1899999.0,1279999.0,1,True
FRA-notebook-hp-14-em0002-4gb-ram-128gb-ssd-,Fravega,HP,Notebooks,"Notebook Hp 14-em0002 4gb Ram 128gb Ssd Athlon 7120u 14"" Hd Moonlight Blue",https://www.fravega.com/p/notebook-hp-14-em0002-4gb-ram-128gb-ssd-athlon-7120u-14-hd-moonlight-blue-22819531/,749999.0,599999.0,1,True
FRA-notebook-acer-aspire-go-15-ryzen-7-7730u,Fravega,ACER,Notebooks,Notebook Acer Aspire Go 15 Ryzen 7 7730u 16gb 512gb Win,https://www.fravega.com/p/notebook-acer-aspire-go-15-ryzen-7-7730u-16gb-512gb-win-23005030/,2102098.0,1286999.0,1,True
FRA-notebook-hp-15-6-amd-ryzen-3-8gb-512gb-1,Fravega,HP,Notebooks,"Notebook HP 15,6” AMD Ryzen 3 8GB 512GB 15-fc0235la",https://www.fravega.com/p/notebook-hp-15-6-amd-ryzen-3-8gb-512gb-15-fc0235la-364753/,1899999.0,1149999.0,1,True
FRA-notebook-lenovo-ideapad-slim-3-intel-n10,Fravega,LENOVO,Notebooks,Notebook Lenovo Ideapad Slim 3 Intel N100 8gb 128gb Ssd W11h,https://www.fravega.com/p/notebook-lenovo-ideapad-slim-3-intel-n100-8gb-128gb-ssd-w11h-22941026/,1183193.36,887743.0,1,True
FRA-notebook-acer-aspire-go-15-ryzen-7-7730u,Fravega,ACER,Notebooks,Notebook Acer Aspire Go 15 Ryzen 7 7730u 16gb 512gb Win S12,https://www.fravega.com/p/notebook-acer-aspire-go-15-ryzen-7-7730u-16gb-512gb-win-s12-23005032/,2824798.0,1678099.0,1,True
FRA-notebook-lenovo-ip-slim-3-ryzen-3-7320u-,Fravega,LENOVO,Notebooks,Notebook Lenovo Ip Slim 3 Ryzen 3-7320u Fhd 16gb 512gb W11h,https://www.fravega.com/p/notebook-lenovo-ip-slim-3-ryzen-3-7320u-fhd-16gb-512gb-w11h-22883857/,1477706.15,1091299.0,1,True
FRA-notebook-hp-15-fd0331la-core-3-100u-16gb,Fravega,HP,Notebooks,Notebook Hp 15-fd0331la Core 3 100u 16gb 512gb Ssd 15.6 W11h,https://www.fravega.com/p/notebook-hp-15-fd0331la-core-3-100u-16gb-512gb-ssd-15-6-w11h-22934564/,2064203.33,1606999.0,1,True
FRA-notebook-exo-14-intel-n4020-4gb-128emmc-,Fravega,OTRAS,Notebooks,Notebook Exo 14´ Intel N4020 4GB 128eMMC RX38 Windows 11,https://www.fravega.com/p/notebook-exo-14-intel-n4020-4gb-128emmc-rx38-windows-11-22612161/,459999.0,329999.0,1,True
FRA-notebook-lenovo-ideapad-slim-3-intel-n10,Fravega,LENOVO,Notebooks,Notebook Lenovo Ideapad Slim 3 Intel N100 8gb 128gb Ssd W11h,https://www.fravega.com/p/notebook-lenovo-ideapad-slim-3-intel-n100-8gb-128gb-ssd-w11h-22941025/,1077304.46,799999.0,1,True
FRA-notebook-hp-14-intel-core-5-8gb-512gb-om,Fravega,HP,Notebooks,"Notebook HP 14"" Intel Core 5 8GB 512GB OmniBook 3 14-HU0050LA",https://www.fravega.com/p/notebook-hp-14-intel-core-5-8gb-512gb-omnibook-3-14-hu0050la-364858/,2199999.0,1649999.0,1,True
FRA-samsung-galaxy-book-4-15-6-fhd-intel-cor,Fravega,SAMSUNG,Notebooks,"Samsung Galaxy Book 4 15,6” FHD Intel Core i3 8GB 512GB NP750XGJ-KS3AR",https://www.fravega.com/p/samsung-galaxy-book-4-15-6-fhd-intel-core-i3-8gb-512gb-np750xgj-ks3ar-364935/,2299999.0,1599999.0,1,True
FRA-notebook-acer-aspire-go-15-intel-core-i5,Fravega,ACER,Notebooks,Notebook Acer Aspire Go 15 Intel Core i5 16GB 512GB AG15-71P-51VE Verde,https://www.fravega.com/p/notebook-acer-aspire-go-15-intel-core-i5-16gb-512gb-ag15-71p-51ve-verde-364921/,2499999.0,2249999.0,1,True
FRA-notebook-exo-14-intel-n4020-4gb-128gb-em,Fravega,OTRAS,Notebooks,"Notebook Exo 14"" Intel N4020 4GB 128GB eMMC Smart XR2 Windows 11",https://www.fravega.com/p/notebook-exo-14-intel-n4020-4gb-128gb-emmc-smart-xr2-windows-11-364985/,499999.0,349999.0,1,True
FRA-samsung-galaxy-book-4-15-6-fhd-intel-cor,Fravega,SAMSUNG,Notebooks,"Samsung Galaxy Book 4 15,6” FHD Intel Core i7 16GB 1TB NP750XGJ-KS1AR",https://www.fravega.com/p/samsung-galaxy-book-4-15-6-fhd-intel-core-i7-16gb-1tb-np750xgj-ks1ar-365071/,3499999.0,2699999.0,1,True
FRA-notebook-hp-15-6-amd-ryzen-5-8gb-512gb-1,Fravega,HP,Notebooks,"Notebook HP 15,6"" AMD Ryzen 5 8GB 512GB 15-FC0251LA + Mochila",https://www.fravega.com/p/notebook-hp-15-6-amd-ryzen-5-8gb-512gb-15-fc0251la-mochila-364837/,2199999.0,1549999.0,1,True
FRA-notebook-lenovo-ideapad-1-15ijl7-celeron,Fravega,LENOVO,Notebooks,Notebook Lenovo Ideapad 1 15ijl7 Celeron N4500 4gb 128gb,https://www.fravega.com/p/notebook-lenovo-ideapad-1-15ijl7-celeron-n4500-4gb-128gb-22923781/,922348.0,599999.0,1,True
FRA-notebook-lenovo-ideapad-slim-3-15-6-ryze,Fravega,LENOVO,Notebooks,"Notebook Lenovo Ideapad Slim 3 15.6"" Ryzen 7 5825U 16GB 512GB Teclado Retroiluminado Color Artic Gray",https://www.fravega.com/p/notebook-lenovo-ideapad-slim-3-15-6-ryzen-7-5825u-16gb-512gb-teclado-retroiluminado-color-artic-gray-22883775/,1937999.0,1549999.0,1,True
FRA-notebook-acer-aspire-lite-intel-core-i5-,Fravega,ACER,Notebooks,Notebook Acer Aspire Lite Intel Core i5 8GB 512GB AL16-52P-579C,https://www.fravega.com/p/notebook-acer-aspire-lite-intel-core-i5-8gb-512gb-al16-52p-579c-364913/,1999999.0,1749999.0,1,True
FRA-samsung-galaxy-book-4-15-6-fhd-intel-cor,Fravega,SAMSUNG,Notebooks,"Samsung Galaxy Book 4 15,6” FHD Intel Core i3 8GB 512GB NP750XGJ-KS3AR",https://www.fravega.com/p/samsung-galaxy-book-4-15-6-fhd-intel-core-i3-8gb-512gb-np750xgj-ks3ar-365069/,2199999.0,1599999.0,1,True
FRA-notebook-lenovo-ideapad-slim-3-intel-n10,Fravega,LENOVO,Notebooks,Notebook Lenovo Ideapad Slim 3 Intel N100 8gb 128gb Ssd W11h,https://www.fravega.com/p/notebook-lenovo-ideapad-slim-3-intel-n100-8gb-128gb-ssd-w11h-22941024/,920773.05,689999.0,1,True
FRA-notebook-acer-aspire-lite-15-intel-core-,Fravega,ACER,Notebooks,Notebook Acer Aspire Lite 15 Intel Core i5 16GB 512GB AL15-52P-51UH,https://www.fravega.com/p/notebook-acer-aspire-lite-15-intel-core-i5-16gb-512gb-al15-52p-51uh-364920/,2499999.0,1999999.0,1,True
FRA-notebook-gfast-15-6-amd-ryzen-5-8gb-240g,Fravega,OTRAS,Notebooks,"Notebook Gfast 15,6” AMD Ryzen 5 8GB  240GB SSD N-537R",https://www.fravega.com/p/notebook-gfast-15-6-amd-ryzen-5-8gb-240gb-ssd-n-537r-365003/,1499999.0,899999.0,1,True
FRA-samsung-galaxy-book-4-15-6-fhd-intel-cor,Fravega,SAMSUNG,Notebooks,"Samsung Galaxy Book 4 15,6” FHD Intel Core i7 32GB 1TB NP750XGJ-KG1AR",https://www.fravega.com/p/samsung-galaxy-book-4-15-6-fhd-intel-core-i7-32gb-1tb-np750xgj-kg1ar-365072/,3699999.0,3499999.0,1,True
FRA-macbook-apple-pro-13-3-m2-8gb-256-ssd-mn,Fravega,APPLE,Notebooks,"MacBook Apple Pro 13,3” M2 8GB 256 SSD MNEJ3LE/A Space Gray",https://www.fravega.com/p/macbook-apple-pro-13-3-m2-8gb-256-ssd-mnej3le-a-space-gray-364677/,4499999.0,3549999.0,1,True
FRA-notebook-hp-15-fd0331la-core-3-100u-8gb-,Fravega,HP,Notebooks,Notebook Hp 15-fd0331la Core 3 100u 8gb 512gb Ssd 15.6 W11h,https://www.fravega.com/p/notebook-hp-15-fd0331la-core-3-100u-8gb-512gb-ssd-15-6-w11h-22934562/,1649075.73,1268519.79,1,True
FRA-notebook-exo-r34-intel-n4020-14-1-4gb-12,Fravega,OTRAS,Notebooks,"Notebook Exo R34 Intel N4020 14,1 4GB 128GB Windows 11",https://www.fravega.com/p/notebook-exo-r34-intel-n4020-14-1-4gb-128gb-windows-11-20458266/,459999.0,429999.0,1,True
FRA-notebook-exo-rm84-14-intel-n4020-4gb-128,Fravega,OTRAS,Notebooks,Notebook Exo RM84 14 Intel N4020 4GB 128GB W11,https://www.fravega.com/p/notebook-exo-rm84-14-intel-n4020-4gb-128gb-w11-21194747/,459999.0,409999.0,1,True
FRA-notebook-hp-full-hd-15-6-amd-ryzen-3-8gb,Fravega,HP,Notebooks,"Notebook HP Full HD 15,6” AMD Ryzen 3 8GB 512GB 15-fc0237la + Mochila",https://www.fravega.com/p/notebook-hp-full-hd-15-6-amd-ryzen-3-8gb-512gb-15-fc0237la-mochila-364754/,1899999.0,1279999.0,1,True
FRA-notebook-acer-aspire-lite-amd-ryzen-7-32,Fravega,ACER,Notebooks,Notebook Acer Aspire Lite AMD Ryzen 7 32GB 512GB AL15-43P-R6ZA,https://www.fravega.com/p/notebook-acer-aspire-lite-amd-ryzen-7-32gb-512gb-al15-43p-r6za-364846/,2999999.0,2099999.0,1,True
FRA-notebook-hp-15-fd0331la-core-3-100u-16gb,Fravega,HP,Notebooks,Notebook Hp 15-fd0331la Core 3 100u 16gb 512gb Ssd 15.6 W11h,https://www.fravega.com/p/notebook-hp-15-fd0331la-core-3-100u-16gb-512gb-ssd-15-6-w11h-22934553/,1818108.28,1441999.0,1,True
FRA-notebook-hp-250r-g10-core-5-120u-15-6-hd,Fravega,HP,Notebooks,Notebook Hp 250r G10 Core 5 120u 15.6 Hd 16gb 512gb Ssd,https://www.fravega.com/p/notebook-hp-250r-g10-core-5-120u-15-6-hd-16gb-512gb-ssd-22926079/,2415843.5,1858341.15,1,True
FRA-notebook-hp-255r-g10-ryzen-7-15-6-fhd-16,Fravega,HP,Notebooks,Notebook Hp 255r G10 Ryzen 7 15.6 Fhd 16gb 512gb Ssd Windows 11 Home,https://www.fravega.com/p/notebook-hp-255r-g10-ryzen-7-15-6-fhd-16gb-512gb-ssd-windows-11-home-22972895/,2081563.24,1601202.49,1,True
FRA-apple-macbook-air-13-m2-24gb-512gb-midni,Fravega,APPLE,Notebooks,"Apple Macbook Air 13"" M2 24GB 512GB Midnight",https://www.fravega.com/p/apple-macbook-air-13-m2-24gb-512gb-midnight-22652387/,3662714.7,3309629.0,1,True
FRA-notebook-asus-vivobook-m1502-ryzen-5-150,Fravega,ASUS,Notebooks,Notebook Asus Vivobook M1502 Ryzen 5 150 16gb 512gb Ssd W11h,https://www.fravega.com/p/notebook-asus-vivobook-m1502-ryzen-5-150-16gb-512gb-ssd-w11h-22882126/,1881357.4,1379999.0,1,True
FRA-notebook-asus-vivobook-m1502-ryzen-5-150,Fravega,ASUS,Notebooks,Notebook Asus Vivobook M1502 Ryzen 5 150 16gb 512gb Ssd W11h,https://www.fravega.com/p/notebook-asus-vivobook-m1502-ryzen-5-150-16gb-512gb-ssd-w11h-22883751/,2201188.16,1620199.0,1,True
FRA-notebook-asus-vivobook-go-15-6-fhd-n100-,Fravega,ASUS,Notebooks,"Notebook Asus Vivobook Go 15.6"" FHD N100 4GB 256GB E1504GA-BQ645",https://www.fravega.com/p/notebook-asus-vivobook-go-15-6-fhd-n100-4gb-256gb-e1504ga-bq645-990250704/,1145099.0,543999.0,1,True
FRA-notebook-hp-15-fd0331la-core-3-100u-8gb-,Fravega,HP,Notebooks,Notebook Hp 15-fd0331la Core 3 100u 8gb 512gb Ssd 15.6 W11h,https://www.fravega.com/p/notebook-hp-15-fd0331la-core-3-100u-8gb-512gb-ssd-15-6-w11h-22934548/,1270612.2,1027999.0,1,True
FRA-notebook-asus-vivobook-x1404va-i3-1315u-,Fravega,ASUS,Notebooks,Notebook Asus Vivobook X1404VA i3-1315U 16 GB 512 GB,https://www.fravega.com/p/notebook-asus-vivobook-x1404va-i3-1315u-16-gb-512-gb-22649716/,1794793.96,1507626.92,1,True
FRA-notebook-hp-14-intel-core-5-8gb-512gb-om,Fravega,HP,Notebooks,"Notebook HP 14"" Intel Core 5 8GB 512GB OmniBook 3 14-HU0050LA",https://www.fravega.com/p/notebook-hp-14-intel-core-5-8gb-512gb-omnibook-3-14-hu0050la-364858/,2199999.0,1649999.0,1,True
FRA-samsung-galaxy-book-4-15-6-fhd-intel-cor,Fravega,SAMSUNG,Notebooks,"Samsung Galaxy Book 4 15,6” FHD Intel Core i3 8GB 512GB NP750XGJ-KS3AR",https://www.fravega.com/p/samsung-galaxy-book-4-15-6-fhd-intel-core-i3-8gb-512gb-np750xgj-ks3ar-364935/,2299999.0,1599999.0,1,True
FRA-notebook-acer-aspire-go-15-intel-core-i5,Fravega,ACER,Notebooks,Notebook Acer Aspire Go 15 Intel Core i5 16GB 512GB AG15-71P-51VE Verde,https://www.fravega.com/p/notebook-acer-aspire-go-15-intel-core-i5-16gb-512gb-ag15-71p-51ve-verde-364921/,2499999.0,2249999.0,1,True
FRA-notebook-exo-14-intel-n4020-4gb-128gb-em,Fravega,OTRAS,Notebooks,"Notebook Exo 14"" Intel N4020 4GB 128GB eMMC Smart XR2 Windows 11",https://www.fravega.com/p/notebook-exo-14-intel-n4020-4gb-128gb-emmc-smart-xr2-windows-11-364985/,499999.0,349999.0,1,True
FRA-samsung-galaxy-book-4-15-6-fhd-intel-cor,Fravega,SAMSUNG,Notebooks,"Samsung Galaxy Book 4 15,6” FHD Intel Core i7 16GB 1TB NP750XGJ-KS1AR",https://www.fravega.com/p/samsung-galaxy-book-4-15-6-fhd-intel-core-i7-16gb-1tb-np750xgj-ks1ar-365071/,3499999.0,2699999.0,1,True
FRA-notebook-hp-15-6-amd-ryzen-5-8gb-512gb-1,Fravega,HP,Notebooks,"Notebook HP 15,6"" AMD Ryzen 5 8GB 512GB 15-FC0251LA + Mochila",https://www.fravega.com/p/notebook-hp-15-6-amd-ryzen-5-8gb-512gb-15-fc0251la-mochila-364837/,2199999.0,1549999.0,1,True
FRA-notebook-lenovo-ideapad-1-15ijl7-celeron,Fravega,LENOVO,Notebooks,Notebook Lenovo Ideapad 1 15ijl7 Celeron N4500 4gb 128gb,https://www.fravega.com/p/notebook-lenovo-ideapad-1-15ijl7-celeron-n4500-4gb-128gb-22923781/,922348.0,599999.0,1,True
FRA-notebook-lenovo-ideapad-slim-3-15-6-ryze,Fravega,LENOVO,Notebooks,"Notebook Lenovo Ideapad Slim 3 15.6"" Ryzen 7 5825U 16GB 512GB Teclado Retroiluminado Color Artic Gray",https://www.fravega.com/p/notebook-lenovo-ideapad-slim-3-15-6-ryzen-7-5825u-16gb-512gb-teclado-retroiluminado-color-artic-gray-22883775/,1937999.0,1549999.0,1,True
FRA-notebook-acer-aspire-lite-intel-core-i5-,Fravega,ACER,Notebooks,Notebook Acer Aspire Lite Intel Core i5 8GB 512GB AL16-52P-579C,https://www.fravega.com/p/notebook-acer-aspire-lite-intel-core-i5-8gb-512gb-al16-52p-579c-364913/,1999999.0,1749999.0,1,True
FRA-samsung-galaxy-book-4-15-6-fhd-intel-cor,Fravega,SAMSUNG,Notebooks,"Samsung Galaxy Book 4 15,6” FHD Intel Core i3 8GB 512GB NP750XGJ-KS3AR",https://www.fravega.com/p/samsung-galaxy-book-4-15-6-fhd-intel-core-i3-8gb-512gb-np750xgj-ks3ar-365069/,2199999.0,1599999.0,1,True
FRA-notebook-lenovo-ideapad-slim-3-intel-n10,Fravega,LENOVO,Notebooks,Notebook Lenovo Ideapad Slim 3 Intel N100 8gb 128gb Ssd W11h,https://www.fravega.com/p/notebook-lenovo-ideapad-slim-3-intel-n100-8gb-128gb-ssd-w11h-22941024/,920773.05,689999.0,1,True
FRA-notebook-acer-aspire-lite-15-intel-core-,Fravega,ACER,Notebooks,Notebook Acer Aspire Lite 15 Intel Core i5 16GB 512GB AL15-52P-51UH,https://www.fravega.com/p/notebook-acer-aspire-lite-15-intel-core-i5-16gb-512gb-al15-52p-51uh-364920/,2499999.0,1999999.0,1,True
FRA-notebook-gfast-15-6-amd-ryzen-5-8gb-240g,Fravega,OTRAS,Notebooks,"Notebook Gfast 15,6” AMD Ryzen 5 8GB  240GB SSD N-537R",https://www.fravega.com/p/notebook-gfast-15-6-amd-ryzen-5-8gb-240gb-ssd-n-537r-365003/,1499999.0,899999.0,1,True
FRA-samsung-galaxy-book-4-15-6-fhd-intel-cor,Fravega,SAMSUNG,Notebooks,"Samsung Galaxy Book 4 15,6” FHD Intel Core i7 32GB 1TB NP750XGJ-KG1AR",https://www.fravega.com/p/samsung-galaxy-book-4-15-6-fhd-intel-core-i7-32gb-1tb-np750xgj-kg1ar-365072/,3699999.0,3499999.0,1,True
FRA-macbook-apple-pro-13-3-m2-8gb-256-ssd-mn,Fravega,APPLE,Notebooks,"MacBook Apple Pro 13,3” M2 8GB 256 SSD MNEJ3LE/A Space Gray",https://www.fravega.com/p/macbook-apple-pro-13-3-m2-8gb-256-ssd-mnej3le-a-space-gray-364677/,4499999.0,3549999.0,1,True
FRA-notebook-asus-vivobook-m1502-ryzen-5-150,Fravega,ASUS,Notebooks,Notebook Asus Vivobook M1502 Ryzen 5 150 16gb 512gb Ssd W11h,https://www.fravega.com/p/notebook-asus-vivobook-m1502-ryzen-5-150-16gb-512gb-ssd-w11h-22925505/,2417544.26,1795499.0,1,True
FRA-notebook-lenovo-ip-slim-3-ryzen-3-7320u-,Fravega,LENOVO,Notebooks,Notebook Lenovo Ip Slim 3 Ryzen 3-7320u Fhd 16gb 512gb W11h,https://www.fravega.com/p/notebook-lenovo-ip-slim-3-ryzen-3-7320u-fhd-16gb-512gb-w11h-22925531/,1898852.4,1427160.0,1,True
FRA-notebook-lenovo-ideapad-15arp10-r7-7735h,Fravega,LENOVO,Notebooks,Notebook Lenovo Ideapad 15arp10 R7 7735hs 16gb 512gb Ssd,https://www.fravega.com/p/notebook-lenovo-ideapad-15arp10-r7-7735hs-16gb-512gb-ssd-23005188/,2531635.0,1658999.0,1,True
FRA-notebook-asus-vivobook-x1404va-intel-cor,Fravega,ASUS,Notebooks,Notebook Asus Vivobook X1404VA Intel Core i5-1334U 16 GB 512 GB,https://www.fravega.com/p/notebook-asus-vivobook-x1404va-intel-core-i5-1334u-16-gb-512-gb-22647094/,1855208.89,1558375.47,1,True
FRA-notebook-gadnic-14-pulgadas-intel-celero,Fravega,LG,Notebooks,Notebook Gadnic 14 Pulgadas Intel Celeron N4500 RAM 4GB SSD 128GB Cámara Frontal Con Soporte,https://www.fravega.com/p/notebook-gadnic-14-pulgadas-intel-celeron-n4500-ram-4gb-ssd-128gb-camara-frontal-con-soporte-990284559/,565499.0,434999.0,1,True
FRA-notebook-gfast-15-6-amd-ryzen-7-8gb-240g,Fravega,OTRAS,Notebooks,"Notebook Gfast 15,6” AMD Ryzen 7 8GB  240GB SSD N-755R",https://www.fravega.com/p/notebook-gfast-15-6-amd-ryzen-7-8gb-240gb-ssd-n-755r-364959/,1349999.0,1229999.0,1,True
FRA-notebook-lenovo-ideapad-15arp10-r7-7735h,Fravega,LENOVO,Notebooks,Notebook Lenovo Ideapad 15arp10 R7 7735hs 16gb 512gb Ssd S12,https://www.fravega.com/p/notebook-lenovo-ideapad-15arp10-r7-7735hs-16gb-512gb-ssd-s12-23005186/,3281817.0,2165999.0,1,True
FRA-notebook-asus-vivobook-15-ryzen-5-8gb-51,Fravega,ASUS,Notebooks,Notebook Asus Vivobook 15 Ryzen 5 8gb 512gb Ssd Win,https://www.fravega.com/p/notebook-asus-vivobook-15-ryzen-5-8gb-512gb-ssd-win-23006138/,1501427.0,1029999.0,1,True
FRA-notebook-samsung-galaxy-book-4-i38gb-ram,Fravega,SAMSUNG,Notebooks,Notebook Samsung Galaxy Book 4 I38GB RAM 256GB SSD,https://www.fravega.com/p/notebook-samsung-galaxy-book-4-i38gb-ram-256gb-ssd-990264071/,1949999.0,1499999.01,1,True
FRA-samsung-galaxy-book-4-15-6-fhd-intel-cor,Fravega,SAMSUNG,Notebooks,"Samsung Galaxy Book 4 15,6” FHD Intel Core i5 16GB 512GB NP750XGJ-KS2AR",https://www.fravega.com/p/samsung-galaxy-book-4-15-6-fhd-intel-core-i5-16gb-512gb-np750xgj-ks2ar-364936/,2499999.0,2249999.0,1,True
FRA-notebook-lenovo-ideapad-1-celeron-n4500-,Fravega,LENOVO,Notebooks,Notebook Lenovo Ideapad 1 Celeron N4500 12gb 128gb 15.6 W11h,https://www.fravega.com/p/notebook-lenovo-ideapad-1-celeron-n4500-12gb-128gb-15-6-w11h-22881052/,1108788.14,852913.95,1,True
FRA-reacondicionada-notebook-acer-16-intel-c,Fravega,ACER,Notebooks,Reacondicionada Notebook Acer 16” Intel Core i3 de 8 núcleos 8GB 512GB SSD Aspire Lite 16,https://www.fravega.com/p/reacondicionada-notebook-acer-16-intel-core-i3-de-8-nucleos-8gb-512gb-ssd-aspire-lite-16-470877/,849999.0,769229.86,1,True
FRA-notebook-lenovo-v15-g4-amd-ryzen-5-7520u,Fravega,LENOVO,Notebooks,Notebook Lenovo V15 G4 Amd Ryzen 5 7520u 16gb 512gb Fhd 15.6,https://www.fravega.com/p/notebook-lenovo-v15-g4-amd-ryzen-5-7520u-16gb-512gb-fhd-15-6-22957701/,1854203.0,1426310.0,1,True
FRA-notebook-asus-vivobook-15-ryzen-5-8gb-51,Fravega,ASUS,Notebooks,Notebook Asus Vivobook 15 Ryzen 5 8gb 512gb Ssd Win S12,https://www.fravega.com/p/notebook-asus-vivobook-15-ryzen-5-8gb-512gb-ssd-win-s12-23006141/,1969999.0,1359999.0,1,True
FRA-notebook-hp-14-intel-core-5-8gb-512gb-om,Fravega,HP,Notebooks,"Notebook HP 14"" Intel Core 5 8GB 512GB OmniBook 3 14-HU0050LA",https://www.fravega.com/p/notebook-hp-14-intel-core-5-8gb-512gb-omnibook-3-14-hu0050la-364858/,2199999.0,1649999.0,1,True
FRA-samsung-galaxy-book-4-15-6-fhd-intel-cor,Fravega,SAMSUNG,Notebooks,"Samsung Galaxy Book 4 15,6” FHD Intel Core i3 8GB 512GB NP750XGJ-KS3AR",https://www.fravega.com/p/samsung-galaxy-book-4-15-6-fhd-intel-core-i3-8gb-512gb-np750xgj-ks3ar-364935/,2299999.0,1599999.0,1,True
FRA-notebook-acer-aspire-go-15-intel-core-i5,Fravega,ACER,Notebooks,Notebook Acer Aspire Go 15 Intel Core i5 16GB 512GB AG15-71P-51VE Verde,https://www.fravega.com/p/notebook-acer-aspire-go-15-intel-core-i5-16gb-512gb-ag15-71p-51ve-verde-364921/,2499999.0,2249999.0,1,True
FRA-notebook-exo-14-intel-n4020-4gb-128gb-em,Fravega,OTRAS,Notebooks,"Notebook Exo 14"" Intel N4020 4GB 128GB eMMC Smart XR2 Windows 11",https://www.fravega.com/p/notebook-exo-14-intel-n4020-4gb-128gb-emmc-smart-xr2-windows-11-364985/,499999.0,349999.0,1,True
FRA-samsung-galaxy-book-4-15-6-fhd-intel-cor,Fravega,SAMSUNG,Notebooks,"Samsung Galaxy Book 4 15,6” FHD Intel Core i7 16GB 1TB NP750XGJ-KS1AR",https://www.fravega.com/p/samsung-galaxy-book-4-15-6-fhd-intel-core-i7-16gb-1tb-np750xgj-ks1ar-365071/,3499999.0,2699999.0,1,True
FRA-notebook-hp-15-6-amd-ryzen-5-8gb-512gb-1,Fravega,HP,Notebooks,"Notebook HP 15,6"" AMD Ryzen 5 8GB 512GB 15-FC0251LA + Mochila",https://www.fravega.com/p/notebook-hp-15-6-amd-ryzen-5-8gb-512gb-15-fc0251la-mochila-364837/,2199999.0,1549999.0,1,True
FRA-notebook-lenovo-ideapad-1-15ijl7-celeron,Fravega,LENOVO,Notebooks,Notebook Lenovo Ideapad 1 15ijl7 Celeron N4500 4gb 128gb,https://www.fravega.com/p/notebook-lenovo-ideapad-1-15ijl7-celeron-n4500-4gb-128gb-22923781/,922348.0,599999.0,1,True
FRA-notebook-lenovo-ideapad-slim-3-15-6-ryze,Fravega,LENOVO,Notebooks,"Notebook Lenovo Ideapad Slim 3 15.6"" Ryzen 7 5825U 16GB 512GB Teclado Retroiluminado Color Artic Gray",https://www.fravega.com/p/notebook-lenovo-ideapad-slim-3-15-6-ryzen-7-5825u-16gb-512gb-teclado-retroiluminado-color-artic-gray-22883775/,1937999.0,1549999.0,1,True
FRA-notebook-acer-aspire-lite-intel-core-i5-,Fravega,ACER,Notebooks,Notebook Acer Aspire Lite Intel Core i5 8GB 512GB AL16-52P-579C,https://www.fravega.com/p/notebook-acer-aspire-lite-intel-core-i5-8gb-512gb-al16-52p-579c-364913/,1999999.0,1749999.0,1,True
FRA-samsung-galaxy-book-4-15-6-fhd-intel-cor,Fravega,SAMSUNG,Notebooks,"Samsung Galaxy Book 4 15,6” FHD Intel Core i3 8GB 512GB NP750XGJ-KS3AR",https://www.fravega.com/p/samsung-galaxy-book-4-15-6-fhd-intel-core-i3-8gb-512gb-np750xgj-ks3ar-365069/,2199999.0,1599999.0,1,True
FRA-notebook-lenovo-ideapad-slim-3-intel-n10,Fravega,LENOVO,Notebooks,Notebook Lenovo Ideapad Slim 3 Intel N100 8gb 128gb Ssd W11h,https://www.fravega.com/p/notebook-lenovo-ideapad-slim-3-intel-n100-8gb-128gb-ssd-w11h-22941024/,920773.05,689999.0,1,True
FRA-notebook-acer-aspire-lite-15-intel-core-,Fravega,ACER,Notebooks,Notebook Acer Aspire Lite 15 Intel Core i5 16GB 512GB AL15-52P-51UH,https://www.fravega.com/p/notebook-acer-aspire-lite-15-intel-core-i5-16gb-512gb-al15-52p-51uh-364920/,2499999.0,1999999.0,1,True
FRA-notebook-gfast-15-6-amd-ryzen-5-8gb-240g,Fravega,OTRAS,Notebooks,"Notebook Gfast 15,6” AMD Ryzen 5 8GB  240GB SSD N-537R",https://www.fravega.com/p/notebook-gfast-15-6-amd-ryzen-5-8gb-240gb-ssd-n-537r-365003/,1499999.0,899999.0,1,True
FRA-samsung-galaxy-book-4-15-6-fhd-intel-cor,Fravega,SAMSUNG,Notebooks,"Samsung Galaxy Book 4 15,6” FHD Intel Core i7 32GB 1TB NP750XGJ-KG1AR",https://www.fravega.com/p/samsung-galaxy-book-4-15-6-fhd-intel-core-i7-32gb-1tb-np750xgj-kg1ar-365072/,3699999.0,3499999.0,1,True
FRA-macbook-apple-pro-13-3-m2-8gb-256-ssd-mn,Fravega,APPLE,Notebooks,"MacBook Apple Pro 13,3” M2 8GB 256 SSD MNEJ3LE/A Space Gray",https://www.fravega.com/p/macbook-apple-pro-13-3-m2-8gb-256-ssd-mnej3le-a-space-gray-364677/,4499999.0,3549999.0,1,True
FRA-notebook-tactil-hp-core-i5-1334u-ram-8gb,Fravega,HP,Notebooks,Notebook Tactil Hp Core I5 1334u Ram 8gb 512gb Ssd 15fd0267l Azul,https://www.fravega.com/p/notebook-tactil-hp-core-i5-1334u-ram-8gb-512gb-ssd-15fd0267l-azul-990283595/,1899999.0,1459999.0,1,True
FRA-notebook-lenovo-ip-slim-3-ryzen-3-7320u-,Fravega,LENOVO,Notebooks,Notebook Lenovo Ip Slim 3 Ryzen 3-7320u 15.6 Fhd 16gb 512gb,https://www.fravega.com/p/notebook-lenovo-ip-slim-3-ryzen-3-7320u-15-6-fhd-16gb-512gb-22883862/,1637400.63,1259538.95,1,True
FRA-notebook-hp-255r-g10-ryzen-7-15-6-fhd-16,Fravega,HP,Notebooks,Notebook Hp 255r G10 Ryzen 7 15.6 Fhd 16gb 512gb Ssd Windows 11 Home,https://www.fravega.com/p/notebook-hp-255r-g10-ryzen-7-15-6-fhd-16gb-512gb-ssd-windows-11-home-22972925/,2674808.77,2132999.0,1,True
FRA-notebook-acer-nitro-v-amd-ryzen-7-7735hs,Fravega,ACER,Notebooks,Notebook Acer Nitro V AMD Ryzen 7 7735hs 16gb 512gb SSD NVIDIA GeForce Rtx4050 Windows 11 Home,https://www.fravega.com/p/notebook-acer-nitro-v-amd-ryzen-7-7735hs-16gb-512gb-ssd-nvidia-geforce-rtx4050-windows-11-home-23002522/,3765263.22,2896356.32,1,True
FRA-notebook-acer-aspire-go-15-ryzen-7-7730u,Fravega,ACER,Notebooks,Notebook Acer Aspire Go 15 Ryzen 7 7730u 16gb 512gb Win Csi,https://www.fravega.com/p/notebook-acer-aspire-go-15-ryzen-7-7730u-16gb-512gb-win-csi-23005028/,2389198.0,1450394.0,1,True
FRA-notebook-acer-aspire-go-15-ryzen-7-7730u,Fravega,ACER,Notebooks,Notebook Acer Aspire Go 15 Ryzen 7 7730u 16gb 512gb Win Si9,https://www.fravega.com/p/notebook-acer-aspire-go-15-ryzen-7-7730u-16gb-512gb-win-si9-23005029/,2684548.0,1614079.0,1,True
FRA-notebook-lenovo-ideapad-15amn8-r5-7520u-,Fravega,LENOVO,Notebooks,Notebook Lenovo Ideapad 15amn8 R5 7520u 16gb 512gb Win S12,https://www.fravega.com/p/notebook-lenovo-ideapad-15amn8-r5-7520u-16gb-512gb-win-s12-23005222/,2612856.0,1647777.0,1,True
FRA-notebook-asus-e1504fa-bq2783-ryzen-5-40-,Fravega,ASUS,Notebooks,Notebook Asus E1504fa-bq2783 Ryzen 5 40 8gb 512gb Ssd Win,https://www.fravega.com/p/notebook-asus-e1504fa-bq2783-ryzen-5-40-8gb-512gb-ssd-win-23006549/,1412856.0,960174.0,1,True
FRA-notebook-exo-15-6intel-i5-8gb-480ssd-x67,Fravega,OTRAS,Notebooks,"Notebook Exo 15,6´Intel I5 8GB 480SSD X67 WIN 11",https://www.fravega.com/p/notebook-exo-15-6intel-i5-8gb-480ssd-x67-win-11-22603608/,2099999.0,1899999.0,1,True
FRA-notebook-asus-vivobook-go-15-6-fhd-core-,Fravega,ASUS,Notebooks,"Notebook Asus Vivobook Go 15.6"" FHD Core I3-N305 8GB 256GB UFS 2.1 Windows 11 E1504GA-BQ061W",https://www.fravega.com/p/notebook-asus-vivobook-go-15-6-fhd-core-i3-n305-8gb-256gb-ufs-2-1-windows-11-e1504ga-bq061w-990250701/,1737999.0,818999.0,1,True
FRA-notebook-hp-victus-15-fb3093dx-r7-7445hs,Fravega,HP,Notebooks,Notebook Hp Victus 15-FB3093DX R7 7445HS 16 GB 1 TB,https://www.fravega.com/p/notebook-hp-victus-15-fb3093dx-r7-7445hs-16-gb-1-tb-22653068/,3425626.57,2877526.32,1,True
FRA-notebook-acer-aspire-lite-intel-core-3-8,Fravega,ACER,Notebooks,Notebook Acer Aspire Lite Intel Core 3 8GB 512GB AL15-33P-316C,https://www.fravega.com/p/notebook-acer-aspire-lite-intel-core-3-8gb-512gb-al15-33p-316c-364735/,1399999.0,1299999.0,1,True
FRA-notebook-hp-elitebook-840-g10-14-intel-c,Fravega,HP,Notebooks,"Notebook HP EliteBook 840 G10 14"" Intel Core i5-1335U 512 GB 16GB RAM Windows 11 Pro",https://www.fravega.com/p/notebook-hp-elitebook-840-g10-14-intel-core-i5-1335u-512-gb-16gb-ram-windows-11-pro--990286446/,3230767.09,2423075.32,1,True
FRA-notebook-hp-14-intel-core-5-8gb-512gb-om,Fravega,HP,Notebooks,"Notebook HP 14"" Intel Core 5 8GB 512GB OmniBook 3 14-HU0050LA",https://www.fravega.com/p/notebook-hp-14-intel-core-5-8gb-512gb-omnibook-3-14-hu0050la-364858/,2199999.0,1649999.0,1,True
FRA-samsung-galaxy-book-4-15-6-fhd-intel-cor,Fravega,SAMSUNG,Notebooks,"Samsung Galaxy Book 4 15,6” FHD Intel Core i3 8GB 512GB NP750XGJ-KS3AR",https://www.fravega.com/p/samsung-galaxy-book-4-15-6-fhd-intel-core-i3-8gb-512gb-np750xgj-ks3ar-364935/,2299999.0,1599999.0,1,True
FRA-notebook-acer-aspire-go-15-intel-core-i5,Fravega,ACER,Notebooks,Notebook Acer Aspire Go 15 Intel Core i5 16GB 512GB AG15-71P-51VE Verde,https://www.fravega.com/p/notebook-acer-aspire-go-15-intel-core-i5-16gb-512gb-ag15-71p-51ve-verde-364921/,2499999.0,2249999.0,1,True
FRA-notebook-exo-14-intel-n4020-4gb-128gb-em,Fravega,OTRAS,Notebooks,"Notebook Exo 14"" Intel N4020 4GB 128GB eMMC Smart XR2 Windows 11",https://www.fravega.com/p/notebook-exo-14-intel-n4020-4gb-128gb-emmc-smart-xr2-windows-11-364985/,499999.0,349999.0,1,True
FRA-samsung-galaxy-book-4-15-6-fhd-intel-cor,Fravega,SAMSUNG,Notebooks,"Samsung Galaxy Book 4 15,6” FHD Intel Core i7 16GB 1TB NP750XGJ-KS1AR",https://www.fravega.com/p/samsung-galaxy-book-4-15-6-fhd-intel-core-i7-16gb-1tb-np750xgj-ks1ar-365071/,3499999.0,2699999.0,1,True
FRA-notebook-hp-15-6-amd-ryzen-5-8gb-512gb-1,Fravega,HP,Notebooks,"Notebook HP 15,6"" AMD Ryzen 5 8GB 512GB 15-FC0251LA + Mochila",https://www.fravega.com/p/notebook-hp-15-6-amd-ryzen-5-8gb-512gb-15-fc0251la-mochila-364837/,2199999.0,1549999.0,1,True
FRA-notebook-lenovo-ideapad-1-15ijl7-celeron,Fravega,LENOVO,Notebooks,Notebook Lenovo Ideapad 1 15ijl7 Celeron N4500 4gb 128gb,https://www.fravega.com/p/notebook-lenovo-ideapad-1-15ijl7-celeron-n4500-4gb-128gb-22923781/,922348.0,599999.0,1,True
FRA-notebook-lenovo-ideapad-slim-3-15-6-ryze,Fravega,LENOVO,Notebooks,"Notebook Lenovo Ideapad Slim 3 15.6"" Ryzen 7 5825U 16GB 512GB Teclado Retroiluminado Color Artic Gray",https://www.fravega.com/p/notebook-lenovo-ideapad-slim-3-15-6-ryzen-7-5825u-16gb-512gb-teclado-retroiluminado-color-artic-gray-22883775/,1937999.0,1549999.0,1,True
FRA-notebook-acer-aspire-lite-intel-core-i5-,Fravega,ACER,Notebooks,Notebook Acer Aspire Lite Intel Core i5 8GB 512GB AL16-52P-579C,https://www.fravega.com/p/notebook-acer-aspire-lite-intel-core-i5-8gb-512gb-al16-52p-579c-364913/,1999999.0,1749999.0,1,True
FRA-samsung-galaxy-book-4-15-6-fhd-intel-cor,Fravega,SAMSUNG,Notebooks,"Samsung Galaxy Book 4 15,6” FHD Intel Core i3 8GB 512GB NP750XGJ-KS3AR",https://www.fravega.com/p/samsung-galaxy-book-4-15-6-fhd-intel-core-i3-8gb-512gb-np750xgj-ks3ar-365069/,2199999.0,1599999.0,1,True
FRA-notebook-lenovo-ideapad-slim-3-intel-n10,Fravega,LENOVO,Notebooks,Notebook Lenovo Ideapad Slim 3 Intel N100 8gb 128gb Ssd W11h,https://www.fravega.com/p/notebook-lenovo-ideapad-slim-3-intel-n100-8gb-128gb-ssd-w11h-22941024/,920773.05,689999.0,1,True
FRA-notebook-acer-aspire-lite-15-intel-core-,Fravega,ACER,Notebooks,Notebook Acer Aspire Lite 15 Intel Core i5 16GB 512GB AL15-52P-51UH,https://www.fravega.com/p/notebook-acer-aspire-lite-15-intel-core-i5-16gb-512gb-al15-52p-51uh-364920/,2499999.0,1999999.0,1,True
FRA-notebook-gfast-15-6-amd-ryzen-5-8gb-240g,Fravega,OTRAS,Notebooks,"Notebook Gfast 15,6” AMD Ryzen 5 8GB  240GB SSD N-537R",https://www.fravega.com/p/notebook-gfast-15-6-amd-ryzen-5-8gb-240gb-ssd-n-537r-365003/,1499999.0,899999.0,1,True
FRA-samsung-galaxy-book-4-15-6-fhd-intel-cor,Fravega,SAMSUNG,Notebooks,"Samsung Galaxy Book 4 15,6” FHD Intel Core i7 32GB 1TB NP750XGJ-KG1AR",https://www.fravega.com/p/samsung-galaxy-book-4-15-6-fhd-intel-core-i7-32gb-1tb-np750xgj-kg1ar-365072/,3699999.0,3499999.0,1,True
FRA-macbook-apple-pro-13-3-m2-8gb-256-ssd-mn,Fravega,APPLE,Notebooks,"MacBook Apple Pro 13,3” M2 8GB 256 SSD MNEJ3LE/A Space Gray",https://www.fravega.com/p/macbook-apple-pro-13-3-m2-8gb-256-ssd-mnej3le-a-space-gray-364677/,4499999.0,3549999.0,1,True
FRA-notebook-lenovo-ideapad-slim-3-r7-5825u-,Fravega,LENOVO,Notebooks,Notebook Lenovo Ideapad Slim 3 R7-5825U 16GB 1TB Tactil,https://www.fravega.com/p/notebook-lenovo-ideapad-slim-3-r7-5825u-16gb-1tb-tactil-22855805/,2336626.57,1962766.32,1,True
FRA-notebook-lenovo-ideapad-intel-core-i7-13,Fravega,LENOVO,Notebooks,Notebook Lenovo Ideapad Intel Core I7-13620h 16gb 512gb W11h,https://www.fravega.com/p/notebook-lenovo-ideapad-intel-core-i7-13620h-16gb-512gb-w11h-22882036/,2702698.64,2078998.95,1,True
FRA-notebook-lenovo-ideapad-intel-core-i7-13,Fravega,LENOVO,Notebooks,Notebook Lenovo Ideapad Intel Core I7-13620h 16gb 1tb W11h,https://www.fravega.com/p/notebook-lenovo-ideapad-intel-core-i7-13620h-16gb-1tb-w11h-22882042/,2914273.64,2241748.95,1,True
FRA-notebook-asus-vivobook-15-m1502-ryzen-5-,Fravega,ASUS,Notebooks,Notebook Asus Vivobook 15 M1502 Ryzen 5 150 16gb 512gb Ssd,https://www.fravega.com/p/notebook-asus-vivobook-15-m1502-ryzen-5-150-16gb-512gb-ssd-22882127/,1872691.29,1440531.76,1,True
FRA-notebook-hp-250r-g10-core-5-120u-15-6-hd,Fravega,HP,Notebooks,Notebook Hp 250r G10 Core 5 120u 15.6 Hd 16gb 512gb Ssd Windows 11 Home,https://www.fravega.com/p/notebook-hp-250r-g10-core-5-120u-15-6-hd-16gb-512gb-ssd-windows-11-home-22951844/,2500036.7,1829999.0,1,True
FRA-notebook-asus-tuf-a15-gaming-fa506nf-15-,Fravega,ASUS,Notebooks,"Notebook ASUS TUF A15 GAMING FA506NF 15.6"" 165HZ WQHD RYZEN 7 16GB 512GB SSD RTX4050 --GB WIN11",https://www.fravega.com/p/notebook-asus-tuf-a15-gaming-fa506nf-15-6-165hz-wqhd-ryzen-7-16gb-512gb-ssd-rtx4050-gb-win11-990298402/,5382299.0,1999999.01,1,True
FRA-notebook-apple-macbook-air-13-24gb-512gb,Fravega,APPLE,Notebooks,"Notebook Apple MacBook Air 13"" 24GB 512GB M5 Silver",https://www.fravega.com/p/notebook-apple-macbook-air-13-24gb-512gb-m5-silver-22968237/,4681449.0,4681449.0,1,True
FRA-notebook-hp-255r-g10-ryzen-7-15-6-fhd-16,Fravega,HP,Notebooks,Notebook Hp 255r G10 Ryzen 7 15.6 Fhd 16gb 1tb Ssd Windows 11 Home,https://www.fravega.com/p/notebook-hp-255r-g10-ryzen-7-15-6-fhd-16gb-1tb-ssd-windows-11-home-22972926/,3076693.86,2366687.58,1,True
FRA-notebook-hp-14-dq6011dx-n150-n-4gb-128gb,Fravega,HP,Notebooks,Notebook Hp 14 Dq6011dx N150 N 4gb 128gb Ssd S12,https://www.fravega.com/p/notebook-hp-14-dq6011dx-n150-n-4gb-128gb-ssd-s12-23005123/,1181398.0,740999.0,1,True
FRA-notebook-lenovo-ideapad-15amn8-r5-7520u-,Fravega,LENOVO,Notebooks,Notebook Lenovo Ideapad 15amn8 R5 7520u 16gb 512gb Win,https://www.fravega.com/p/notebook-lenovo-ideapad-15amn8-r5-7520u-16gb-512gb-win-23005221/,2001427.0,1242599.0,1,True
FRA-notebook-asus-vivobook-15-ryzen-5-8gb-51,Fravega,ASUS,Notebooks,Notebook Asus Vivobook 15 Ryzen 5 8gb 512gb Ssd Win Si9,https://www.fravega.com/p/notebook-asus-vivobook-15-ryzen-5-8gb-512gb-ssd-win-si9-23006140/,1879999.0,1289999.0,1,True
FRA-notebook-asus-e1504fa-bq2783-ryzen-5-40-,Fravega,ASUS,Notebooks,Notebook Asus E1504fa-bq2783 Ryzen 5 40 8gb 512gb Ssd Win 6si,https://www.fravega.com/p/notebook-asus-e1504fa-bq2783-ryzen-5-40-8gb-512gb-ssd-win-6si-23006548/,1721738.0,1151999.0,1,True
FRA-notebook-enova-14-celeron-n4020-ram-4gb-,Fravega,OTRAS,Notebooks,"Notebook Enova 14"" Celeron N4020 + RAM 4GB + SSD 128GB + Win 11 Home",https://www.fravega.com/p/notebook-enova-14-celeron-n4020-ram-4gb-ssd-128gb-win-11-home-20302029/,533748.75,369999.0,1,True
FRA-consola-nintendo-switch-2-342626,Fravega,OTRAS,Gaming y Videojuegos,Consola Nintendo Switch 2,https://www.fravega.com/p/consola-nintendo-switch-2-342626/,1699999.0,1499999.0,1,True
FRA-videojuego-nintendo-switch-mario-kart-8-,Fravega,OTRAS,Gaming y Videojuegos,Videojuego Nintendo Switch Mario Kart 8 Deluxe,https://www.fravega.com/p/videojuego-nintendo-switch-mario-kart-8-deluxe-342802/,139999.0,119999.0,1,True
FRA-ps5-playstation-5-con-astro-bot-y-gran-t,Fravega,OTRAS,Gaming y Videojuegos,PS5 PlayStation 5 con Astro Bot y Gran Turismo 7 Digital Bundle 2,https://www.fravega.com/p/ps5-playstation-5-con-astro-bot-y-gran-turismo-7-digital-bundle-2--342667/,1899999.0,1570247.11,1,True
FRA-joystick-inalambrico-gamer-compatible-p4,Fravega,OTRAS,Gaming y Videojuegos,Joystick Inalámbrico Gamer Compatible P4 Y Control Pc Gamer Inalambrico Usb Dehuka,https://www.fravega.com/p/joystick-inalambrico-gamer-compatible-p4-y-control-pc-gamer-inalambrico-usb-dehuka-22481187/,46372.0,41735.0,1,True
FRA-ps5-playstation-5-con-astro-bot-y-gran-t,Fravega,OTRAS,Gaming y Videojuegos,PS5 PlayStation 5 con Astro Bot y Gran Turismo 7 Standar Bundle 2,https://www.fravega.com/p/ps5-playstation-5-con-astro-bot-y-gran-turismo-7-standar-bundle-2-342666/,1999999.0,1652891.74,1,True
FRA-videojuego-nintendo-switch-2-pokemon-leg,Fravega,OTRAS,Gaming y Videojuegos,Videojuego Nintendo Switch 2 Pokémon Legends: Z-A,https://www.fravega.com/p/videojuego-nintendo-switch-2-pokemon-legends-z-a-342797/,164999.0,119999.0,1,True
FRA-sega-hdmi-688-juegos-2-joysticks-inalamb,Fravega,OTRAS,Gaming y Videojuegos,Sega Hdmi 688 Juegos 2 Joysticks Inalambricos,https://www.fravega.com/p/sega-hdmi-688-juegos-2-joysticks-inalambricos-21313129/,64999.0,39999.0,1,True
FRA-juego-ps5-marvels-spider-man-2-342730,Fravega,OTRAS,Gaming y Videojuegos,Juego PS5 Marvel’s Spider Man 2,https://www.fravega.com/p/juego-ps5-marvels-spider-man-2-342730/,174999.0,109999.0,1,True
FRA-auriculares-jbl-quantum-100m2-violet-342,Fravega,OTRAS,Gaming y Videojuegos,Auriculares JBL Quantum 100M2 Violet,https://www.fravega.com/p/auriculares-jbl-quantum-100m2-violet-342579/,89999.0,74379.34,1,True
FRA-joystick-ps5-dualsense-techno-red-amer-3,Fravega,OTRAS,Gaming y Videojuegos,Joystick PS5 Dualsense TECHNO RED AMER,https://www.fravega.com/p/joystick-ps5-dualsense-techno-red-amer-342664/,199999.0,165288.43,1,True
FRA-juego-ps5-marvel-tokon-fighting-souls-ed,Fravega,OTRAS,Gaming y Videojuegos,Juego PS5 Marvel Tokon Fighting Souls Edición Estándar,https://www.fravega.com/p/juego-ps5-marvel-tokon-fighting-souls-edicion-estandar-342807/,144999.0,119833.88,1,True
FRA-auriculares-gamer-vsg-pentagon-azul-3425,Fravega,OTRAS,Gaming y Videojuegos,Auriculares Gamer VSG Pentagon Azul,https://www.fravega.com/p/auriculares-gamer-vsg-pentagon-azul-342533/,49999.0,34999.0,1,True
FRA-consola-de-juegos-retro-portatil-sup-gam,Fravega,OTRAS,Gaming y Videojuegos,Consola de Juegos retro portátil sup game 400 en 1,https://www.fravega.com/p/consola-de-juegos-retro-portatil-sup-game-400-1--21195321/,45999.0,29999.0,1,True
FRA-joystick-ps5-dualsense-first-light-le-am,Fravega,OTRAS,Gaming y Videojuegos,Joystick PS5 Dualsense  FIRST LIGHT LE AMER,https://www.fravega.com/p/joystick-ps5-dualsense-first-light-le-amer-342691/,197999.0,163635.54,1,True
FRA-nintendo-switch-pro-controller-342670,Fravega,OTRAS,Gaming y Videojuegos,Nintendo Switch Pro Controller,https://www.fravega.com/p/nintendo-switch-pro-controller-342670/,289999.0,239668.6,1,True
FRA-joystick-ps5-dualsense-starlight-blue-am,Fravega,OTRAS,Gaming y Videojuegos,Joystick PS5 Dualsense STARLIGHT BLUE AMER,https://www.fravega.com/p/joystick-ps5-dualsense-starlight-blue-amer-342696/,174999.0,144627.27,1,True
FRA-auriculares-jbl-quantum-100m2-negro-3425,Fravega,OTRAS,Gaming y Videojuegos,Auriculares JBL Quantum 100M2 Negro,https://www.fravega.com/p/auriculares-jbl-quantum-100m2-negro-342520/,89999.0,74379.34,1,True
FRA-teclado-gamer-marvo-k604-597073,Fravega,OTRAS,Gaming y Videojuegos,Teclado Gamer Marvo K604,https://www.fravega.com/p/teclado-gamer-marvo-k604-597073/,29900.0,14999.0,1,True
FRA-consola-game-tv-stick-35-000-juegos-conv,Fravega,OTRAS,Gaming y Videojuegos,Consola Game Tv Stick +35.000 juegos +Converti en Smart  LA TV +2 Joystick  Android Tv Full 5G 8K 1año garantia,https://www.fravega.com/p/consola-game-tv-stick-35-000-juegos-converti-smart-la-tv-2-joystick-android-tv-full-5g-8k-1ano-garantia-22059842/,199999.0,139999.0,1,True
FRA-pc-gamer-ryzen-7-5700g-32gb-ram-480gb-ss,Fravega,OTRAS,Gaming y Videojuegos,PC GAMER RYZEN 7 5700G + 32GB RAM + 480GB SSD – GRAPHICS VEGA + PLACA WIFI,https://www.fravega.com/p/pc-gamer-ryzen-7-5700g-32gb-ram-480gb-ssd--graphics-vega-placa-wifi-21195293/,1632706.0,1387800.0,1,True
FRA-joystick-ps5-sony-dualsense-midnight-bla,Fravega,SONY,Gaming y Videojuegos,Joystick Ps5 Sony DualSense Midnight Black,https://www.fravega.com/p/joystick-ps5-sony-dualsense-midnight-black-342688/,174999.0,144627.27,1,True
FRA-joystick-ps5-dualsense-white-amer-342665,Fravega,OTRAS,Gaming y Videojuegos,Joystick PS5 Dualsense  WHITE AMER,https://www.fravega.com/p/joystick-ps5-dualsense-white-amer-342665/,179999.0,148759.5,1,True
FRA-nintendo-switch-oled-model-super-mario-b,Fravega,OTRAS,Gaming y Videojuegos,Nintendo Switch OLED Model + Super Mario Bros. Wonder + 3mo NSO,https://www.fravega.com/p/nintendo-switch-oled-model-super-mario-bros-wonder-3mo-nso-342672/,999999.0,799999.0,1,True
FRA-ps5-estacion-de-recarga-para-el-dualsens,Fravega,OTRAS,Gaming y Videojuegos,PS5 Estación de recarga para el DualSense,https://www.fravega.com/p/ps5-estacion-de-recarga-para-el-dualsense-342659/,84999.0,79999.0,1,True
FRA-control-inalambrico-ps5-dualsense-chroma,Fravega,OTRAS,Gaming y Videojuegos,Control Inalámbrico PS5 Dualsense Chroma Pearl,https://www.fravega.com/p/control-inalambrico-ps5-dualsense-chroma-pearl-342686/,299999.0,247933.06,1,True
FRA-control-inalambrico-dualsense-rhythm-blu,Fravega,OTRAS,Gaming y Videojuegos,Control Inalámbrico DualSense Rhythm Blue,https://www.fravega.com/p/control-inalambrico-dualsense-rhythm-blue-342720/,199999.0,165288.43,1,True
FRA-joystick-ps5-dualsense-cosmic-red-amer-3,Fravega,OTRAS,Gaming y Videojuegos,Joystick PS5 Dualsense COSMIC RED AMER,https://www.fravega.com/p/joystick-ps5-dualsense-cosmic-red-amer-342692/,179999.0,148759.5,1,True
FRA-joystick-para-ps4-negro-inalambrico-negr,Fravega,OTRAS,Gaming y Videojuegos,Joystick Para Ps4 Negro Inalambrico Negro,https://www.fravega.com/p/joystick-para-ps4-negro-inalambrico-negro-22714834/,54999.0,34999.0,1,True
FRA-control-inalambrico-ps5-dualsense-chroma,Fravega,OTRAS,Gaming y Videojuegos,Control Inalámbrico PS5 Dualsense Chroma Indigo,https://www.fravega.com/p/control-inalambrico-ps5-dualsense-chroma-indigo--342685/,185999.0,153718.18,1,True
FRA-videojuego-nintendo-switch-2-pokemon-pok,Fravega,OTRAS,Gaming y Videojuegos,Videojuego Nintendo Switch 2 Pokémon Pokopia,https://www.fravega.com/p/videojuego-nintendo-switch-2-pokemon-pokopia-342799/,164999.0,139999.0,1,True
FRA-joystick-ps5-dualsense-chroma-teal-34268,Fravega,OTRAS,Gaming y Videojuegos,Joystick PS5 Dualsense CHROMA TEAL,https://www.fravega.com/p/joystick-ps5-dualsense-chroma-teal-342684/,185999.0,153718.18,1,True
FRA-consola-nintendo-switch-2-342626,Fravega,OTRAS,Gaming y Videojuegos,Consola Nintendo Switch 2,https://www.fravega.com/p/consola-nintendo-switch-2-342626/,1699999.0,1499999.0,1,True
FRA-videojuego-nintendo-switch-mario-kart-8-,Fravega,OTRAS,Gaming y Videojuegos,Videojuego Nintendo Switch Mario Kart 8 Deluxe,https://www.fravega.com/p/videojuego-nintendo-switch-mario-kart-8-deluxe-342802/,139999.0,119999.0,1,True
FRA-ps5-playstation-5-con-astro-bot-y-gran-t,Fravega,OTRAS,Gaming y Videojuegos,PS5 PlayStation 5 con Astro Bot y Gran Turismo 7 Digital Bundle 2,https://www.fravega.com/p/ps5-playstation-5-con-astro-bot-y-gran-turismo-7-digital-bundle-2--342667/,1899999.0,1570247.11,1,True
FRA-joystick-inalambrico-gamer-compatible-p4,Fravega,OTRAS,Gaming y Videojuegos,Joystick Inalámbrico Gamer Compatible P4 Y Control Pc Gamer Inalambrico Usb Dehuka,https://www.fravega.com/p/joystick-inalambrico-gamer-compatible-p4-y-control-pc-gamer-inalambrico-usb-dehuka-22481187/,46372.0,41735.0,1,True
FRA-ps5-playstation-5-con-astro-bot-y-gran-t,Fravega,OTRAS,Gaming y Videojuegos,PS5 PlayStation 5 con Astro Bot y Gran Turismo 7 Standar Bundle 2,https://www.fravega.com/p/ps5-playstation-5-con-astro-bot-y-gran-turismo-7-standar-bundle-2-342666/,1999999.0,1652891.74,1,True
FRA-videojuego-nintendo-switch-2-pokemon-leg,Fravega,OTRAS,Gaming y Videojuegos,Videojuego Nintendo Switch 2 Pokémon Legends: Z-A,https://www.fravega.com/p/videojuego-nintendo-switch-2-pokemon-legends-z-a-342797/,164999.0,119999.0,1,True
FRA-sega-hdmi-688-juegos-2-joysticks-inalamb,Fravega,OTRAS,Gaming y Videojuegos,Sega Hdmi 688 Juegos 2 Joysticks Inalambricos,https://www.fravega.com/p/sega-hdmi-688-juegos-2-joysticks-inalambricos-21313129/,64999.0,39999.0,1,True
FRA-juego-ps5-marvels-spider-man-2-342730,Fravega,OTRAS,Gaming y Videojuegos,Juego PS5 Marvel’s Spider Man 2,https://www.fravega.com/p/juego-ps5-marvels-spider-man-2-342730/,174999.0,109999.0,1,True
FRA-auriculares-jbl-quantum-100m2-violet-342,Fravega,OTRAS,Gaming y Videojuegos,Auriculares JBL Quantum 100M2 Violet,https://www.fravega.com/p/auriculares-jbl-quantum-100m2-violet-342579/,89999.0,74379.34,1,True
FRA-joystick-ps5-dualsense-techno-red-amer-3,Fravega,OTRAS,Gaming y Videojuegos,Joystick PS5 Dualsense TECHNO RED AMER,https://www.fravega.com/p/joystick-ps5-dualsense-techno-red-amer-342664/,199999.0,165288.43,1,True
FRA-juego-ps5-marvel-tokon-fighting-souls-ed,Fravega,OTRAS,Gaming y Videojuegos,Juego PS5 Marvel Tokon Fighting Souls Edición Estándar,https://www.fravega.com/p/juego-ps5-marvel-tokon-fighting-souls-edicion-estandar-342807/,144999.0,119833.88,1,True
FRA-auriculares-gamer-vsg-pentagon-azul-3425,Fravega,OTRAS,Gaming y Videojuegos,Auriculares Gamer VSG Pentagon Azul,https://www.fravega.com/p/auriculares-gamer-vsg-pentagon-azul-342533/,49999.0,34999.0,1,True
FRA-consola-de-juegos-retro-portatil-sup-gam,Fravega,OTRAS,Gaming y Videojuegos,Consola de Juegos retro portátil sup game 400 en 1,https://www.fravega.com/p/consola-de-juegos-retro-portatil-sup-game-400-1--21195321/,45999.0,29999.0,1,True
FRA-joystick-ps5-dualsense-first-light-le-am,Fravega,OTRAS,Gaming y Videojuegos,Joystick PS5 Dualsense  FIRST LIGHT LE AMER,https://www.fravega.com/p/joystick-ps5-dualsense-first-light-le-amer-342691/,197999.0,163635.54,1,True
FRA-nintendo-switch-pro-controller-342670,Fravega,OTRAS,Gaming y Videojuegos,Nintendo Switch Pro Controller,https://www.fravega.com/p/nintendo-switch-pro-controller-342670/,289999.0,239668.6,1,True
FRA-joystick-ps5-dualsense-starlight-blue-am,Fravega,OTRAS,Gaming y Videojuegos,Joystick PS5 Dualsense STARLIGHT BLUE AMER,https://www.fravega.com/p/joystick-ps5-dualsense-starlight-blue-amer-342696/,174999.0,144627.27,1,True
FRA-auriculares-jbl-quantum-100m2-negro-3425,Fravega,OTRAS,Gaming y Videojuegos,Auriculares JBL Quantum 100M2 Negro,https://www.fravega.com/p/auriculares-jbl-quantum-100m2-negro-342520/,89999.0,74379.34,1,True
FRA-teclado-gamer-marvo-k604-597073,Fravega,OTRAS,Gaming y Videojuegos,Teclado Gamer Marvo K604,https://www.fravega.com/p/teclado-gamer-marvo-k604-597073/,29900.0,14999.0,1,True
FRA-consola-game-tv-stick-35-000-juegos-conv,Fravega,OTRAS,Gaming y Videojuegos,Consola Game Tv Stick +35.000 juegos +Converti en Smart  LA TV +2 Joystick  Android Tv Full 5G 8K 1año garantia,https://www.fravega.com/p/consola-game-tv-stick-35-000-juegos-converti-smart-la-tv-2-joystick-android-tv-full-5g-8k-1ano-garantia-22059842/,199999.0,139999.0,1,True
FRA-pc-gamer-ryzen-7-5700g-32gb-ram-480gb-ss,Fravega,OTRAS,Gaming y Videojuegos,PC GAMER RYZEN 7 5700G + 32GB RAM + 480GB SSD – GRAPHICS VEGA + PLACA WIFI,https://www.fravega.com/p/pc-gamer-ryzen-7-5700g-32gb-ram-480gb-ssd--graphics-vega-placa-wifi-21195293/,1632706.0,1387800.0,1,True
FRA-auriculares-sony-ps5-pulse-elite-342658,Fravega,SONY,Gaming y Videojuegos,Auriculares Sony PS5 Pulse Elite,https://www.fravega.com/p/auriculares-sony-ps5-pulse-elite-342658/,434999.0,359503.31,1,True
FRA-videojuego-nintendo-switch-2-super-mario,Fravega,OTRAS,Gaming y Videojuegos,Videojuego Nintendo Switch 2 Super Mario Galaxy + Super Mario Galaxy 2,https://www.fravega.com/p/videojuego-nintendo-switch-2-super-mario-galaxy-super-mario-galaxy-2-342798/,164999.0,144999.0,1,True
FRA-joystick-microsoft-xbox-wireless-white-3,Fravega,OTRAS,Gaming y Videojuegos,Joystick Microsoft Xbox Wireless White,https://www.fravega.com/p/joystick-microsoft-xbox-wireless-white-342654/,189999.0,179999.0,1,True
FRA-consola-retro-game-stick-m15-plus-pro-2-,Fravega,OTRAS,Gaming y Videojuegos,Consola Retro Game Stick M15 Plus Pro + 2 Joysticks + 20mil Juegos FULL Emulador 3D,https://www.fravega.com/p/consola-retro-game-stick-m15-plus-pro-2-joysticks-20mil-juegos-full-emulador-3d--21456157/,121999.0,79999.0,1,True
FRA-game-stick-k8-la-mejor-consola-retro-40-,Fravega,OTRAS,Gaming y Videojuegos,Game Stick K8  La mejor Consola RETRO 40.000 juegos K8 La mas completa FULL Dos joystick Inalámbricos,https://www.fravega.com/p/game-stick-k8-la-mejor-consola-retro-40-000-juegos-k8-la-mas-completa-full-dos-joystick-inalambricos--22470655/,179999.0,108999.0,1,True
FRA-joystick-ps5-inalambrico-sony-playstatio,Fravega,SONY,Gaming y Videojuegos,Joystick PS5 Inalámbrico Sony PlayStation 5 DualSense Blanco,https://www.fravega.com/p/joystick-ps5-inalambrico-sony-playstation-5-dualsense-blanco-990005985/,189999.0,167999.0,1,True
FRA-joystick-ps5-dualsense-fortnite-le-34269,Fravega,OTRAS,Gaming y Videojuegos,Joystick PS5 Dualsense  FORTNITE LE,https://www.fravega.com/p/joystick-ps5-dualsense-fortnite-le-342694/,199999.0,165288.43,1,True
FRA-consola-retro-game-stick-x2-plus-64gb-4k,Fravega,OTRAS,Gaming y Videojuegos,Consola Retro Game Stick x2 Plus 64GB 4K HDMI 35.000 Juegos,https://www.fravega.com/p/consola-retro-game-stick-x2-plus-64gb-4k-hdmi-35-000-juegos-21457950/,107999.0,87990.0,1,True
FRA-control-joystick-inalambrico-compatible-,Fravega,OTRAS,Gaming y Videojuegos,Control Joystick Inalambrico Compatible Con ps4 Blanco,https://www.fravega.com/p/control-joystick-inalambrico-compatible-con-ps4-blanco-21923141/,39999.0,26999.0,1,True
FRA-control-joystick-inalambrico-compatible-,Fravega,OTRAS,Gaming y Videojuegos,Control Joystick Inalambrico Compatible Con ps4 Verde Alpino,https://www.fravega.com/p/control-joystick-inalambrico-compatible-con-ps4-verde-alpino-21923174/,39999.0,26999.0,1,True
FRA-juego-ea-fifa-25-ps4-342553,Fravega,OTRAS,Gaming y Videojuegos,Juego EA FIFA 25 PS4,https://www.fravega.com/p/juego-ea-fifa-25-ps4-342553/,99999.0,82644.0,1,True
FRA-consola-nintendo-switch-2-342626,Fravega,OTRAS,Gaming y Videojuegos,Consola Nintendo Switch 2,https://www.fravega.com/p/consola-nintendo-switch-2-342626/,1699999.0,1499999.0,1,True
FRA-videojuego-nintendo-switch-mario-kart-8-,Fravega,OTRAS,Gaming y Videojuegos,Videojuego Nintendo Switch Mario Kart 8 Deluxe,https://www.fravega.com/p/videojuego-nintendo-switch-mario-kart-8-deluxe-342802/,139999.0,119999.0,1,True
FRA-ps5-playstation-5-con-astro-bot-y-gran-t,Fravega,OTRAS,Gaming y Videojuegos,PS5 PlayStation 5 con Astro Bot y Gran Turismo 7 Digital Bundle 2,https://www.fravega.com/p/ps5-playstation-5-con-astro-bot-y-gran-turismo-7-digital-bundle-2--342667/,1899999.0,1570247.11,1,True
FRA-joystick-inalambrico-gamer-compatible-p4,Fravega,OTRAS,Gaming y Videojuegos,Joystick Inalámbrico Gamer Compatible P4 Y Control Pc Gamer Inalambrico Usb Dehuka,https://www.fravega.com/p/joystick-inalambrico-gamer-compatible-p4-y-control-pc-gamer-inalambrico-usb-dehuka-22481187/,46372.0,41735.0,1,True
FRA-ps5-playstation-5-con-astro-bot-y-gran-t,Fravega,OTRAS,Gaming y Videojuegos,PS5 PlayStation 5 con Astro Bot y Gran Turismo 7 Standar Bundle 2,https://www.fravega.com/p/ps5-playstation-5-con-astro-bot-y-gran-turismo-7-standar-bundle-2-342666/,1999999.0,1652891.74,1,True
FRA-videojuego-nintendo-switch-2-pokemon-leg,Fravega,OTRAS,Gaming y Videojuegos,Videojuego Nintendo Switch 2 Pokémon Legends: Z-A,https://www.fravega.com/p/videojuego-nintendo-switch-2-pokemon-legends-z-a-342797/,164999.0,119999.0,1,True
FRA-sega-hdmi-688-juegos-2-joysticks-inalamb,Fravega,OTRAS,Gaming y Videojuegos,Sega Hdmi 688 Juegos 2 Joysticks Inalambricos,https://www.fravega.com/p/sega-hdmi-688-juegos-2-joysticks-inalambricos-21313129/,64999.0,39999.0,1,True
FRA-juego-ps5-marvels-spider-man-2-342730,Fravega,OTRAS,Gaming y Videojuegos,Juego PS5 Marvel’s Spider Man 2,https://www.fravega.com/p/juego-ps5-marvels-spider-man-2-342730/,174999.0,109999.0,1,True
FRA-auriculares-jbl-quantum-100m2-violet-342,Fravega,OTRAS,Gaming y Videojuegos,Auriculares JBL Quantum 100M2 Violet,https://www.fravega.com/p/auriculares-jbl-quantum-100m2-violet-342579/,89999.0,74379.34,1,True
FRA-joystick-ps5-dualsense-techno-red-amer-3,Fravega,OTRAS,Gaming y Videojuegos,Joystick PS5 Dualsense TECHNO RED AMER,https://www.fravega.com/p/joystick-ps5-dualsense-techno-red-amer-342664/,199999.0,165288.43,1,True
FRA-juego-ps5-marvel-tokon-fighting-souls-ed,Fravega,OTRAS,Gaming y Videojuegos,Juego PS5 Marvel Tokon Fighting Souls Edición Estándar,https://www.fravega.com/p/juego-ps5-marvel-tokon-fighting-souls-edicion-estandar-342807/,144999.0,119833.88,1,True
FRA-auriculares-gamer-vsg-pentagon-azul-3425,Fravega,OTRAS,Gaming y Videojuegos,Auriculares Gamer VSG Pentagon Azul,https://www.fravega.com/p/auriculares-gamer-vsg-pentagon-azul-342533/,49999.0,34999.0,1,True
FRA-consola-de-juegos-retro-portatil-sup-gam,Fravega,OTRAS,Gaming y Videojuegos,Consola de Juegos retro portátil sup game 400 en 1,https://www.fravega.com/p/consola-de-juegos-retro-portatil-sup-game-400-1--21195321/,45999.0,29999.0,1,True
FRA-joystick-ps5-dualsense-first-light-le-am,Fravega,OTRAS,Gaming y Videojuegos,Joystick PS5 Dualsense  FIRST LIGHT LE AMER,https://www.fravega.com/p/joystick-ps5-dualsense-first-light-le-amer-342691/,197999.0,163635.54,1,True
FRA-nintendo-switch-pro-controller-342670,Fravega,OTRAS,Gaming y Videojuegos,Nintendo Switch Pro Controller,https://www.fravega.com/p/nintendo-switch-pro-controller-342670/,289999.0,239668.6,1,True
FRA-joystick-ps5-dualsense-starlight-blue-am,Fravega,OTRAS,Gaming y Videojuegos,Joystick PS5 Dualsense STARLIGHT BLUE AMER,https://www.fravega.com/p/joystick-ps5-dualsense-starlight-blue-amer-342696/,174999.0,144627.27,1,True
FRA-auriculares-jbl-quantum-100m2-negro-3425,Fravega,OTRAS,Gaming y Videojuegos,Auriculares JBL Quantum 100M2 Negro,https://www.fravega.com/p/auriculares-jbl-quantum-100m2-negro-342520/,89999.0,74379.34,1,True
FRA-teclado-gamer-marvo-k604-597073,Fravega,OTRAS,Gaming y Videojuegos,Teclado Gamer Marvo K604,https://www.fravega.com/p/teclado-gamer-marvo-k604-597073/,29900.0,14999.0,1,True
FRA-consola-game-tv-stick-35-000-juegos-conv,Fravega,OTRAS,Gaming y Videojuegos,Consola Game Tv Stick +35.000 juegos +Converti en Smart  LA TV +2 Joystick  Android Tv Full 5G 8K 1año garantia,https://www.fravega.com/p/consola-game-tv-stick-35-000-juegos-converti-smart-la-tv-2-joystick-android-tv-full-5g-8k-1ano-garantia-22059842/,199999.0,139999.0,1,True
FRA-pc-gamer-ryzen-7-5700g-32gb-ram-480gb-ss,Fravega,OTRAS,Gaming y Videojuegos,PC GAMER RYZEN 7 5700G + 32GB RAM + 480GB SSD – GRAPHICS VEGA + PLACA WIFI,https://www.fravega.com/p/pc-gamer-ryzen-7-5700g-32gb-ram-480gb-ssd--graphics-vega-placa-wifi-21195293/,1632706.0,1387800.0,1,True
FRA-consola-retro-portatil-sup-400-juegos-1-,Fravega,OTRAS,Gaming y Videojuegos,Consola Retro Portatil Sup 400 Juegos en 1 + Joystick Ideal Regalo,https://www.fravega.com/p/consola-retro-portatil-sup-400-juegos-1-joystick-ideal-regalo--22663304/,37999.0,28999.0,1,True
FRA-sony-playstation-5-digital-edition-825gb,Fravega,SONY,Gaming y Videojuegos,Sony PlayStation 5 Digital Edition 825GB Slim + 2 Joystick Original,https://www.fravega.com/p/sony-playstation-5-digital-edition-825gb-slim-2-joystick-original-22969704/,2249999.0,1799999.0,1,True
FRA-control-joystick-inalambrico-compatible-,Fravega,OTRAS,Gaming y Videojuegos,Control Joystick Inalambrico Compatible Con ps4 ROJO,https://www.fravega.com/p/control-joystick-inalambrico-compatible-con-ps4-rojo-21923152/,39999.0,26999.0,1,True
FRA-joystick-microsoft-xbox-wireless-black-3,Fravega,OTRAS,Gaming y Videojuegos,Joystick Microsoft Xbox Wireless Black,https://www.fravega.com/p/joystick-microsoft-xbox-wireless-black-342653/,189999.0,179999.0,1,True
FRA-ps5-playstation-5-slim-1tb-standard-colo,Fravega,OTRAS,Gaming y Videojuegos,PS5 PlayStation 5 Slim 1TB Standard Color Blanco,https://www.fravega.com/p/ps5-playstation-5-slim-1tb-standard-color-blanco-22913216/,2585518.49,1744048.95,1,True
FRA-ps5-playstation-5-slim-edicion-digital-1,Fravega,OTRAS,Gaming y Videojuegos,PS5 Playstation 5 Slim Edicion Digital 1TB Blanco,https://www.fravega.com/p/ps5-playstation-5-slim-edicion-digital-1tb-blanco-22913218/,2570398.49,1660048.95,1,True
FRA-juego-rummy-burako-con-estuche-eco-cuero,Fravega,OTRAS,Gaming y Videojuegos,Juego Rummy Burako con Estuche Eco Cuero Premium,https://www.fravega.com/p/juego-rummy-burako-con-estuche-eco-cuero-premium-22925108/,37509.0,30999.0,1,True
FRA-control-joystick-inalambrico-compatible-,Fravega,OTRAS,Gaming y Videojuegos,Control Joystick Inalambrico Compatible Con ps4 NEGRO,https://www.fravega.com/p/control-joystick-inalambrico-compatible-con-ps4-negro-21923140/,39999.0,26999.0,1,True
FRA-control-joystick-inalambrico-compatible-,Fravega,OTRAS,Gaming y Videojuegos,Control Joystick Inalambrico Compatible Con ps4 AZUL,https://www.fravega.com/p/control-joystick-inalambrico-compatible-con-ps4-azul-21923163/,39999.0,26999.0,1,True
FRA-joystick-ps5-dualsense-remix-green-amer-,Fravega,OTRAS,Gaming y Videojuegos,Joystick PS5 Dualsense  REMIX GREEN AMER,https://www.fravega.com/p/joystick-ps5-dualsense-remix-green-amer-342663/,199999.0,165288.43,1,True
FRA-joystick-ps5-dualsense-marathon-le-amer-,Fravega,OTRAS,Gaming y Videojuegos,Joystick PS5 Dualsense MARATHON LE - AMER,https://www.fravega.com/p/joystick-ps5-dualsense-marathon-le-amer-342657/,199999.0,165288.43,1,True
FRA-control-inalambrico-dualsense-edge-midni,Fravega,OTRAS,Gaming y Videojuegos,Control Inalámbrico DualSense Edge Midnight Black,https://www.fravega.com/p/control-inalambrico-dualsense-edge-midnight-black-342722/,559999.0,462809.09,1,True
FRA-ps5-playstation-5-slim-edicion-digital-1,Fravega,OTRAS,Gaming y Videojuegos,Ps5 Playstation 5 Slim Edicion Digital 1Tb Blanco,https://www.fravega.com/p/ps5-playstation-5-slim-edicion-digital-1tb-blanco-23004676/,3598557.89,2008659.23,1,True
FRA-ps5-playstation-5-slim-edicion-digital-1,Fravega,OTRAS,Gaming y Videojuegos,Ps5 Playstation 5 Slim Edicion Digital 1Tb Blanco,https://www.fravega.com/p/ps5-playstation-5-slim-edicion-digital-1tb-blanco-23004721/,2774653.25,1942257.27,1,True
FRA-consola-nintendo-switch-2-342626,Fravega,OTRAS,Gaming y Videojuegos,Consola Nintendo Switch 2,https://www.fravega.com/p/consola-nintendo-switch-2-342626/,1699999.0,1499999.0,1,True
FRA-videojuego-nintendo-switch-mario-kart-8-,Fravega,OTRAS,Gaming y Videojuegos,Videojuego Nintendo Switch Mario Kart 8 Deluxe,https://www.fravega.com/p/videojuego-nintendo-switch-mario-kart-8-deluxe-342802/,139999.0,119999.0,1,True
FRA-ps5-playstation-5-con-astro-bot-y-gran-t,Fravega,OTRAS,Gaming y Videojuegos,PS5 PlayStation 5 con Astro Bot y Gran Turismo 7 Digital Bundle 2,https://www.fravega.com/p/ps5-playstation-5-con-astro-bot-y-gran-turismo-7-digital-bundle-2--342667/,1899999.0,1570247.11,1,True
FRA-joystick-inalambrico-gamer-compatible-p4,Fravega,OTRAS,Gaming y Videojuegos,Joystick Inalámbrico Gamer Compatible P4 Y Control Pc Gamer Inalambrico Usb Dehuka,https://www.fravega.com/p/joystick-inalambrico-gamer-compatible-p4-y-control-pc-gamer-inalambrico-usb-dehuka-22481187/,46372.0,41735.0,1,True
FRA-ps5-playstation-5-con-astro-bot-y-gran-t,Fravega,OTRAS,Gaming y Videojuegos,PS5 PlayStation 5 con Astro Bot y Gran Turismo 7 Standar Bundle 2,https://www.fravega.com/p/ps5-playstation-5-con-astro-bot-y-gran-turismo-7-standar-bundle-2-342666/,1999999.0,1652891.74,1,True
FRA-videojuego-nintendo-switch-2-pokemon-leg,Fravega,OTRAS,Gaming y Videojuegos,Videojuego Nintendo Switch 2 Pokémon Legends: Z-A,https://www.fravega.com/p/videojuego-nintendo-switch-2-pokemon-legends-z-a-342797/,164999.0,119999.0,1,True
FRA-sega-hdmi-688-juegos-2-joysticks-inalamb,Fravega,OTRAS,Gaming y Videojuegos,Sega Hdmi 688 Juegos 2 Joysticks Inalambricos,https://www.fravega.com/p/sega-hdmi-688-juegos-2-joysticks-inalambricos-21313129/,64999.0,39999.0,1,True
FRA-juego-ps5-marvels-spider-man-2-342730,Fravega,OTRAS,Gaming y Videojuegos,Juego PS5 Marvel’s Spider Man 2,https://www.fravega.com/p/juego-ps5-marvels-spider-man-2-342730/,174999.0,109999.0,1,True
FRA-auriculares-jbl-quantum-100m2-violet-342,Fravega,OTRAS,Gaming y Videojuegos,Auriculares JBL Quantum 100M2 Violet,https://www.fravega.com/p/auriculares-jbl-quantum-100m2-violet-342579/,89999.0,74379.34,1,True
FRA-joystick-ps5-dualsense-techno-red-amer-3,Fravega,OTRAS,Gaming y Videojuegos,Joystick PS5 Dualsense TECHNO RED AMER,https://www.fravega.com/p/joystick-ps5-dualsense-techno-red-amer-342664/,199999.0,165288.43,1,True
FRA-juego-ps5-marvel-tokon-fighting-souls-ed,Fravega,OTRAS,Gaming y Videojuegos,Juego PS5 Marvel Tokon Fighting Souls Edición Estándar,https://www.fravega.com/p/juego-ps5-marvel-tokon-fighting-souls-edicion-estandar-342807/,144999.0,119833.88,1,True
FRA-auriculares-gamer-vsg-pentagon-azul-3425,Fravega,OTRAS,Gaming y Videojuegos,Auriculares Gamer VSG Pentagon Azul,https://www.fravega.com/p/auriculares-gamer-vsg-pentagon-azul-342533/,49999.0,34999.0,1,True
FRA-consola-de-juegos-retro-portatil-sup-gam,Fravega,OTRAS,Gaming y Videojuegos,Consola de Juegos retro portátil sup game 400 en 1,https://www.fravega.com/p/consola-de-juegos-retro-portatil-sup-game-400-1--21195321/,45999.0,29999.0,1,True
FRA-joystick-ps5-dualsense-first-light-le-am,Fravega,OTRAS,Gaming y Videojuegos,Joystick PS5 Dualsense  FIRST LIGHT LE AMER,https://www.fravega.com/p/joystick-ps5-dualsense-first-light-le-amer-342691/,197999.0,163635.54,1,True
FRA-nintendo-switch-pro-controller-342670,Fravega,OTRAS,Gaming y Videojuegos,Nintendo Switch Pro Controller,https://www.fravega.com/p/nintendo-switch-pro-controller-342670/,289999.0,239668.6,1,True
FRA-joystick-ps5-dualsense-starlight-blue-am,Fravega,OTRAS,Gaming y Videojuegos,Joystick PS5 Dualsense STARLIGHT BLUE AMER,https://www.fravega.com/p/joystick-ps5-dualsense-starlight-blue-amer-342696/,174999.0,144627.27,1,True
FRA-auriculares-jbl-quantum-100m2-negro-3425,Fravega,OTRAS,Gaming y Videojuegos,Auriculares JBL Quantum 100M2 Negro,https://www.fravega.com/p/auriculares-jbl-quantum-100m2-negro-342520/,89999.0,74379.34,1,True
FRA-teclado-gamer-marvo-k604-597073,Fravega,OTRAS,Gaming y Videojuegos,Teclado Gamer Marvo K604,https://www.fravega.com/p/teclado-gamer-marvo-k604-597073/,29900.0,14999.0,1,True
FRA-consola-game-tv-stick-35-000-juegos-conv,Fravega,OTRAS,Gaming y Videojuegos,Consola Game Tv Stick +35.000 juegos +Converti en Smart  LA TV +2 Joystick  Android Tv Full 5G 8K 1año garantia,https://www.fravega.com/p/consola-game-tv-stick-35-000-juegos-converti-smart-la-tv-2-joystick-android-tv-full-5g-8k-1ano-garantia-22059842/,199999.0,139999.0,1,True
FRA-pc-gamer-ryzen-7-5700g-32gb-ram-480gb-ss,Fravega,OTRAS,Gaming y Videojuegos,PC GAMER RYZEN 7 5700G + 32GB RAM + 480GB SSD – GRAPHICS VEGA + PLACA WIFI,https://www.fravega.com/p/pc-gamer-ryzen-7-5700g-32gb-ram-480gb-ssd--graphics-vega-placa-wifi-21195293/,1632706.0,1387800.0,1,True
FRA-consola-retro-game-r36s-22-000-juegos-ps,Fravega,OTRAS,Gaming y Videojuegos,"Consola Retro Game R36S | +22.000 Juegos PS1, MAME, GBA y más",https://www.fravega.com/p/consola-retro-game-r36s-22-000-juegos-ps1-mame-gba-y-mas-22613268/,139799.0,99699.0,1,True
FRA-preventa-videojuego-marvel-s-wolverine-p,Fravega,OTRAS,Gaming y Videojuegos,Preventa Videojuego Marvel's Wolverine para Playstation 5,https://www.fravega.com/p/preventa-videojuego-marvel-s-wolverine-para-playstation-5-342638/,174999.0,144627.27,1,True
FRA-joystick-sony-ps5-dualsense-cobalt-blue-,Fravega,SONY,Gaming y Videojuegos,Joystick Sony PS5 DualSense Cobalt Blue,https://www.fravega.com/p/joystick-sony-ps5-dualsense-cobalt-blue-342718/,189999.0,179999.0,1,True
FRA-playstation-vr2-342721,Fravega,OTRAS,Gaming y Videojuegos,PlayStation VR2,https://www.fravega.com/p/playstation-vr2-342721/,1299999.0,1074379.34,1,True
FRA-ps5-playstation-5-slim-blanco-4k-825-gb-,Fravega,OTRAS,Gaming y Videojuegos,Ps5 Playstation 5 Slim Blanco 4K 825 Gb Digital,https://www.fravega.com/p/ps5-playstation-5-slim-blanco-4k-825-gb-digital-23004793/,2492098.25,1744468.77,1,True
FRA-juego-ea-fifa-25-ps5-342569,Fravega,OTRAS,Gaming y Videojuegos,Juego EA FIFA 25 PS5,https://www.fravega.com/p/juego-ea-fifa-25-ps5-342569/,99999.0,82644.0,1,True
FRA-consola-game-stick-4k-pro-m15-20-000-jue,Fravega,OTRAS,Gaming y Videojuegos,Consola Game Stick 4K Pro M15 20.000 Juegos (64GB),https://www.fravega.com/p/consola-game-stick-4k-pro-m15-20-000-juegos-64gb--21521207/,89699.0,72599.0,1,True
FRA-consola-retro-game-stick-x2-original-gd1,Fravega,OTRAS,Gaming y Videojuegos,Consola Retro Game Stick X2 Original GD10 64gb 4k Hdmi 33.000 Juegos,https://www.fravega.com/p/consola-retro-game-stick-x2-original-gd10-64gb-4k-hdmi-33-000-juegos-21916424/,129799.0,89499.0,1,True
FRA-joystick-para-pc-notebook-usb-analogico-,Fravega,OTRAS,Gaming y Videojuegos,Joystick Para Pc Notebook Usb Analogico Con Vibracion Color,https://www.fravega.com/p/joystick-para-pc-notebook-usb-analogico-con-vibracion-color-21922974/,19999.0,14999.0,1,True
FRA-consola-retro-game-stick-x2-4k-64gb-mas-,Fravega,OTRAS,Gaming y Videojuegos,Consola Retro Game Stick X2 4k 64gb Mas De 33.000 Juegos  3D Plus,https://www.fravega.com/p/consola-retro-game-stick-x2-4k-64gb-mas-de-33-000-juegos-3d-plus-21923304/,169999.0,114999.0,1,True
FRA-estuche-con-16-accesorios-compatibles-co,Fravega,OTRAS,Gaming y Videojuegos,Estuche Con 16 Accesorios Compatibles Con Nintendo Switch Oled,https://www.fravega.com/p/estuche-con-16-accesorios-compatibles-con-nintendo-switch-oled-22481483/,59503.0,53552.0,1,True
FRA-ventilador-humificador-portatil-con-luce,Fravega,OTRAS,Gaming y Videojuegos,Ventilador Humificador Portátil Con Luces Led Climatizador De Aire Dehuka,https://www.fravega.com/p/ventilador-humificador-portatil-con-luces-led-climatizador-de-aire-dehuka-22481531/,20279.0,18251.0,1,True
FRA-consola-super-mini-drive-level-up-joysti,Fravega,OTRAS,Gaming y Videojuegos,Consola Super Mini Drive Level Up Joysticks Inalámbricos +1000 Juegos Retro,https://www.fravega.com/p/consola-super-mini-drive-level-up-joysticks-inalambricos-1000-juegos-retro-22539983/,84999.0,66999.0,1,True
FRA-nintendo-mario-tennis-fever-342671,Fravega,OTRAS,Gaming y Videojuegos,Nintendo Mario Tennis Fever,https://www.fravega.com/p/nintendo-mario-tennis-fever-342671/,164999.0,139999.0,1,True
FRA-joystick-inalambrico-bluetooth-para-play,Fravega,OTRAS,Gaming y Videojuegos,Joystick Inalámbrico Bluetooth Para Playstation 3 Rojo,https://www.fravega.com/p/joystick-inalambrico-bluetooth-para-playstation-3-rojo--22815570/,36448.65,24299.1,1,True
FRA-consola-nintendo-switch-2-342626,Fravega,OTRAS,Gaming y Videojuegos,Consola Nintendo Switch 2,https://www.fravega.com/p/consola-nintendo-switch-2-342626/,1699999.0,1499999.0,1,True
FRA-videojuego-nintendo-switch-mario-kart-8-,Fravega,OTRAS,Gaming y Videojuegos,Videojuego Nintendo Switch Mario Kart 8 Deluxe,https://www.fravega.com/p/videojuego-nintendo-switch-mario-kart-8-deluxe-342802/,139999.0,119999.0,1,True
FRA-ps5-playstation-5-con-astro-bot-y-gran-t,Fravega,OTRAS,Gaming y Videojuegos,PS5 PlayStation 5 con Astro Bot y Gran Turismo 7 Digital Bundle 2,https://www.fravega.com/p/ps5-playstation-5-con-astro-bot-y-gran-turismo-7-digital-bundle-2--342667/,1899999.0,1570247.11,1,True
FRA-joystick-inalambrico-gamer-compatible-p4,Fravega,OTRAS,Gaming y Videojuegos,Joystick Inalámbrico Gamer Compatible P4 Y Control Pc Gamer Inalambrico Usb Dehuka,https://www.fravega.com/p/joystick-inalambrico-gamer-compatible-p4-y-control-pc-gamer-inalambrico-usb-dehuka-22481187/,46372.0,41735.0,1,True
FRA-ps5-playstation-5-con-astro-bot-y-gran-t,Fravega,OTRAS,Gaming y Videojuegos,PS5 PlayStation 5 con Astro Bot y Gran Turismo 7 Standar Bundle 2,https://www.fravega.com/p/ps5-playstation-5-con-astro-bot-y-gran-turismo-7-standar-bundle-2-342666/,1999999.0,1652891.74,1,True
FRA-videojuego-nintendo-switch-2-pokemon-leg,Fravega,OTRAS,Gaming y Videojuegos,Videojuego Nintendo Switch 2 Pokémon Legends: Z-A,https://www.fravega.com/p/videojuego-nintendo-switch-2-pokemon-legends-z-a-342797/,164999.0,119999.0,1,True
FRA-sega-hdmi-688-juegos-2-joysticks-inalamb,Fravega,OTRAS,Gaming y Videojuegos,Sega Hdmi 688 Juegos 2 Joysticks Inalambricos,https://www.fravega.com/p/sega-hdmi-688-juegos-2-joysticks-inalambricos-21313129/,64999.0,39999.0,1,True
FRA-juego-ps5-marvels-spider-man-2-342730,Fravega,OTRAS,Gaming y Videojuegos,Juego PS5 Marvel’s Spider Man 2,https://www.fravega.com/p/juego-ps5-marvels-spider-man-2-342730/,174999.0,109999.0,1,True
FRA-auriculares-jbl-quantum-100m2-violet-342,Fravega,OTRAS,Gaming y Videojuegos,Auriculares JBL Quantum 100M2 Violet,https://www.fravega.com/p/auriculares-jbl-quantum-100m2-violet-342579/,89999.0,74379.34,1,True
FRA-joystick-ps5-dualsense-techno-red-amer-3,Fravega,OTRAS,Gaming y Videojuegos,Joystick PS5 Dualsense TECHNO RED AMER,https://www.fravega.com/p/joystick-ps5-dualsense-techno-red-amer-342664/,199999.0,165288.43,1,True
FRA-juego-ps5-marvel-tokon-fighting-souls-ed,Fravega,OTRAS,Gaming y Videojuegos,Juego PS5 Marvel Tokon Fighting Souls Edición Estándar,https://www.fravega.com/p/juego-ps5-marvel-tokon-fighting-souls-edicion-estandar-342807/,144999.0,119833.88,1,True
FRA-auriculares-gamer-vsg-pentagon-azul-3425,Fravega,OTRAS,Gaming y Videojuegos,Auriculares Gamer VSG Pentagon Azul,https://www.fravega.com/p/auriculares-gamer-vsg-pentagon-azul-342533/,49999.0,34999.0,1,True
FRA-consola-de-juegos-retro-portatil-sup-gam,Fravega,OTRAS,Gaming y Videojuegos,Consola de Juegos retro portátil sup game 400 en 1,https://www.fravega.com/p/consola-de-juegos-retro-portatil-sup-game-400-1--21195321/,45999.0,29999.0,1,True
FRA-joystick-ps5-dualsense-first-light-le-am,Fravega,OTRAS,Gaming y Videojuegos,Joystick PS5 Dualsense  FIRST LIGHT LE AMER,https://www.fravega.com/p/joystick-ps5-dualsense-first-light-le-amer-342691/,197999.0,163635.54,1,True
FRA-nintendo-switch-pro-controller-342670,Fravega,OTRAS,Gaming y Videojuegos,Nintendo Switch Pro Controller,https://www.fravega.com/p/nintendo-switch-pro-controller-342670/,289999.0,239668.6,1,True
FRA-joystick-ps5-dualsense-starlight-blue-am,Fravega,OTRAS,Gaming y Videojuegos,Joystick PS5 Dualsense STARLIGHT BLUE AMER,https://www.fravega.com/p/joystick-ps5-dualsense-starlight-blue-amer-342696/,174999.0,144627.27,1,True
FRA-auriculares-jbl-quantum-100m2-negro-3425,Fravega,OTRAS,Gaming y Videojuegos,Auriculares JBL Quantum 100M2 Negro,https://www.fravega.com/p/auriculares-jbl-quantum-100m2-negro-342520/,89999.0,74379.34,1,True
FRA-teclado-gamer-marvo-k604-597073,Fravega,OTRAS,Gaming y Videojuegos,Teclado Gamer Marvo K604,https://www.fravega.com/p/teclado-gamer-marvo-k604-597073/,29900.0,14999.0,1,True
FRA-consola-game-tv-stick-35-000-juegos-conv,Fravega,OTRAS,Gaming y Videojuegos,Consola Game Tv Stick +35.000 juegos +Converti en Smart  LA TV +2 Joystick  Android Tv Full 5G 8K 1año garantia,https://www.fravega.com/p/consola-game-tv-stick-35-000-juegos-converti-smart-la-tv-2-joystick-android-tv-full-5g-8k-1ano-garantia-22059842/,199999.0,139999.0,1,True
FRA-pc-gamer-ryzen-7-5700g-32gb-ram-480gb-ss,Fravega,OTRAS,Gaming y Videojuegos,PC GAMER RYZEN 7 5700G + 32GB RAM + 480GB SSD – GRAPHICS VEGA + PLACA WIFI,https://www.fravega.com/p/pc-gamer-ryzen-7-5700g-32gb-ram-480gb-ssd--graphics-vega-placa-wifi-21195293/,1632706.0,1387800.0,1,True
FRA-joystick-ps5-dualsense-edge-wire-cfi-zcp,Fravega,OTRAS,Gaming y Videojuegos,Joystick PS5 Dualsense  EDGE WIRE CFI-ZCP1WY,https://www.fravega.com/p/joystick-ps5-dualsense-edge-wire-cfi-zcp1wy-342656/,559999.0,462809.09,1,True
FRA-control-joystick-inalambrico-compatible-,Fravega,OTRAS,Gaming y Videojuegos,Control Joystick Inalambrico Compatible Con ps4 Naranja,https://www.fravega.com/p/control-joystick-inalambrico-compatible-con-ps4-naranja-22883572/,39999.0,26999.0,1,True
FRA-juego-ps4-the-last-of-us-part-ii-remaste,Fravega,OTRAS,Gaming y Videojuegos,Juego PS4 The Last of Us Part II Remastered HITS,https://www.fravega.com/p/juego-ps4-the-last-of-us-part-ii-remastered-hits-342740/,51999.0,39999.0,1,True
FRA-juego-ps4-minecraft-starter-collection-r,Fravega,OTRAS,Gaming y Videojuegos,Juego PS4 Minecraft Starter Collection Refresh,https://www.fravega.com/p/juego-ps4-minecraft-starter-collection-refresh-342742/,77999.0,64461.98,1,True
FRA-xbox-series-x-standar-1-tb-22924959,Fravega,OTRAS,Gaming y Videojuegos,XBOX SERIES X STANDAR 1 TB,https://www.fravega.com/p/xbox-series-x-standar-1-tb-22924959/,3371758.49,2500048.95,1,True
FRA-xbox-series-s-1t-robot-white-22926881,Fravega,OTRAS,Gaming y Videojuegos,XBOX SERIES S 1T ROBOT WHITE,https://www.fravega.com/p/xbox-series-s-1t-robot-white-22926881/,1920000.0,1700000.0,1,True
FRA-xbox-series-s-1t-robot-white-23004644,Fravega,OTRAS,Gaming y Videojuegos,Xbox Series S 1T Robot White,https://www.fravega.com/p/xbox-series-s-1t-robot-white-23004644/,2580000.0,2268000.0,1,True
FRA-xbox-series-x-standar-1-tb-23004648,Fravega,OTRAS,Gaming y Videojuegos,Xbox Series X Standar 1 Tb,https://www.fravega.com/p/xbox-series-x-standar-1-tb-23004648/,4720461.89,3025059.23,1,True
FRA-sony-playstation-5-digital-edition-825gb,Fravega,SONY,Gaming y Videojuegos,Sony PlayStation 5 Digital Edition 825GB Slim + Joystick DualSense Original PS5,https://www.fravega.com/p/sony-playstation-5-digital-edition-825gb-slim-joystick-dualsense-original-ps5-23009963/,1968748.0,1529999.0,1,True
FRA-joystick-gamer-vsg-tarvos-multiplataform,Fravega,OTRAS,Gaming y Videojuegos,Joystick Gamer VSG Tarvos Multiplataforma,https://www.fravega.com/p/joystick-gamer-vsg-tarvos-multiplataforma-342539/,69999.0,59999.0,1,True
FRA-ps5-playstation-5-slim-digital-juegos-as,Fravega,OTRAS,Gaming y Videojuegos,PS5 Playstation 5 Slim Digital Juegos Astro Bot Gt7,https://www.fravega.com/p/ps5-playstation-5-slim-digital-juegos-astro-bot-gt7-990268436/,2399999.0,1899999.0,1,True
FRA-estacion-de-carga-base-para-joysticks-de,Fravega,OTRAS,Gaming y Videojuegos,Estación de Carga Base para Joysticks de Playstation 4,https://www.fravega.com/p/estacion-de-carga-base-para-joysticks-de-playstation-4--22832434/,19899.0,14699.0,1,True
FRA-juguete-cactus-bailar-canta-repite-voz-c,Fravega,OTRAS,Gaming y Videojuegos,Juguete Cactus Bailar Canta Repite Voz con Luz Tiktok,https://www.fravega.com/p/juguete-cactus-bailar-canta-repite-voz-con-luz-tiktok-22926925/,9509.0,9168.0,1,True
FRA-heladera-electrolux-inverter-no-frost-if,Fravega,OTRAS,Heladeras,Heladera Electrolux Inverter No Frost IF43S 390L​ts,https://www.fravega.com/p/heladera-electrolux-inverter-no-frost-if43s-390lts-160984/,1287699.0,999999.0,1,True
FRA-heladera-electrolux-inverter-top-freezer,Fravega,OTRAS,Heladeras,Heladera Electrolux Inverter Top Freezer No Frost AutoSense IW46S 424Lts Plata,https://www.fravega.com/p/heladera-electrolux-inverter-top-freezer-no-frost-autosense-iw46s-424lts-plata-160930/,1502399.0,1099999.0,1,True
FRA-heladera-185lts-con-dispenser-plateada-p,Fravega,PHILCO,Heladeras,Heladera 185Lts con Dispenser Plateada Philco PHSD179PD2,https://www.fravega.com/p/heladera-185lts-con-dispenser-plateada-philco-phsd179pd2-990175374/,677599.0,422999.0,1,True
FRA-heladera-whirlpool-no-frost-340-lts-wrm4,Fravega,WHIRLPOOL,Heladeras,Heladera Whirlpool No Frost 340 Lts WRM40MK,https://www.fravega.com/p/heladera-whirlpool-no-frost-340-lts-wrm40mk-161336/,959999.0,849999.0,1,True
FRA-heladera-samsung-rt38cg6720s9b3-no-frost,Fravega,SAMSUNG,Heladeras,Heladera Samsung RT38CG6720S9B3 No Frost Inverter 384 L,https://www.fravega.com/p/heladera-samsung-rt38cg6720s9b3-no-frost-inverter-384-l--161202/,1509999.0,1279999.0,1,True
FRA-freezer-vertical-whirlpool-evox-231-lts-,Fravega,WHIRLPOOL,Heladeras,Freezer Vertical Whirlpool Evox 231 Lts,https://www.fravega.com/p/freezer-vertical-whirlpool-evox-231-lts-161382/,1299999.0,1199999.0,1,True
FRA-heladera-drean-no-frost-rdp410zrt-415lts,Fravega,DREAN,Heladeras,Heladera Drean No Frost RDP410ZRT 415Lts Steel,https://www.fravega.com/p/heladera-drean-no-frost-rdp410zrt-415lts-steel-161331/,1195999.0,988429.0,1,True
FRA-freezers-inverter-gafa-fghi302b-l-316-lt,Fravega,GAFA,Heladeras,Freezers Inverter Gafa FGHI302B-L 316 Lts,https://www.fravega.com/p/freezers-inverter-gafa-fghi302b-l-316-lts-161414/,863699.0,749999.0,1,True
FRA-heladera-con-freezer-ciclica-314-lts-bla,Fravega,DREAN,Heladeras,Heladera con freezer Cíclica 314 Lts Black Steel Drean HDR320F50N,https://www.fravega.com/p/heladera-con-freezer-ciclica-314-lts-black-steel-drean-hdr320f50n-990190147/,1113199.0,829999.0,1,True
FRA-freezer-koh-i-noor-no-frost-tradicional-,Fravega,OTRAS,Heladeras,Freezer KOH-I-NOOR No Frost Tradicional Inverter 307L. Inox. KFVA31NI/9,https://www.fravega.com/p/freezer-koh-i-noor-no-frost-tradicional-inverter-307l-inox-kfva31ni-9-22494361/,1799900.0,1699900.0,1,True
FRA-heladera-gafa-319l-top-freezer-plata-con,Fravega,GAFA,Heladeras,Heladera Gafa 319L Top freezer Plata con WD HGW311P,https://www.fravega.com/p/heladera-gafa-319l-top-freezer-plata-con-wd-hgw311p-990268013/,987777.0,759999.0,1,True
FRA-heladera-samsung-inverter-rb31fsrndsa-no,Fravega,SAMSUNG,Heladeras,Heladera Samsung Inverter RB31FSRNDSA No Frost Bottom 328 L,https://www.fravega.com/p/heladera-samsung-inverter-rb31fsrndsa-no-frost-bottom-328-l-160856/,1869999.0,1589499.0,1,True
FRA-heladera-smartlife-con-dispenser-no-fros,Fravega,OTRAS,Heladeras,Heladera Smartlife con Dispenser No Frost Inverter 260L,https://www.fravega.com/p/heladera-smartlife-con-dispenser-no-frost-inverter-260l-990251827/,979999.0,721279.0,1,True
FRA-heladera-gafa-257l-top-freezer-puerta-re,Fravega,GAFA,Heladeras,Heladera Gafa 257L Top Freezer Puerta Reversible Blanca HGF252B,https://www.fravega.com/p/heladera-gafa-257l-top-freezer-puerta-reversible-blanca-hgf252b-161316/,742899.0,629999.0,1,True
FRA-heladera-drean-no-frost-rda250fvrt-250lt,Fravega,DREAN,Heladeras,Heladera Drean No Frost RDA250FVRT 250Lts Grafito,https://www.fravega.com/p/heladera-drean-no-frost-rda250fvrt-250lts-grafito-161330/,799999.0,661156.0,1,True
FRA-heladera-bajo-mesada-smartlife-rmb090wh-,Fravega,OTRAS,Heladeras,Heladera Bajo Mesada Smartlife RMB090WH 92L blanca,https://www.fravega.com/p/heladera-bajo-mesada-smartlife-rmb090wh-92l-blanca-990251681/,379999.0,309999.0,1,True
FRA-heladera-ciclica-midea-mdrt33-240-litros,Fravega,MIDEA,Heladeras,Heladera Cíclica Midea MDRT33 240 Litros,https://www.fravega.com/p/heladera-ciclica-midea-mdrt33-240-litros-161314/,778999.0,649999.0,1,True
FRA--freezer-midea-fc-mj6war1-160-lt-160516,Fravega,MIDEA,Heladeras,Freezer Midea FC-MJ6WAR1 160 Lt,https://www.fravega.com/p/-freezer-midea-fc-mj6war1-160-lt-160516/,809999.0,699999.0,1,True
FRA-freezer-horizontal-gafa-blanco-inverter-,Fravega,GAFA,Heladeras,Freezer Horizontal Gafa Blanco Inverter 402lts FGHI400B-XL,https://www.fravega.com/p/freezer-horizontal-gafa-blanco-inverter-402lts-fghi400b-xl-990012078/,1103555.0,899999.0,1,True
FRA-heladera-kanji-kjh-hd260-w-ciclica-260-l,Fravega,OTRAS,Heladeras,Heladera Kanji KJH-HD260-W Cíclica 260 Lts Blanco,https://www.fravega.com/p/heladera-kanji-kjh-hd260-w-ciclica-260-lts-blanco-161476/,759999.0,569999.0,1,True
FRA-heladera-whirlpool-inverter-no-frost-bot,Fravega,WHIRLPOOL,Heladeras,Heladera Whirlpool Inverter No Frost Bottom Freezer Inox - 428 / 397 Litros,https://www.fravega.com/p/heladera-whirlpool-inverter-no-frost-bottom-freezer-inox-428-397-litros-990280189/,1799999.0,1549999.0,1,True
FRA-heladera-multi-door-no-frost-admiral-inv,Fravega,OTRAS,Heladeras,Heladera Multi Door No Frost Admiral Inverter AD-HL480 I 404 Lts Grafito,https://www.fravega.com/p/heladera-multi-door-no-frost-admiral-inverter-ad-hl480-i-404-lts-grafito-161143/,1999999.0,1599999.0,1,True
FRA-heladera-samsung-inverter-no-frost-299l-,Fravega,SAMSUNG,Heladeras,Heladera Samsung Inverter No Frost 299L RT29K507JS8,https://www.fravega.com/p/heladera-samsung-inverter-no-frost-299l-rt29k507js8-160955/,1099999.0,934999.0,1,True
FRA-heladera-drean-no-frost-rda250fvrt-250lt,Fravega,DREAN,Heladeras,Heladera Drean No Frost RDA250FVRT 250Lts Grafito,https://www.fravega.com/p/heladera-drean-no-frost-rda250fvrt-250lts-grafito-161387/,799999.0,661156.2,1,True
FRA-heladera-electrolux-no-frost-inverter-mu,Fravega,OTRAS,Heladeras,Heladera Electrolux No Frost Inverter Multidoor IM7S 480Lts Gris,https://www.fravega.com/p/heladera-electrolux-no-frost-inverter-multidoor-im7s-480lts-gris-161283/,1799999.0,1699999.0,1,True
FRA-freezers-inverter-gafa-fghi202b-m-200-lt,Fravega,GAFA,Heladeras,Freezers Inverter Gafa FGHI202B-M 200 Lts,https://www.fravega.com/p/freezers-inverter-gafa-fghi202b-m-200-lts-161264/,642199.0,549999.0,1,True
FRA-heladera-drean-hdr280f50b-ciclica-277-l-,Fravega,DREAN,Heladeras,Heladera Drean HDR280F50B Cíclica 277 L Blanca,https://www.fravega.com/p/heladera-drean-hdr280f50b-ciclica-277-l-blanca-161046/,735999.0,719999.0,1,True
FRA-heladera-samsung-no-frost-inverter-rt29k,Fravega,SAMSUNG,Heladeras,Heladera Samsung No Frost Inverter RT29K577JS8 308Lts,https://www.fravega.com/p/heladera-samsung-no-frost-inverter-rt29k577js8-308lts-160752/,1189999.0,999999.0,1,True
FRA-heladera-drean-ciclica-hdr320f50e-314lts,Fravega,DREAN,Heladeras,Heladera Drean Cíclica HDR320F50E 314Lts Gris,https://www.fravega.com/p/heladera-drean-ciclica-hdr320f50e-314lts-gris-161270/,871999.0,720660.0,1,True
FRA-heladera-whirlpool-inverter-no-frost-bot,Fravega,WHIRLPOOL,Heladeras,Heladera Whirlpool Inverter No Frost Bottom Freezer Inox  397 Litros WRE45MK,https://www.fravega.com/p/heladera-whirlpool-inverter-no-frost-bottom-freezer-inox-397-litros-wre45mk-161487/,1649999.0,1549999.0,1,True
FRA-heladera-no-frost-midea-mdrt489mte46adw-,Fravega,MIDEA,Heladeras,Heladera No Frost Midea MDRT489MTE46ADW 340 Litros,https://www.fravega.com/p/heladera-no-frost-midea-mdrt489mte46adw-340-litros-161122/,1019999.0,899999.0,1,True
FRA-heladera-philco-nphct225x-ciclica-199-lt,Fravega,PHILCO,Heladeras,Heladera Philco NPHCT225X Cíclica 199 Lts Inoxidable,https://www.fravega.com/p/heladera-philco-nphct225x-ciclica-199-lts-inoxidable-161351/,699999.0,599999.0,1,True
FRA-heladera-electrolux-inverter-no-frost-if,Fravega,OTRAS,Heladeras,Heladera Electrolux Inverter No Frost IF43S 390L​ts,https://www.fravega.com/p/heladera-electrolux-inverter-no-frost-if43s-390lts-160984/,1287699.0,999999.0,1,True
FRA-heladera-electrolux-inverter-top-freezer,Fravega,OTRAS,Heladeras,Heladera Electrolux Inverter Top Freezer No Frost AutoSense IW46S 424Lts Plata,https://www.fravega.com/p/heladera-electrolux-inverter-top-freezer-no-frost-autosense-iw46s-424lts-plata-160930/,1502399.0,1099999.0,1,True
FRA-heladera-185lts-con-dispenser-plateada-p,Fravega,PHILCO,Heladeras,Heladera 185Lts con Dispenser Plateada Philco PHSD179PD2,https://www.fravega.com/p/heladera-185lts-con-dispenser-plateada-philco-phsd179pd2-990175374/,677599.0,422999.0,1,True
FRA-heladera-whirlpool-no-frost-340-lts-wrm4,Fravega,WHIRLPOOL,Heladeras,Heladera Whirlpool No Frost 340 Lts WRM40MK,https://www.fravega.com/p/heladera-whirlpool-no-frost-340-lts-wrm40mk-161336/,959999.0,849999.0,1,True
FRA-heladera-samsung-rt38cg6720s9b3-no-frost,Fravega,SAMSUNG,Heladeras,Heladera Samsung RT38CG6720S9B3 No Frost Inverter 384 L,https://www.fravega.com/p/heladera-samsung-rt38cg6720s9b3-no-frost-inverter-384-l--161202/,1509999.0,1279999.0,1,True
FRA-freezer-vertical-whirlpool-evox-231-lts-,Fravega,WHIRLPOOL,Heladeras,Freezer Vertical Whirlpool Evox 231 Lts,https://www.fravega.com/p/freezer-vertical-whirlpool-evox-231-lts-161382/,1299999.0,1199999.0,1,True
FRA-heladera-drean-no-frost-rdp410zrt-415lts,Fravega,DREAN,Heladeras,Heladera Drean No Frost RDP410ZRT 415Lts Steel,https://www.fravega.com/p/heladera-drean-no-frost-rdp410zrt-415lts-steel-161331/,1195999.0,988429.0,1,True
FRA-freezers-inverter-gafa-fghi302b-l-316-lt,Fravega,GAFA,Heladeras,Freezers Inverter Gafa FGHI302B-L 316 Lts,https://www.fravega.com/p/freezers-inverter-gafa-fghi302b-l-316-lts-161414/,863699.0,749999.0,1,True
FRA-heladera-con-freezer-ciclica-314-lts-bla,Fravega,DREAN,Heladeras,Heladera con freezer Cíclica 314 Lts Black Steel Drean HDR320F50N,https://www.fravega.com/p/heladera-con-freezer-ciclica-314-lts-black-steel-drean-hdr320f50n-990190147/,1113199.0,829999.0,1,True
FRA-freezer-koh-i-noor-no-frost-tradicional-,Fravega,OTRAS,Heladeras,Freezer KOH-I-NOOR No Frost Tradicional Inverter 307L. Inox. KFVA31NI/9,https://www.fravega.com/p/freezer-koh-i-noor-no-frost-tradicional-inverter-307l-inox-kfva31ni-9-22494361/,1799900.0,1699900.0,1,True
FRA-heladera-gafa-319l-top-freezer-plata-con,Fravega,GAFA,Heladeras,Heladera Gafa 319L Top freezer Plata con WD HGW311P,https://www.fravega.com/p/heladera-gafa-319l-top-freezer-plata-con-wd-hgw311p-990268013/,987777.0,759999.0,1,True
FRA-heladera-samsung-inverter-rb31fsrndsa-no,Fravega,SAMSUNG,Heladeras,Heladera Samsung Inverter RB31FSRNDSA No Frost Bottom 328 L,https://www.fravega.com/p/heladera-samsung-inverter-rb31fsrndsa-no-frost-bottom-328-l-160856/,1869999.0,1589499.0,1,True
FRA-heladera-smartlife-con-dispenser-no-fros,Fravega,OTRAS,Heladeras,Heladera Smartlife con Dispenser No Frost Inverter 260L,https://www.fravega.com/p/heladera-smartlife-con-dispenser-no-frost-inverter-260l-990251827/,979999.0,721279.0,1,True
FRA-heladera-gafa-257l-top-freezer-puerta-re,Fravega,GAFA,Heladeras,Heladera Gafa 257L Top Freezer Puerta Reversible Blanca HGF252B,https://www.fravega.com/p/heladera-gafa-257l-top-freezer-puerta-reversible-blanca-hgf252b-161316/,742899.0,629999.0,1,True
FRA-heladera-drean-no-frost-rda250fvrt-250lt,Fravega,DREAN,Heladeras,Heladera Drean No Frost RDA250FVRT 250Lts Grafito,https://www.fravega.com/p/heladera-drean-no-frost-rda250fvrt-250lts-grafito-161330/,799999.0,661156.0,1,True
FRA-heladera-bajo-mesada-smartlife-rmb090wh-,Fravega,OTRAS,Heladeras,Heladera Bajo Mesada Smartlife RMB090WH 92L blanca,https://www.fravega.com/p/heladera-bajo-mesada-smartlife-rmb090wh-92l-blanca-990251681/,379999.0,309999.0,1,True
FRA-heladera-ciclica-midea-mdrt33-240-litros,Fravega,MIDEA,Heladeras,Heladera Cíclica Midea MDRT33 240 Litros,https://www.fravega.com/p/heladera-ciclica-midea-mdrt33-240-litros-161314/,778999.0,649999.0,1,True
FRA--freezer-midea-fc-mj6war1-160-lt-160516,Fravega,MIDEA,Heladeras,Freezer Midea FC-MJ6WAR1 160 Lt,https://www.fravega.com/p/-freezer-midea-fc-mj6war1-160-lt-160516/,809999.0,699999.0,1,True
FRA-freezer-horizontal-gafa-blanco-inverter-,Fravega,GAFA,Heladeras,Freezer Horizontal Gafa Blanco Inverter 402lts FGHI400B-XL,https://www.fravega.com/p/freezer-horizontal-gafa-blanco-inverter-402lts-fghi400b-xl-990012078/,1103555.0,899999.0,1,True
FRA-heladera-kanji-kjh-hd260-w-ciclica-260-l,Fravega,OTRAS,Heladeras,Heladera Kanji KJH-HD260-W Cíclica 260 Lts Blanco,https://www.fravega.com/p/heladera-kanji-kjh-hd260-w-ciclica-260-lts-blanco-161476/,759999.0,569999.0,1,True
FRA-heladera-whirlpool-inverter-no-frost-bot,Fravega,WHIRLPOOL,Heladeras,Heladera Whirlpool Inverter No Frost Bottom Freezer Inox - 428 / 397 Litros,https://www.fravega.com/p/heladera-whirlpool-inverter-no-frost-bottom-freezer-inox-428-397-litros-990280189/,1799999.0,1549999.0,1,True
FRA-heladera-electrolux-inverter-no-frost-in,Fravega,OTRAS,Heladeras,Heladera Electrolux Inverter No Frost Inverter Bottom Freezer IB6S 429Lts,https://www.fravega.com/p/heladera-electrolux-inverter-no-frost-inverter-bottom-freezer-ib6s-429lts-161282/,1513099.0,1399999.0,1,True
FRA-heladera-gafa-hgnf255b-no-frost-inverter,Fravega,GAFA,Heladeras,Heladera Gafa HGNF255B No Frost Inverter 259L Plateada,https://www.fravega.com/p/heladera-gafa-hgnf255b-no-frost-inverter-259l-plateada--161304/,1788499.0,819999.0,1,True
FRA-heladera-drean-ciclica-con-dispenser-hdr,Fravega,DREAN,Heladeras,Heladera Drean Cíclica con Dispenser HDR400F41E 396Lts Gris,https://www.fravega.com/p/heladera-drean-ciclica-con-dispenser-hdr400f41e-396lts-gris-161271/,1099999.0,1069999.0,1,True
FRA-heladera-drean-no-frost-rzn262fxarx0-262,Fravega,DREAN,Heladeras,Heladera Drean No Frost RZN262FXARX0 262 Lts,https://www.fravega.com/p/heladera-drean-no-frost-rzn262fxarx0-262-lts-161477/,869999.0,719007.0,1,True
FRA-heladera-gafa-hgnw340p-no-frost-inverter,Fravega,GAFA,Heladeras,Heladera Gafa HGNW340P No Frost Inverter 348L Dispenser Plateada,https://www.fravega.com/p/heladera-gafa-hgnw340p-no-frost-inverter-348l-dispenser-plateada--161306/,1132699.0,949999.0,1,True
FRA-freezer-philco-phch410bm-410-litros-1605,Fravega,PHILCO,Heladeras,Freezer Philco PHCH410BM 410 Litros,https://www.fravega.com/p/freezer-philco-phch410bm-410-litros-160587/,1199999.0,799999.0,1,True
FRA-freezer-inelro-inverter-fih-550a-470lts-,Fravega,OTRAS,Heladeras,Freezer Inelro Inverter FIH 550A++ 470Lts,https://www.fravega.com/p/freezer-inelro-inverter-fih-550a-470lts-161109/,1399999.0,1199999.0,1,True
FRA-heladera-drean-ciclica-rzd215pvarx0-215l,Fravega,DREAN,Heladeras,Heladera Drean Cíclica RZD215PVARX0 215Lts Inox,https://www.fravega.com/p/heladera-drean-ciclica-rzd215pvarx0-215lts-inox-161398/,659999.0,647999.0,1,True
FRA-freezer-philco-phch249bi-horizontal-inve,Fravega,PHILCO,Heladeras,Freezer Philco PHCH249BI Horizontal Inverter 249 L,https://www.fravega.com/p/freezer-philco-phch249bi-horizontal-inverter-249-l-161294/,879999.0,699999.0,1,True
FRA-heladera-ciclica-bambi-2f2100ba-banco-bl,Fravega,OTRAS,Heladeras,Heladera Cíclica Bambi 2F2100BA Banco Blanca 239 Litros,https://www.fravega.com/p/heladera-ciclica-bambi-2f2100ba-banco-blanca-239-litros-161292/,699999.0,549999.0,1,True
FRA-heladera-gafa-hgnf255b-no-frost-inverter,Fravega,GAFA,Heladeras,Heladera Gafa HGNF255B No Frost Inverter 259L Blanca,https://www.fravega.com/p/heladera-gafa-hgnf255b-no-frost-inverter-259l-blanca--161302/,892499.0,749999.0,1,True
FRA-heladera-exhibidora-vertical-teora-tev50,Fravega,OTRAS,Heladeras,Heladera Exhibidora Vertical Teora TEV500 450lts Blanca,https://www.fravega.com/p/heladera-exhibidora-vertical-teora-tev500-450lts-blanca-21194271/,1440900.0,1130000.0,1,True
FRA-heladera-electrolux-inverter-no-frost-if,Fravega,OTRAS,Heladeras,Heladera Electrolux Inverter No Frost IF43S 390L​ts,https://www.fravega.com/p/heladera-electrolux-inverter-no-frost-if43s-390lts-160984/,1287699.0,999999.0,1,True
FRA-heladera-electrolux-inverter-top-freezer,Fravega,OTRAS,Heladeras,Heladera Electrolux Inverter Top Freezer No Frost AutoSense IW46S 424Lts Plata,https://www.fravega.com/p/heladera-electrolux-inverter-top-freezer-no-frost-autosense-iw46s-424lts-plata-160930/,1502399.0,1099999.0,1,True
FRA-heladera-185lts-con-dispenser-plateada-p,Fravega,PHILCO,Heladeras,Heladera 185Lts con Dispenser Plateada Philco PHSD179PD2,https://www.fravega.com/p/heladera-185lts-con-dispenser-plateada-philco-phsd179pd2-990175374/,677599.0,422999.0,1,True
FRA-heladera-whirlpool-no-frost-340-lts-wrm4,Fravega,WHIRLPOOL,Heladeras,Heladera Whirlpool No Frost 340 Lts WRM40MK,https://www.fravega.com/p/heladera-whirlpool-no-frost-340-lts-wrm40mk-161336/,959999.0,849999.0,1,True
FRA-heladera-samsung-rt38cg6720s9b3-no-frost,Fravega,SAMSUNG,Heladeras,Heladera Samsung RT38CG6720S9B3 No Frost Inverter 384 L,https://www.fravega.com/p/heladera-samsung-rt38cg6720s9b3-no-frost-inverter-384-l--161202/,1509999.0,1279999.0,1,True
FRA-freezer-vertical-whirlpool-evox-231-lts-,Fravega,WHIRLPOOL,Heladeras,Freezer Vertical Whirlpool Evox 231 Lts,https://www.fravega.com/p/freezer-vertical-whirlpool-evox-231-lts-161382/,1299999.0,1199999.0,1,True
FRA-heladera-drean-no-frost-rdp410zrt-415lts,Fravega,DREAN,Heladeras,Heladera Drean No Frost RDP410ZRT 415Lts Steel,https://www.fravega.com/p/heladera-drean-no-frost-rdp410zrt-415lts-steel-161331/,1195999.0,988429.0,1,True
FRA-freezers-inverter-gafa-fghi302b-l-316-lt,Fravega,GAFA,Heladeras,Freezers Inverter Gafa FGHI302B-L 316 Lts,https://www.fravega.com/p/freezers-inverter-gafa-fghi302b-l-316-lts-161414/,863699.0,749999.0,1,True
FRA-heladera-con-freezer-ciclica-314-lts-bla,Fravega,DREAN,Heladeras,Heladera con freezer Cíclica 314 Lts Black Steel Drean HDR320F50N,https://www.fravega.com/p/heladera-con-freezer-ciclica-314-lts-black-steel-drean-hdr320f50n-990190147/,1113199.0,829999.0,1,True
FRA-freezer-koh-i-noor-no-frost-tradicional-,Fravega,OTRAS,Heladeras,Freezer KOH-I-NOOR No Frost Tradicional Inverter 307L. Inox. KFVA31NI/9,https://www.fravega.com/p/freezer-koh-i-noor-no-frost-tradicional-inverter-307l-inox-kfva31ni-9-22494361/,1799900.0,1699900.0,1,True
FRA-heladera-gafa-319l-top-freezer-plata-con,Fravega,GAFA,Heladeras,Heladera Gafa 319L Top freezer Plata con WD HGW311P,https://www.fravega.com/p/heladera-gafa-319l-top-freezer-plata-con-wd-hgw311p-990268013/,987777.0,759999.0,1,True
FRA-heladera-samsung-inverter-rb31fsrndsa-no,Fravega,SAMSUNG,Heladeras,Heladera Samsung Inverter RB31FSRNDSA No Frost Bottom 328 L,https://www.fravega.com/p/heladera-samsung-inverter-rb31fsrndsa-no-frost-bottom-328-l-160856/,1869999.0,1589499.0,1,True
FRA-heladera-smartlife-con-dispenser-no-fros,Fravega,OTRAS,Heladeras,Heladera Smartlife con Dispenser No Frost Inverter 260L,https://www.fravega.com/p/heladera-smartlife-con-dispenser-no-frost-inverter-260l-990251827/,979999.0,721279.0,1,True
FRA-heladera-gafa-257l-top-freezer-puerta-re,Fravega,GAFA,Heladeras,Heladera Gafa 257L Top Freezer Puerta Reversible Blanca HGF252B,https://www.fravega.com/p/heladera-gafa-257l-top-freezer-puerta-reversible-blanca-hgf252b-161316/,742899.0,629999.0,1,True
FRA-heladera-drean-no-frost-rda250fvrt-250lt,Fravega,DREAN,Heladeras,Heladera Drean No Frost RDA250FVRT 250Lts Grafito,https://www.fravega.com/p/heladera-drean-no-frost-rda250fvrt-250lts-grafito-161330/,799999.0,661156.0,1,True
FRA-heladera-bajo-mesada-smartlife-rmb090wh-,Fravega,OTRAS,Heladeras,Heladera Bajo Mesada Smartlife RMB090WH 92L blanca,https://www.fravega.com/p/heladera-bajo-mesada-smartlife-rmb090wh-92l-blanca-990251681/,379999.0,309999.0,1,True
FRA-heladera-ciclica-midea-mdrt33-240-litros,Fravega,MIDEA,Heladeras,Heladera Cíclica Midea MDRT33 240 Litros,https://www.fravega.com/p/heladera-ciclica-midea-mdrt33-240-litros-161314/,778999.0,649999.0,1,True
FRA--freezer-midea-fc-mj6war1-160-lt-160516,Fravega,MIDEA,Heladeras,Freezer Midea FC-MJ6WAR1 160 Lt,https://www.fravega.com/p/-freezer-midea-fc-mj6war1-160-lt-160516/,809999.0,699999.0,1,True
FRA-freezer-horizontal-gafa-blanco-inverter-,Fravega,GAFA,Heladeras,Freezer Horizontal Gafa Blanco Inverter 402lts FGHI400B-XL,https://www.fravega.com/p/freezer-horizontal-gafa-blanco-inverter-402lts-fghi400b-xl-990012078/,1103555.0,899999.0,1,True
FRA-heladera-kanji-kjh-hd260-w-ciclica-260-l,Fravega,OTRAS,Heladeras,Heladera Kanji KJH-HD260-W Cíclica 260 Lts Blanco,https://www.fravega.com/p/heladera-kanji-kjh-hd260-w-ciclica-260-lts-blanco-161476/,759999.0,569999.0,1,True
FRA-heladera-whirlpool-inverter-no-frost-bot,Fravega,WHIRLPOOL,Heladeras,Heladera Whirlpool Inverter No Frost Bottom Freezer Inox - 428 / 397 Litros,https://www.fravega.com/p/heladera-whirlpool-inverter-no-frost-bottom-freezer-inox-428-397-litros-990280189/,1799999.0,1549999.0,1,True
FRA-heladera-ciclica-midea-mdrt414fge50a-295,Fravega,MIDEA,Heladeras,Heladera Cíclica Midea MDRT414FGE50A 295 L,https://www.fravega.com/p/heladera-ciclica-midea-mdrt414fge50a-295-l-161262/,853999.0,699999.0,1,True
FRA-heladera-whirlpool-wrm42mb-inverter-no-f,Fravega,WHIRLPOOL,Heladeras,Heladera Whirlpool WRM42MB Inverter No Frost Top Freezer - 407 / 386 Litros,https://www.fravega.com/p/heladera-whirlpool-wrm42mb-inverter-no-frost-top-freezer-407-386-litros-161748/,1099999.0,999999.0,1,True
FRA-mini-heladera-duplex-gafa-85l-frost-top-,Fravega,GAFA,Heladeras,Mini Heladera Duplex Gafa 85L Frost Top Freezer Plata HGMDP1P,https://www.fravega.com/p/mini-heladera-duplex-gafa-85l-frost-top-freezer-plata-hgmdp1p-990296048/,502332.0,420452.0,1,True
FRA-heladera-gafa-no-frost-inverter-water-di,Fravega,GAFA,Heladeras,Heladera Gafa No Frost Inverter Water Dispenser HGNW333P 354Lts Plata,https://www.fravega.com/p/heladera-gafa-no-frost-inverter-water-dispenser-hgnw333p-354lts-plata-161223/,1132699.0,899999.0,1,True
FRA-heladera-drean-no-frost-side-by-side-dtp,Fravega,DREAN,Heladeras,Heladera Drean No Frost Side by Side DTP469LKRSS0 - 522 litros,https://www.fravega.com/p/heladera-drean-no-frost-side-by-side-dtp469lkrss0-522-litros-161585/,2149999.0,1776858.68,1,True
FRA-cava-de-vinos-vondom-para-12-botellas-es,Fravega,OTRAS,Heladeras,Cava de Vinos Vondom para 12 Botellas Estantes de Madera,https://www.fravega.com/p/cava-de-vinos-vondom-para-12-botellas-estantes-de-madera-161130/,279999.0,249999.0,1,True
FRA-freezer-gafa-inverter-fghi300b-l-280l-bl,Fravega,GAFA,Heladeras,Freezer Gafa Inverter FGHI300B-L 280L Blanco,https://www.fravega.com/p/freezer-gafa-inverter-fghi300b-l-280l-blanco-160950/,865099.0,789999.0,1,True
FRA-heladera-ciclica-gafa-hgf358afb-282lts-b,Fravega,GAFA,Heladeras,Heladera Cíclica GAFA HGF358AFB 282Lts Blanca,https://www.fravega.com/p/heladera-ciclica-gafa-hgf358afb-282lts-blanca-160826/,758599.0,699999.0,1,True
FRA-exhibidora-inelro-mt17ng-r290-460lts-160,Fravega,OTRAS,Heladeras,Exhibidora Inelro MT17NG R290 460Lts,https://www.fravega.com/p/exhibidora-inelro-mt17ng-r290-460lts-160938/,2256999.0,1299999.0,1,True
FRA-heladera-midea-470l-inverter-no-frost-md,Fravega,MIDEA,Heladeras,Heladera Midea 470L Inverter No Frost MDRT645MTE46ADW Inoxidable,https://www.fravega.com/p/heladera-midea-470l-inverter-no-frost-mdrt645mte46adw-inoxidable-161054/,1426999.0,1279999.0,1,True
FRA-heladera-whirlpool-no-frost-454-lts-wrm5,Fravega,WHIRLPOOL,Heladeras,Heladera Whirlpool No Frost 454 Lts WRM53MK,https://www.fravega.com/p/heladera-whirlpool-no-frost-454-lts-wrm53mk-161458/,1399999.0,1157023.97,1,True
FRA-heladera-electrolux-inverter-no-frost-if,Fravega,OTRAS,Heladeras,Heladera Electrolux Inverter No Frost IF43S 390L​ts,https://www.fravega.com/p/heladera-electrolux-inverter-no-frost-if43s-390lts-160984/,1287699.0,999999.0,1,True
FRA-heladera-electrolux-inverter-top-freezer,Fravega,OTRAS,Heladeras,Heladera Electrolux Inverter Top Freezer No Frost AutoSense IW46S 424Lts Plata,https://www.fravega.com/p/heladera-electrolux-inverter-top-freezer-no-frost-autosense-iw46s-424lts-plata-160930/,1502399.0,1099999.0,1,True
FRA-heladera-185lts-con-dispenser-plateada-p,Fravega,PHILCO,Heladeras,Heladera 185Lts con Dispenser Plateada Philco PHSD179PD2,https://www.fravega.com/p/heladera-185lts-con-dispenser-plateada-philco-phsd179pd2-990175374/,677599.0,422999.0,1,True
FRA-heladera-whirlpool-no-frost-340-lts-wrm4,Fravega,WHIRLPOOL,Heladeras,Heladera Whirlpool No Frost 340 Lts WRM40MK,https://www.fravega.com/p/heladera-whirlpool-no-frost-340-lts-wrm40mk-161336/,959999.0,849999.0,1,True
FRA-heladera-samsung-rt38cg6720s9b3-no-frost,Fravega,SAMSUNG,Heladeras,Heladera Samsung RT38CG6720S9B3 No Frost Inverter 384 L,https://www.fravega.com/p/heladera-samsung-rt38cg6720s9b3-no-frost-inverter-384-l--161202/,1509999.0,1279999.0,1,True
FRA-freezer-vertical-whirlpool-evox-231-lts-,Fravega,WHIRLPOOL,Heladeras,Freezer Vertical Whirlpool Evox 231 Lts,https://www.fravega.com/p/freezer-vertical-whirlpool-evox-231-lts-161382/,1299999.0,1199999.0,1,True
FRA-heladera-drean-no-frost-rdp410zrt-415lts,Fravega,DREAN,Heladeras,Heladera Drean No Frost RDP410ZRT 415Lts Steel,https://www.fravega.com/p/heladera-drean-no-frost-rdp410zrt-415lts-steel-161331/,1195999.0,988429.0,1,True
FRA-freezers-inverter-gafa-fghi302b-l-316-lt,Fravega,GAFA,Heladeras,Freezers Inverter Gafa FGHI302B-L 316 Lts,https://www.fravega.com/p/freezers-inverter-gafa-fghi302b-l-316-lts-161414/,863699.0,749999.0,1,True
FRA-heladera-con-freezer-ciclica-314-lts-bla,Fravega,DREAN,Heladeras,Heladera con freezer Cíclica 314 Lts Black Steel Drean HDR320F50N,https://www.fravega.com/p/heladera-con-freezer-ciclica-314-lts-black-steel-drean-hdr320f50n-990190147/,1113199.0,829999.0,1,True
FRA-freezer-koh-i-noor-no-frost-tradicional-,Fravega,OTRAS,Heladeras,Freezer KOH-I-NOOR No Frost Tradicional Inverter 307L. Inox. KFVA31NI/9,https://www.fravega.com/p/freezer-koh-i-noor-no-frost-tradicional-inverter-307l-inox-kfva31ni-9-22494361/,1799900.0,1699900.0,1,True
FRA-heladera-gafa-319l-top-freezer-plata-con,Fravega,GAFA,Heladeras,Heladera Gafa 319L Top freezer Plata con WD HGW311P,https://www.fravega.com/p/heladera-gafa-319l-top-freezer-plata-con-wd-hgw311p-990268013/,987777.0,759999.0,1,True
FRA-heladera-samsung-inverter-rb31fsrndsa-no,Fravega,SAMSUNG,Heladeras,Heladera Samsung Inverter RB31FSRNDSA No Frost Bottom 328 L,https://www.fravega.com/p/heladera-samsung-inverter-rb31fsrndsa-no-frost-bottom-328-l-160856/,1869999.0,1589499.0,1,True
FRA-heladera-smartlife-con-dispenser-no-fros,Fravega,OTRAS,Heladeras,Heladera Smartlife con Dispenser No Frost Inverter 260L,https://www.fravega.com/p/heladera-smartlife-con-dispenser-no-frost-inverter-260l-990251827/,979999.0,721279.0,1,True
FRA-heladera-gafa-257l-top-freezer-puerta-re,Fravega,GAFA,Heladeras,Heladera Gafa 257L Top Freezer Puerta Reversible Blanca HGF252B,https://www.fravega.com/p/heladera-gafa-257l-top-freezer-puerta-reversible-blanca-hgf252b-161316/,742899.0,629999.0,1,True
FRA-heladera-drean-no-frost-rda250fvrt-250lt,Fravega,DREAN,Heladeras,Heladera Drean No Frost RDA250FVRT 250Lts Grafito,https://www.fravega.com/p/heladera-drean-no-frost-rda250fvrt-250lts-grafito-161330/,799999.0,661156.0,1,True
FRA-heladera-bajo-mesada-smartlife-rmb090wh-,Fravega,OTRAS,Heladeras,Heladera Bajo Mesada Smartlife RMB090WH 92L blanca,https://www.fravega.com/p/heladera-bajo-mesada-smartlife-rmb090wh-92l-blanca-990251681/,379999.0,309999.0,1,True
FRA-heladera-ciclica-midea-mdrt33-240-litros,Fravega,MIDEA,Heladeras,Heladera Cíclica Midea MDRT33 240 Litros,https://www.fravega.com/p/heladera-ciclica-midea-mdrt33-240-litros-161314/,778999.0,649999.0,1,True
FRA--freezer-midea-fc-mj6war1-160-lt-160516,Fravega,MIDEA,Heladeras,Freezer Midea FC-MJ6WAR1 160 Lt,https://www.fravega.com/p/-freezer-midea-fc-mj6war1-160-lt-160516/,809999.0,699999.0,1,True
FRA-freezer-horizontal-gafa-blanco-inverter-,Fravega,GAFA,Heladeras,Freezer Horizontal Gafa Blanco Inverter 402lts FGHI400B-XL,https://www.fravega.com/p/freezer-horizontal-gafa-blanco-inverter-402lts-fghi400b-xl-990012078/,1103555.0,899999.0,1,True
FRA-heladera-kanji-kjh-hd260-w-ciclica-260-l,Fravega,OTRAS,Heladeras,Heladera Kanji KJH-HD260-W Cíclica 260 Lts Blanco,https://www.fravega.com/p/heladera-kanji-kjh-hd260-w-ciclica-260-lts-blanco-161476/,759999.0,569999.0,1,True
FRA-heladera-whirlpool-inverter-no-frost-bot,Fravega,WHIRLPOOL,Heladeras,Heladera Whirlpool Inverter No Frost Bottom Freezer Inox - 428 / 397 Litros,https://www.fravega.com/p/heladera-whirlpool-inverter-no-frost-bottom-freezer-inox-428-397-litros-990280189/,1799999.0,1549999.0,1,True
FRA-freezer-vondom-fr55-85lt-acero-inoxidabl,Fravega,ACER,Heladeras,Freezer Vondom FR55 85Lt Acero Inoxidable,https://www.fravega.com/p/freezer-vondom-fr55-85lt-acero-inoxidable-160155/,630000.0,599999.0,1,True
FRA-freezer-horizontal-inverter-philco-phch0,Fravega,PHILCO,Heladeras,Freezer Horizontal Inverter Philco PHCH099BI 99 Litros,https://www.fravega.com/p/freezer-horizontal-inverter-philco-phch099bi-99-litros-161312/,679999.0,429999.0,1,True
FRA-heladera-samsung-inverter-rt47cg6722s9b3,Fravega,SAMSUNG,Heladeras,Heladera Samsung Inverter RT47CG6722S9B3 470 Lts,https://www.fravega.com/p/heladera-samsung-inverter-rt47cg6722s9b3-470-lts-161249/,1799999.0,1529999.0,1,True
FRA-heladera-ciclica-gafa-257-lts-hgf252p-16,Fravega,GAFA,Heladeras,Heladera Cíclica GAFA 257 Lts HGF252P,https://www.fravega.com/p/heladera-ciclica-gafa-257-lts-hgf252p-161157/,793399.0,699999.0,1,True
FRA-heladera-bgh-brc310i2a-combi-no-frost-da,Fravega,BGH,Heladeras,Heladera BGH BRC310I2A Combi No Frost Dark Inox 312 Lts,https://www.fravega.com/p/heladera-bgh-brc310i2a-combi-no-frost-dark-inox-312-lts-161447/,1199999.0,991735.0,1,True
FRA-freezer-horizontal-gafa-200l-blanco-inve,Fravega,GAFA,Heladeras,Freezer Horizontal Gafa 200L Blanco Inverter con Función Turbo FGHI202B-M,https://www.fravega.com/p/freezer-horizontal-gafa-200l-blanco-inverter-con-funcion-turbo-fghi202b-m-990304013/,686110.0,574274.0,1,True
FRA-heladera-side-by-side-inverter-no-frost-,Fravega,GAFA,Heladeras,Heladera Side by Side Inverter No Frost Gafa 451 Lts HGSBS457X,https://www.fravega.com/p/heladera-side-by-side-inverter-no-frost-gafa-451-lts-hgsbs457x-161424/,1499999.0,1239668.6,1,True
FRA-heladera-hisense-rt1n240ned1-top-mount-d,Fravega,HISENSE,Heladeras,Heladera Hisense RT1N240NED1 Top Mount Defrost 240 Lts Silver,https://www.fravega.com/p/heladera-hisense-rt1n240ned1-top-mount-defrost-240-lts-silver-161376/,745999.0,589999.0,1,True
FRA-freezer-horizontal-gafa-316l-gris-invert,Fravega,GAFA,Heladeras,Freezer Horizontal Gafa 316L Gris Inverter con Función Turbo FGHI302P-L,https://www.fravega.com/p/freezer-horizontal-gafa-316l-gris-inverter-con-funcion-turbo-fghi302p-l-990304006/,949443.0,751959.0,1,True
FRA-heladera-con-freezer-ciclica-314-l-gris-,Fravega,DREAN,Heladeras,Heladera con freezer Cíclica 314 L Gris Drean HDR320F50E,https://www.fravega.com/p/heladera-con-freezer-ciclica-314-l-gris-drean-hdr320f50e-990248018/,1076899.0,819999.0,1,True
FRA-freezer-eslabon-de-lujo-evu20mb-vertical,Fravega,OTRAS,Heladeras,Freezer Eslabón de Lujo EVU20MB Vertical 142 Lts,https://www.fravega.com/p/freezer-eslabon-de-lujo-evu20mb-vertical-142-lts-161232/,819999.0,699999.0,1,True
FRA-freezer-bambi-fh3300-290-litros-161295,Fravega,OTRAS,Heladeras,Freezer Bambi FH3300 290 Litros,https://www.fravega.com/p/freezer-bambi-fh3300-290-litros-161295/,799999.0,539999.0,1,True
FRA-heladera-whirlpool-wrm46mk-xpert-inverte,Fravega,WHIRLPOOL,Heladeras,Heladera Whirlpool WRM46MK Xpert Inverter No Frost Top Freezer 383 Litros,https://www.fravega.com/p/heladera-whirlpool-wrm46mk-xpert-inverter-no-frost-top-freezer-383-litros-161527/,1299999.0,1199999.0,1,True
FRA-heladera-electrolux-inverter-no-frost-if,Fravega,OTRAS,Heladeras,Heladera Electrolux Inverter No Frost IF43S 390L​ts,https://www.fravega.com/p/heladera-electrolux-inverter-no-frost-if43s-390lts-160984/,1287699.0,999999.0,1,True
FRA-heladera-electrolux-inverter-top-freezer,Fravega,OTRAS,Heladeras,Heladera Electrolux Inverter Top Freezer No Frost AutoSense IW46S 424Lts Plata,https://www.fravega.com/p/heladera-electrolux-inverter-top-freezer-no-frost-autosense-iw46s-424lts-plata-160930/,1502399.0,1099999.0,1,True
FRA-heladera-185lts-con-dispenser-plateada-p,Fravega,PHILCO,Heladeras,Heladera 185Lts con Dispenser Plateada Philco PHSD179PD2,https://www.fravega.com/p/heladera-185lts-con-dispenser-plateada-philco-phsd179pd2-990175374/,677599.0,422999.0,1,True
FRA-heladera-whirlpool-no-frost-340-lts-wrm4,Fravega,WHIRLPOOL,Heladeras,Heladera Whirlpool No Frost 340 Lts WRM40MK,https://www.fravega.com/p/heladera-whirlpool-no-frost-340-lts-wrm40mk-161336/,959999.0,849999.0,1,True
FRA-heladera-samsung-rt38cg6720s9b3-no-frost,Fravega,SAMSUNG,Heladeras,Heladera Samsung RT38CG6720S9B3 No Frost Inverter 384 L,https://www.fravega.com/p/heladera-samsung-rt38cg6720s9b3-no-frost-inverter-384-l--161202/,1509999.0,1279999.0,1,True
FRA-freezer-vertical-whirlpool-evox-231-lts-,Fravega,WHIRLPOOL,Heladeras,Freezer Vertical Whirlpool Evox 231 Lts,https://www.fravega.com/p/freezer-vertical-whirlpool-evox-231-lts-161382/,1299999.0,1199999.0,1,True
FRA-heladera-drean-no-frost-rdp410zrt-415lts,Fravega,DREAN,Heladeras,Heladera Drean No Frost RDP410ZRT 415Lts Steel,https://www.fravega.com/p/heladera-drean-no-frost-rdp410zrt-415lts-steel-161331/,1195999.0,988429.0,1,True
FRA-freezers-inverter-gafa-fghi302b-l-316-lt,Fravega,GAFA,Heladeras,Freezers Inverter Gafa FGHI302B-L 316 Lts,https://www.fravega.com/p/freezers-inverter-gafa-fghi302b-l-316-lts-161414/,863699.0,749999.0,1,True
FRA-heladera-con-freezer-ciclica-314-lts-bla,Fravega,DREAN,Heladeras,Heladera con freezer Cíclica 314 Lts Black Steel Drean HDR320F50N,https://www.fravega.com/p/heladera-con-freezer-ciclica-314-lts-black-steel-drean-hdr320f50n-990190147/,1113199.0,829999.0,1,True
FRA-freezer-koh-i-noor-no-frost-tradicional-,Fravega,OTRAS,Heladeras,Freezer KOH-I-NOOR No Frost Tradicional Inverter 307L. Inox. KFVA31NI/9,https://www.fravega.com/p/freezer-koh-i-noor-no-frost-tradicional-inverter-307l-inox-kfva31ni-9-22494361/,1799900.0,1699900.0,1,True
FRA-heladera-gafa-319l-top-freezer-plata-con,Fravega,GAFA,Heladeras,Heladera Gafa 319L Top freezer Plata con WD HGW311P,https://www.fravega.com/p/heladera-gafa-319l-top-freezer-plata-con-wd-hgw311p-990268013/,987777.0,759999.0,1,True
FRA-heladera-samsung-inverter-rb31fsrndsa-no,Fravega,SAMSUNG,Heladeras,Heladera Samsung Inverter RB31FSRNDSA No Frost Bottom 328 L,https://www.fravega.com/p/heladera-samsung-inverter-rb31fsrndsa-no-frost-bottom-328-l-160856/,1869999.0,1589499.0,1,True
FRA-heladera-smartlife-con-dispenser-no-fros,Fravega,OTRAS,Heladeras,Heladera Smartlife con Dispenser No Frost Inverter 260L,https://www.fravega.com/p/heladera-smartlife-con-dispenser-no-frost-inverter-260l-990251827/,979999.0,721279.0,1,True
FRA-heladera-gafa-257l-top-freezer-puerta-re,Fravega,GAFA,Heladeras,Heladera Gafa 257L Top Freezer Puerta Reversible Blanca HGF252B,https://www.fravega.com/p/heladera-gafa-257l-top-freezer-puerta-reversible-blanca-hgf252b-161316/,742899.0,629999.0,1,True
FRA-heladera-drean-no-frost-rda250fvrt-250lt,Fravega,DREAN,Heladeras,Heladera Drean No Frost RDA250FVRT 250Lts Grafito,https://www.fravega.com/p/heladera-drean-no-frost-rda250fvrt-250lts-grafito-161330/,799999.0,661156.0,1,True
FRA-heladera-bajo-mesada-smartlife-rmb090wh-,Fravega,OTRAS,Heladeras,Heladera Bajo Mesada Smartlife RMB090WH 92L blanca,https://www.fravega.com/p/heladera-bajo-mesada-smartlife-rmb090wh-92l-blanca-990251681/,379999.0,309999.0,1,True
FRA-heladera-ciclica-midea-mdrt33-240-litros,Fravega,MIDEA,Heladeras,Heladera Cíclica Midea MDRT33 240 Litros,https://www.fravega.com/p/heladera-ciclica-midea-mdrt33-240-litros-161314/,778999.0,649999.0,1,True
FRA--freezer-midea-fc-mj6war1-160-lt-160516,Fravega,MIDEA,Heladeras,Freezer Midea FC-MJ6WAR1 160 Lt,https://www.fravega.com/p/-freezer-midea-fc-mj6war1-160-lt-160516/,809999.0,699999.0,1,True
FRA-freezer-horizontal-gafa-blanco-inverter-,Fravega,GAFA,Heladeras,Freezer Horizontal Gafa Blanco Inverter 402lts FGHI400B-XL,https://www.fravega.com/p/freezer-horizontal-gafa-blanco-inverter-402lts-fghi400b-xl-990012078/,1103555.0,899999.0,1,True
FRA-heladera-kanji-kjh-hd260-w-ciclica-260-l,Fravega,OTRAS,Heladeras,Heladera Kanji KJH-HD260-W Cíclica 260 Lts Blanco,https://www.fravega.com/p/heladera-kanji-kjh-hd260-w-ciclica-260-lts-blanco-161476/,759999.0,569999.0,1,True
FRA-heladera-whirlpool-inverter-no-frost-bot,Fravega,WHIRLPOOL,Heladeras,Heladera Whirlpool Inverter No Frost Bottom Freezer Inox - 428 / 397 Litros,https://www.fravega.com/p/heladera-whirlpool-inverter-no-frost-bottom-freezer-inox-428-397-litros-990280189/,1799999.0,1549999.0,1,True
FRA-freezer-vertical-kultek-307-lts-no-frost,Fravega,OTRAS,Heladeras,Freezer Vertical Kültek 307 Lts No Frost Negro KTFV280B,https://www.fravega.com/p/freezer-vertical-kultek-307-lts-no-frost-negro-ktfv280b-161240/,1750999.0,1399999.0,1,True
FRA-heladera-midea-mdrb424fge46a-w-inverter-,Fravega,MIDEA,Heladeras,Heladera Midea MDRB424FGE46A-W Inverter Combi No Frost 300 Lts Inoxidable,https://www.fravega.com/p/heladera-midea-mdrb424fge46a-w-inverter-combi-no-frost-300-lts-inoxidable-161180/,1299999.0,1199999.0,1,True
FRA-freezer-vertical-siam-151-lts-neto-negro,Fravega,OTRAS,Heladeras,Freezer Vertical Siam 151 Lts Neto Negro 6 Cajones FSI-CV181N,https://www.fravega.com/p/freezer-vertical-siam-151-lts-neto-negro-6-cajones-fsi-cv181n-990232847/,822799.0,669999.0,1,True
FRA-heladera-electrolux-inverter-top-freezer,Fravega,OTRAS,Heladeras,Heladera Electrolux Inverter Top Freezer No Frost 508L Plata IT70S,https://www.fravega.com/p/heladera-electrolux-inverter-top-freezer-no-frost-508l-plata-it70s-161267/,2399999.0,1499999.0,1,True
FRA-freezer-horizontal-gafa-96l-blanco-con-f,Fravega,GAFA,Heladeras,Freezer Horizontal Gafa 96L Blanco con Función Dual FGHF101B-S,https://www.fravega.com/p/freezer-horizontal-gafa-96l-blanco-con-funcion-dual-fghf101b-s-990283735/,507332.0,424637.0,1,True
FRA-heladera-no-frost-side-by-side-electrolu,Fravega,OTRAS,Heladeras,Heladera No Frost Side by Side Electrolux ES40S 431 Lts,https://www.fravega.com/p/heladera-no-frost-side-by-side-electrolux-es40s-431-lts-161236/,2024899.0,1749999.0,1,True
FRA-freezer-congelador-vertical-siam-94fsi-c,Fravega,OTRAS,Heladeras,Freezer Congelador Vertical Siam 94FSI-CV065B 65 Litros,https://www.fravega.com/p/freezer-congelador-vertical-siam-94fsi-cv065b-65-litros-20055039/,476299.0,342999.0,1,True
FRA-heladera-samsung-inverter-no-frost-407-l,Fravega,SAMSUNG,Heladeras,Heladera Samsung Inverter No Frost 407 Lts RT42CG6720S9B3,https://www.fravega.com/p/heladera-samsung-inverter-no-frost-407-lts-rt42cg6720s9b3-161238/,1699999.0,1444999.0,1,True
FRA-heladera-midea-mdrf692fgf46ad-no-frost-i,Fravega,MIDEA,Heladeras,Heladera Midea MDRF692FGF46AD No Frost Inverter Smart French Door 458 Lts Inoxidable,https://www.fravega.com/p/heladera-midea-mdrf692fgf46ad-no-frost-inverter-smart-french-door-458-lts-inoxidable-161171/,2199999.0,1818180.99,1,True
FRA-reacondicionado-heladera-electrolux-no-f,Fravega,OTRAS,Heladeras,Reacondicionado Heladera Electrolux No Frost Inverter Multidoor IM7S 480Lts Gris,https://www.fravega.com/p/reacondicionado-heladera-electrolux-no-frost-inverter-multidoor-im7s-480lts-gris-470945/,1299999.0,1074379.34,1,True
FRA-cava-de-vinos-electrolux-para-12-botella,Fravega,OTRAS,Heladeras,Cava de Vinos Electrolux para 12 Botellas ERW125XAMB,https://www.fravega.com/p/cava-de-vinos-electrolux-para-12-botellas-erw125xamb-160223/,389199.0,229999.0,1,True
FRA-lavasecarropas-philco-12kg-8kg-phls128-2,Fravega,PHILCO,Lavado,Lavasecarropas Philco 12Kg 8KG PHLS128-2TN,https://www.fravega.com/p/lavasecarropas-philco-12kg-8kg-phls128-2tn-170570/,1099999.0,995474.21,1,True
FRA-lavarropas-automatico-carga-superior-phi,Fravega,PHILCO,Lavado,Lavarropas Automático Carga Superior Philco 5 Kg 700 RPM PHLS67GN,https://www.fravega.com/p/lavarropas-automatico-carga-superior-philco-5-kg-700-rpm-phls67gn--170703/,549999.0,419999.0,1,True
FRA-lavarropas-carga-superior-gafa-digifit-6,Fravega,GAFA,Lavado,"Lavarropas Carga Superior Gafa DigiFit 6,5kg Blanco",https://www.fravega.com/p/lavarropas-carga-superior-gafa-digifit-6-5kg-blanco-50029845/,665443.0,539999.99,1,True
FRA-lavarropas-midea-8-kg-mf100w80b-t-a1-col,Fravega,MIDEA,Lavado,Lavarropas Midea 8 Kg  Mf100w80b/t-a1 - Color Titanio,https://www.fravega.com/p/lavarropas-midea-8-kg-mf100w80b-t-a1-color-titanio-990289056/,1014999.0,664998.99,1,True
FRA-lavarropas-drean-inverter-9kg-lfdr0914is,Fravega,DREAN,Lavado,Lavarropas Drean Inverter 9Kg LFDR0914ISG Grafito,https://www.fravega.com/p/lavarropas-drean-inverter-9kg-lfdr0914isg-grafito-170819/,1149999.0,999999.0,1,True
FRA-lavarropas-automatico-carga-frontal-inve,Fravega,PHILCO,Lavado,Lavarropas Automático Carga Frontal Inverter Philco 6 Kg 1000 RPM PHLF61BN,https://www.fravega.com/p/lavarropas-automatico-carga-frontal-inverter-philco-6-kg-1000-rpm-phlf61bn-170802/,649999.0,549999.0,1,True
FRA-lavarropas-carga-frontal-electrolux-8-5k,Fravega,OTRAS,Lavado,"Lavarropas Carga Frontal Electrolux 8,5kg blanco Inverter ELAF208W",https://www.fravega.com/p/lavarropas-carga-frontal-electrolux-8-5kg-blanco-inverter-elaf208w-990268583/,979666.0,759999.0,1,True
FRA-lavarropas-carga-superior-ecoinverter-7-,Fravega,DREAN,Lavado,Lavarropas Carga Superior Ecoinverter 7 Kg 1400 RPM Blanco Drean LTDRI0714PB0,https://www.fravega.com/p/lavarropas-carga-superior-ecoinverter-7-kg-1400-rpm-blanco-drean-ltdri0714pb0-990278930/,1451999.0,799998.99,1,True
FRA-lavasecarropas-electrolux-10-5kg-7kg-lsc,Fravega,OTRAS,Lavado,"Lavasecarropas Electrolux 10,5Kg 7KG LSC11",https://www.fravega.com/p/lavasecarropas-electrolux-10-5kg-7kg-lsc11-171092/,1199999.0,1085972.0,1,True
FRA-lavarropas-smartlife-6k-sl-wmu061000w-17,Fravega,OTRAS,Lavado,Lavarropas Smartlife 6K SL-WMU061000W,https://www.fravega.com/p/lavarropas-smartlife-6k-sl-wmu061000w-170465/,689999.0,499999.0,1,True
FRA-lavarropas-comfee-8kg-blanco-cfn03w80-w-,Fravega,OTRAS,Lavado,Lavarropas Comfee 8kg Blanco Cfn03w80/w-ar Blanco,https://www.fravega.com/p/lavarropas-comfee-8kg-blanco-cfn03w80-w-ar-blanco-990293156/,851999.0,569999.0,1,True
FRA-lavavajillas-admiral-ad-lvd1305se-13-cub,Fravega,OTRAS,Lavado,Lavavajillas Admiral AD-LVD1305SE 13 Cubiertos Inox,https://www.fravega.com/p/lavavajillas-admiral-ad-lvd1305se-13-cubiertos-inox-170467/,699999.0,599999.0,1,True
FRA-lavasecarropas-samsung-wd11t504-control-,Fravega,SAMSUNG,Lavado,Lavasecarropas Samsung WD11T504 Control IA White 11Kg/7kg,https://www.fravega.com/p/lavasecarropas-samsung-wd11t504-control-ia-white-11kg-7kg-990293539/,1999999.0,1699999.15,1,True
FRA-lavarropa-samsung-carga-frontal-6-5-kg-s,Fravega,SAMSUNG,Lavado,"Lavarropa Samsung Carga Frontal 6,5 Kg Silver WW65A4000SU",https://www.fravega.com/p/lavarropa-samsung-carga-frontal-6-5-kg-silver-ww65a4000su-170419/,944999.0,755999.0,1,True
FRA-lavasecarropas-drean-carga-frontal-10-kg,Fravega,DREAN,Lavado,Lavasecarropas Drean Carga Frontal 10 Kg  LSCDR1006SG0,https://www.fravega.com/p/lavasecarropas-drean-carga-frontal-10-kg-lscdr1006sg0-170556/,1299999.0,1074379.0,1,True
FRA-secarropas-centrifugo-koh-i-noor-a-665-2,Fravega,OTRAS,Lavado,"Secarropas Centrifugo KOH-I-NOOR A-665/2 6,5 Kg",https://www.fravega.com/p/secarropas-centrifugo-koh-i-noor-a-665-2-6-5-kg-280026/,400999.0,369999.0,1,True
FRA-lavasecarropas-carga-frontal-samsung-dig,Fravega,SAMSUNG,Lavado,Lavasecarropas Carga Frontal Samsung Digital Inverter con Ecobubble 11kg + 7kg,https://www.fravega.com/p/lavasecarropas-carga-frontal-samsung-digital-inverter-con-ecobubble-11kg-7kg-170569/,1799999.0,1399999.0,1,True
FRA-secarropas-drean-qv-5-5-kg-20049454,Fravega,DREAN,Lavado,Secarropas Drean QV 5.5 Kg,https://www.fravega.com/p/secarropas-drean-qv-5-5-kg-20049454/,290398.8,194999.0,1,True
FRA-lavavajillas-drean-lvdr1106cg0-11c-17090,Fravega,DREAN,Lavado,Lavavajillas Drean LVDR1106CG0 11C,https://www.fravega.com/p/lavavajillas-drean-lvdr1106cg0-11c-170901/,899999.0,743800.83,1,True
FRA-secarropas-centrifugo-codini-advance-ad6,Fravega,OTRAS,Lavado,Secarropas Centrífugo Codini Advance AD65 Blanco 2800 RPM,https://www.fravega.com/p/secarropas-centrifugo-codini-advance-ad65-blanco-2800-rpm-289175/,236999.0,199999.0,1,True
FRA-lavarropas-carga-frontal-9-5kg-1400-rpm-,Fravega,SAMSUNG,Lavado,Lavarropas Carga Frontal 9.5Kg 1400 RPM Samsung WW95AA046BWU,https://www.fravega.com/p/lavarropas-carga-frontal-9-5kg-1400-rpm-samsung-ww95aa046bwu-170401/,1345999.0,1049999.0,1,True
FRA-lavarropas-semiautomatico-wanke-comfort-,Fravega,OTRAS,Lavado,Lavarropas Semiautomático Wanke Comfort 10kg Negro,https://www.fravega.com/p/lavarropas-semiautomatico-wanke-comfort-10kg-negro-990296950/,499999.0,249999.0,1,True
FRA-lavarropas-drean-concept-neo-fuzzy-6-5-k,Fravega,DREAN,Lavado,"Lavarropas Drean Concept Neo Fuzzy 6,5 Kg Gris",https://www.fravega.com/p/lavarropas-drean-concept-neo-fuzzy-6-5-kg-gris-170718/,638999.0,549999.0,1,True
FRA-lavarropas-midea-carga-frontal-inverter-,Fravega,MIDEA,Lavado,Lavarropas Midea Carga Frontal Inverter Wi-Fi 8kg 1400rpm MF200 Blanco,https://www.fravega.com/p/lavarropas-midea-carga-frontal-inverter-wi-fi-8kg-1400rpm-mf200-blanco-170548/,894999.0,749999.0,1,True
FRA-lavarropas-carga-superior-gafa-fuzzyfit-,Fravega,GAFA,Lavado,Lavarropas Carga Superior Gafa FuzzyFit 7kg Blanco,https://www.fravega.com/p/lavarropas-carga-superior-gafa-fuzzyfit-7kg-blanco-50029870/,707221.0,581989.0,1,True
FRA-lavarropas-whirlpool-carga-frontal-7kg-i,Fravega,WHIRLPOOL,Lavado,Lavarropas Whirlpool Carga Frontal 7kg Inverter Titanium,https://www.fravega.com/p/lavarropas-whirlpool-carga-frontal-7kg-inverter-titanium-170822/,879999.0,819999.0,1,True
FRA-lavarropas-drean-concept-neo-fuzzy-6-5-k,Fravega,DREAN,Lavado,"Lavarropas Drean Concept Neo Fuzzy 6,5 Kg Blanco",https://www.fravega.com/p/lavarropas-drean-concept-neo-fuzzy-6-5-kg-blanco-170702/,619999.0,539999.0,1,True
FRA-lavarropas-automatico-carga-frontal-inve,Fravega,MIDEA,Lavado,"Lavarropas Automático Carga Frontal Inverter Midea 11,5 Kg 1400 RPM MF200W115WB/T-A1",https://www.fravega.com/p/lavarropas-automatico-carga-frontal-inverter-midea-11-5-kg-1400-rpm-mf200w115wb-t-a1-170565/,1144999.0,899999.0,1,True
FRA-lavarropas-automatico-carga-frontal-inve,Fravega,OTRAS,Lavado,Lavarropas Automático Carga Frontal Inverter Smartlife 8Kg 1400 RPM SL-WM26I081400,https://www.fravega.com/p/lavarropas-automatico-carga-frontal-inverter-smartlife-8kg-1400-rpm-sl-wm26i081400-170814/,764999.0,599999.0,1,True
FRA-lavasecarropas-carga-frontal-inverter-mi,Fravega,MIDEA,Lavado,Lavasecarropas Carga Frontal Inverter Midea 12kg 8Kg 1400rpm MF200D120B/T-A1,https://www.fravega.com/p/lavasecarropas-carga-frontal-inverter-midea-12kg-8kg-1400rpm-mf200d120b-t-a1-170500/,1699999.0,1299999.0,1,True
FRA-lavasecarropas-philco-12kg-8kg-phls128-2,Fravega,PHILCO,Lavado,Lavasecarropas Philco 12Kg 8KG PHLS128-2TN,https://www.fravega.com/p/lavasecarropas-philco-12kg-8kg-phls128-2tn-170570/,1099999.0,995474.21,1,True
FRA-lavarropas-automatico-carga-superior-phi,Fravega,PHILCO,Lavado,Lavarropas Automático Carga Superior Philco 5 Kg 700 RPM PHLS67GN,https://www.fravega.com/p/lavarropas-automatico-carga-superior-philco-5-kg-700-rpm-phls67gn--170703/,549999.0,419999.0,1,True
FRA-lavarropas-carga-superior-gafa-digifit-6,Fravega,GAFA,Lavado,"Lavarropas Carga Superior Gafa DigiFit 6,5kg Blanco",https://www.fravega.com/p/lavarropas-carga-superior-gafa-digifit-6-5kg-blanco-50029845/,665443.0,539999.99,1,True
FRA-lavarropas-midea-8-kg-mf100w80b-t-a1-col,Fravega,MIDEA,Lavado,Lavarropas Midea 8 Kg  Mf100w80b/t-a1 - Color Titanio,https://www.fravega.com/p/lavarropas-midea-8-kg-mf100w80b-t-a1-color-titanio-990289056/,1014999.0,664998.99,1,True
FRA-lavarropas-drean-inverter-9kg-lfdr0914is,Fravega,DREAN,Lavado,Lavarropas Drean Inverter 9Kg LFDR0914ISG Grafito,https://www.fravega.com/p/lavarropas-drean-inverter-9kg-lfdr0914isg-grafito-170819/,1149999.0,999999.0,1,True
FRA-lavarropas-automatico-carga-frontal-inve,Fravega,PHILCO,Lavado,Lavarropas Automático Carga Frontal Inverter Philco 6 Kg 1000 RPM PHLF61BN,https://www.fravega.com/p/lavarropas-automatico-carga-frontal-inverter-philco-6-kg-1000-rpm-phlf61bn-170802/,649999.0,549999.0,1,True
FRA-lavarropas-carga-frontal-electrolux-8-5k,Fravega,OTRAS,Lavado,"Lavarropas Carga Frontal Electrolux 8,5kg blanco Inverter ELAF208W",https://www.fravega.com/p/lavarropas-carga-frontal-electrolux-8-5kg-blanco-inverter-elaf208w-990268583/,979666.0,759999.0,1,True
FRA-lavarropas-carga-superior-ecoinverter-7-,Fravega,DREAN,Lavado,Lavarropas Carga Superior Ecoinverter 7 Kg 1400 RPM Blanco Drean LTDRI0714PB0,https://www.fravega.com/p/lavarropas-carga-superior-ecoinverter-7-kg-1400-rpm-blanco-drean-ltdri0714pb0-990278930/,1451999.0,799998.99,1,True
FRA-lavasecarropas-electrolux-10-5kg-7kg-lsc,Fravega,OTRAS,Lavado,"Lavasecarropas Electrolux 10,5Kg 7KG LSC11",https://www.fravega.com/p/lavasecarropas-electrolux-10-5kg-7kg-lsc11-171092/,1199999.0,1085972.0,1,True
FRA-lavarropas-smartlife-6k-sl-wmu061000w-17,Fravega,OTRAS,Lavado,Lavarropas Smartlife 6K SL-WMU061000W,https://www.fravega.com/p/lavarropas-smartlife-6k-sl-wmu061000w-170465/,689999.0,499999.0,1,True
FRA-lavarropas-comfee-8kg-blanco-cfn03w80-w-,Fravega,OTRAS,Lavado,Lavarropas Comfee 8kg Blanco Cfn03w80/w-ar Blanco,https://www.fravega.com/p/lavarropas-comfee-8kg-blanco-cfn03w80-w-ar-blanco-990293156/,851999.0,569999.0,1,True
FRA-lavavajillas-admiral-ad-lvd1305se-13-cub,Fravega,OTRAS,Lavado,Lavavajillas Admiral AD-LVD1305SE 13 Cubiertos Inox,https://www.fravega.com/p/lavavajillas-admiral-ad-lvd1305se-13-cubiertos-inox-170467/,699999.0,599999.0,1,True
FRA-lavasecarropas-samsung-wd11t504-control-,Fravega,SAMSUNG,Lavado,Lavasecarropas Samsung WD11T504 Control IA White 11Kg/7kg,https://www.fravega.com/p/lavasecarropas-samsung-wd11t504-control-ia-white-11kg-7kg-990293539/,1999999.0,1699999.15,1,True
FRA-lavarropa-samsung-carga-frontal-6-5-kg-s,Fravega,SAMSUNG,Lavado,"Lavarropa Samsung Carga Frontal 6,5 Kg Silver WW65A4000SU",https://www.fravega.com/p/lavarropa-samsung-carga-frontal-6-5-kg-silver-ww65a4000su-170419/,944999.0,755999.0,1,True
FRA-lavasecarropas-drean-carga-frontal-10-kg,Fravega,DREAN,Lavado,Lavasecarropas Drean Carga Frontal 10 Kg  LSCDR1006SG0,https://www.fravega.com/p/lavasecarropas-drean-carga-frontal-10-kg-lscdr1006sg0-170556/,1299999.0,1074379.0,1,True
FRA-secarropas-centrifugo-koh-i-noor-a-665-2,Fravega,OTRAS,Lavado,"Secarropas Centrifugo KOH-I-NOOR A-665/2 6,5 Kg",https://www.fravega.com/p/secarropas-centrifugo-koh-i-noor-a-665-2-6-5-kg-280026/,400999.0,369999.0,1,True
FRA-lavasecarropas-carga-frontal-samsung-dig,Fravega,SAMSUNG,Lavado,Lavasecarropas Carga Frontal Samsung Digital Inverter con Ecobubble 11kg + 7kg,https://www.fravega.com/p/lavasecarropas-carga-frontal-samsung-digital-inverter-con-ecobubble-11kg-7kg-170569/,1799999.0,1399999.0,1,True
FRA-secarropas-drean-qv-5-5-kg-20049454,Fravega,DREAN,Lavado,Secarropas Drean QV 5.5 Kg,https://www.fravega.com/p/secarropas-drean-qv-5-5-kg-20049454/,290398.8,194999.0,1,True
FRA-lavavajillas-drean-lvdr1106cg0-11c-17090,Fravega,DREAN,Lavado,Lavavajillas Drean LVDR1106CG0 11C,https://www.fravega.com/p/lavavajillas-drean-lvdr1106cg0-11c-170901/,899999.0,743800.83,1,True
FRA-secarropas-centrifugo-codini-advance-ad6,Fravega,OTRAS,Lavado,Secarropas Centrífugo Codini Advance AD65 Blanco 2800 RPM,https://www.fravega.com/p/secarropas-centrifugo-codini-advance-ad65-blanco-2800-rpm-289175/,236999.0,199999.0,1,True
FRA-lavarropas-semiautomatico-carga-superior,Fravega,DREAN,Lavado,Lavarropas Semiautomático Carga Superior Drean LTDR87SB0 8Kg,https://www.fravega.com/p/lavarropas-semiautomatico-carga-superior-drean-ltdr87sb0-8kg-170787/,335999.0,279999.0,1,True
FRA-lavarropas-automatico-electrolux-7-kg-12,Fravega,OTRAS,Lavado,Lavarropas Automático Electrolux 7 Kg 1200 RPM ELAF207W,https://www.fravega.com/p/lavarropas-automatico-electrolux-7-kg-1200-rpm-elaf207w-170560/,787899.0,699999.0,1,True
FRA-lavarropas-midea-carga-frontal-6kg-1000r,Fravega,MIDEA,Lavado,Lavarropas Midea Carga Frontal 6kg 1000rpm MF100 Titanium,https://www.fravega.com/p/lavarropas-midea-carga-frontal-6kg-1000rpm-mf100-titanium-170550/,819999.0,589999.0,1,True
FRA-lavasecarropas-whirlpool-carga-frontal-9,Fravega,WHIRLPOOL,Lavado,"Lavasecarropas Whirlpool Carga Frontal 9,5/6kg Blanco WNC95ABDNA",https://www.fravega.com/p/lavasecarropas-whirlpool-carga-frontal-9-5-6kg-blanco-wnc95abdna-170428/,1729999.0,1199999.0,1,True
FRA-lavasecarropas-tcl-inverter-10-6kg-c2210,Fravega,TCL,Lavado,Lavasecarropas TCL Inverter 10/6KG C2210WDG Grafito,https://www.fravega.com/p/lavasecarropas-tcl-inverter-10-6kg-c2210wdg-grafito-170654/,1299999.0,999999.0,1,True
FRA-lavasecarropas-carga-frontal-noblex-10-5,Fravega,NOBLEX,Lavado,"Lavasecarropas Carga frontal Noblex 10,5 Kg 7 Kg 1200 RPM NOLS1057DGN",https://www.fravega.com/p/lavasecarropas-carga-frontal-noblex-10-5-kg-7-kg-1200-rpm-nols1057dgn--170909/,1599999.0,1099999.0,1,True
FRA-lavasecarropas-hisense-wd1i1141bw-11-7-k,Fravega,HISENSE,Lavado,Lavasecarropas Hisense WD1I1141BW 11/7 Kg Blanco,https://www.fravega.com/p/lavasecarropas-hisense-wd1i1141bw-11-7-kg-blanco-170756/,1051599.0,999999.0,1,True
FRA-lavarropas-automatico-inverter-drean-11-,Fravega,LG,Lavado,Lavarropas Automático Inverter Drean 11 Kg 700 RPM LPDR1165LG,https://www.fravega.com/p/lavarropas-automatico-inverter-drean-11-kg-700-rpm-lpdr1165lg-170475/,1049999.0,950225.34,1,True
FRA-secarropas-por-calor-columbia-scp-6000-2,Fravega,OTRAS,Lavado,Secarropas por Calor Columbia SCP 6000,https://www.fravega.com/p/secarropas-por-calor-columbia-scp-6000-280008/,219999.0,199999.0,1,True
FRA-secarropas-centrifugo-koh-i-noor-c-755-2,Fravega,OTRAS,Lavado,Secarropas Centrifugo KOH-I-NOOR C-755/2 5.5Kg,https://www.fravega.com/p/secarropas-centrifugo-koh-i-noor-c-755-2-5-5kg-280017/,299999.0,239999.0,1,True
FRA-secarropas-centrifugo-ecologico-koh-i-no,Fravega,OTRAS,Lavado,"Secarropas Centrífugo Ecológico Koh-I-Noor N-755/Eco 5,5 Kg Negro",https://www.fravega.com/p/secarropas-centrifugo-ecologico-koh-i-noor-n-755-eco-5-5-kg-negro-280054/,309999.0,239999.0,1,True
FRA-lavarropas-carga-frontal-electrolux-7kg-,Fravega,OTRAS,Lavado,Lavarropas Carga Frontal Electrolux 7kg blanco Inverter ELAF207W,https://www.fravega.com/p/lavarropas-carga-frontal-electrolux-7kg-blanco-inverter-elaf207w-990268582/,858332.0,718424.0,1,True
FRA-lavarropas-automatico-inverter-drean-6kg,Fravega,DREAN,Lavado,Lavarropas Automático Inverter Drean 6Kg 1000 RPM LCFDR0610LB0,https://www.fravega.com/p/lavarropas-automatico-inverter-drean-6kg-1000-rpm-lcfdr0610lb0-170579/,749999.0,729999.0,1,True
FRA-lavarropas-automatico-carga-frontal-drea,Fravega,DREAN,Lavado,Lavarropas Automático Carga Frontal Drean 8Kg 1400RPM LCFDR0814SB0,https://www.fravega.com/p/lavarropas-automatico-carga-frontal-drean-8kg-1400rpm-lcfdr0814sb0-170678/,969999.0,879999.0,1,True
FRA-lavasecarropas-philco-12kg-8kg-phls128-2,Fravega,PHILCO,Lavado,Lavasecarropas Philco 12Kg 8KG PHLS128-2TN,https://www.fravega.com/p/lavasecarropas-philco-12kg-8kg-phls128-2tn-170570/,1099999.0,995474.21,1,True
FRA-lavarropas-automatico-carga-superior-phi,Fravega,PHILCO,Lavado,Lavarropas Automático Carga Superior Philco 5 Kg 700 RPM PHLS67GN,https://www.fravega.com/p/lavarropas-automatico-carga-superior-philco-5-kg-700-rpm-phls67gn--170703/,549999.0,419999.0,1,True
FRA-lavarropas-carga-superior-gafa-digifit-6,Fravega,GAFA,Lavado,"Lavarropas Carga Superior Gafa DigiFit 6,5kg Blanco",https://www.fravega.com/p/lavarropas-carga-superior-gafa-digifit-6-5kg-blanco-50029845/,665443.0,539999.99,1,True
FRA-lavarropas-midea-8-kg-mf100w80b-t-a1-col,Fravega,MIDEA,Lavado,Lavarropas Midea 8 Kg  Mf100w80b/t-a1 - Color Titanio,https://www.fravega.com/p/lavarropas-midea-8-kg-mf100w80b-t-a1-color-titanio-990289056/,1014999.0,664998.99,1,True
FRA-lavarropas-drean-inverter-9kg-lfdr0914is,Fravega,DREAN,Lavado,Lavarropas Drean Inverter 9Kg LFDR0914ISG Grafito,https://www.fravega.com/p/lavarropas-drean-inverter-9kg-lfdr0914isg-grafito-170819/,1149999.0,999999.0,1,True
FRA-lavarropas-automatico-carga-frontal-inve,Fravega,PHILCO,Lavado,Lavarropas Automático Carga Frontal Inverter Philco 6 Kg 1000 RPM PHLF61BN,https://www.fravega.com/p/lavarropas-automatico-carga-frontal-inverter-philco-6-kg-1000-rpm-phlf61bn-170802/,649999.0,549999.0,1,True
FRA-lavarropas-carga-frontal-electrolux-8-5k,Fravega,OTRAS,Lavado,"Lavarropas Carga Frontal Electrolux 8,5kg blanco Inverter ELAF208W",https://www.fravega.com/p/lavarropas-carga-frontal-electrolux-8-5kg-blanco-inverter-elaf208w-990268583/,979666.0,759999.0,1,True
FRA-lavarropas-carga-superior-ecoinverter-7-,Fravega,DREAN,Lavado,Lavarropas Carga Superior Ecoinverter 7 Kg 1400 RPM Blanco Drean LTDRI0714PB0,https://www.fravega.com/p/lavarropas-carga-superior-ecoinverter-7-kg-1400-rpm-blanco-drean-ltdri0714pb0-990278930/,1451999.0,799998.99,1,True
FRA-lavasecarropas-electrolux-10-5kg-7kg-lsc,Fravega,OTRAS,Lavado,"Lavasecarropas Electrolux 10,5Kg 7KG LSC11",https://www.fravega.com/p/lavasecarropas-electrolux-10-5kg-7kg-lsc11-171092/,1199999.0,1085972.0,1,True
FRA-lavarropas-smartlife-6k-sl-wmu061000w-17,Fravega,OTRAS,Lavado,Lavarropas Smartlife 6K SL-WMU061000W,https://www.fravega.com/p/lavarropas-smartlife-6k-sl-wmu061000w-170465/,689999.0,499999.0,1,True
FRA-lavarropas-comfee-8kg-blanco-cfn03w80-w-,Fravega,OTRAS,Lavado,Lavarropas Comfee 8kg Blanco Cfn03w80/w-ar Blanco,https://www.fravega.com/p/lavarropas-comfee-8kg-blanco-cfn03w80-w-ar-blanco-990293156/,851999.0,569999.0,1,True
FRA-lavavajillas-admiral-ad-lvd1305se-13-cub,Fravega,OTRAS,Lavado,Lavavajillas Admiral AD-LVD1305SE 13 Cubiertos Inox,https://www.fravega.com/p/lavavajillas-admiral-ad-lvd1305se-13-cubiertos-inox-170467/,699999.0,599999.0,1,True
FRA-lavasecarropas-samsung-wd11t504-control-,Fravega,SAMSUNG,Lavado,Lavasecarropas Samsung WD11T504 Control IA White 11Kg/7kg,https://www.fravega.com/p/lavasecarropas-samsung-wd11t504-control-ia-white-11kg-7kg-990293539/,1999999.0,1699999.15,1,True
FRA-lavarropa-samsung-carga-frontal-6-5-kg-s,Fravega,SAMSUNG,Lavado,"Lavarropa Samsung Carga Frontal 6,5 Kg Silver WW65A4000SU",https://www.fravega.com/p/lavarropa-samsung-carga-frontal-6-5-kg-silver-ww65a4000su-170419/,944999.0,755999.0,1,True
FRA-lavasecarropas-drean-carga-frontal-10-kg,Fravega,DREAN,Lavado,Lavasecarropas Drean Carga Frontal 10 Kg  LSCDR1006SG0,https://www.fravega.com/p/lavasecarropas-drean-carga-frontal-10-kg-lscdr1006sg0-170556/,1299999.0,1074379.0,1,True
FRA-secarropas-centrifugo-koh-i-noor-a-665-2,Fravega,OTRAS,Lavado,"Secarropas Centrifugo KOH-I-NOOR A-665/2 6,5 Kg",https://www.fravega.com/p/secarropas-centrifugo-koh-i-noor-a-665-2-6-5-kg-280026/,400999.0,369999.0,1,True
FRA-lavasecarropas-carga-frontal-samsung-dig,Fravega,SAMSUNG,Lavado,Lavasecarropas Carga Frontal Samsung Digital Inverter con Ecobubble 11kg + 7kg,https://www.fravega.com/p/lavasecarropas-carga-frontal-samsung-digital-inverter-con-ecobubble-11kg-7kg-170569/,1799999.0,1399999.0,1,True
FRA-secarropas-drean-qv-5-5-kg-20049454,Fravega,DREAN,Lavado,Secarropas Drean QV 5.5 Kg,https://www.fravega.com/p/secarropas-drean-qv-5-5-kg-20049454/,290398.8,194999.0,1,True
FRA-lavavajillas-drean-lvdr1106cg0-11c-17090,Fravega,DREAN,Lavado,Lavavajillas Drean LVDR1106CG0 11C,https://www.fravega.com/p/lavavajillas-drean-lvdr1106cg0-11c-170901/,899999.0,743800.83,1,True
FRA-secarropas-centrifugo-codini-advance-ad6,Fravega,OTRAS,Lavado,Secarropas Centrífugo Codini Advance AD65 Blanco 2800 RPM,https://www.fravega.com/p/secarropas-centrifugo-codini-advance-ad65-blanco-2800-rpm-289175/,236999.0,199999.0,1,True
FRA-lavarropas-hisense-wf1i8041bw-carga-fron,Fravega,HISENSE,Lavado,Lavarropas Hisense WF1I8041BW Carga Frontal 8 Kg 1400 RPM Blanco,https://www.fravega.com/p/lavarropas-hisense-wf1i8041bw-carga-frontal-8-kg-1400-rpm-blanco-170754/,636999.0,599999.0,1,True
FRA-lavasecarropas-drean-12kg-lscdr1208sg0-g,Fravega,DREAN,Lavado,Lavasecarropas Drean 12Kg LSCDR1208SG0 Gris,https://www.fravega.com/p/lavasecarropas-drean-12kg-lscdr1208sg0-gris-170536/,1449999.0,1399999.0,1,True
FRA-lavarropas-philco-11-kg-carga-frontal-in,Fravega,PHILCO,Lavado,Lavarropas Philco 11 Kg Carga Frontal Inverter Blanco PHLF117BN,https://www.fravega.com/p/lavarropas-philco-11-kg-carga-frontal-inverter-blanco-phlf117bn-990284577/,1044999.0,804999.0,1,True
FRA-lavarropas-carga-frontal-9-5kg-1400-rpm-,Fravega,SAMSUNG,Lavado,Lavarropas Carga Frontal 9.5Kg 1400 RPM Samsung WW95AA046BWU,https://www.fravega.com/p/lavarropas-carga-frontal-9-5kg-1400-rpm-samsung-ww95aa046bwu-170401/,1345999.0,1049999.0,1,True
FRA-secarropas-centrifugo-drean-qv-6-5kg-281,Fravega,DREAN,Lavado,Secarropas Centrifugo Drean QV 6.5Kg,https://www.fravega.com/p/secarropas-centrifugo-drean-qv-6-5kg-281852/,253999.0,219999.0,1,True
FRA-lavarropas-inverter-carga-frontal-6kg-te,Fravega,OTRAS,Lavado,Lavarropas Inverter Carga Frontal 6Kg Telefunken TFK-WMCFWT,https://www.fravega.com/p/lavarropas-inverter-carga-frontal-6kg-telefunken-tfk-wmcfwt-170810/,699999.0,469999.0,1,True
FRA-lavavajillas-electrolux-ls14e-14-cubiert,Fravega,OTRAS,Lavado,Lavavajillas Electrolux LS14E 14 Cubiertos,https://www.fravega.com/p/lavavajillas-electrolux-ls14e-14-cubiertos-170792/,1143999.0,899999.0,1,True
FRA-lavarropas-philco-phlf111dgn2-carga-fron,Fravega,PHILCO,Lavado,Lavarropas Philco PHLF111DGN2 Carga Frontal Inverter 1400 RPM 11 Kg,https://www.fravega.com/p/lavarropas-philco-phlf111dgn2-carga-frontal-inverter-1400-rpm-11-kg-170927/,1199999.0,899999.0,1,True
FRA-secarropas-smartlife-calor-inverter-10kg,Fravega,HP,Lavado,Secarropas Smartlife Calor Inverter 10kg SL-DYHP10G Gris,https://www.fravega.com/p/secarropas-smartlife-calor-inverter-10kg-sl-dyhp10g-gris-280065/,1574999.0,1301652.0,1,True
FRA-lavarropas-bgh-inverter-carga-frontal-9k,Fravega,BGH,Lavado,Lavarropas BGH Inverter Carga Frontal 9kg 1400 RPM BWFS09S25AR,https://www.fravega.com/p/lavarropas-bgh-inverter-carga-frontal-9kg-1400-rpm-bwfs09s25ar-170827/,999999.0,899999.0,1,True
FRA-lavarropas-lg-carga-frontal-12kg-ai-dd-i,Fravega,LG,Lavado,Lavarropas LG Carga Frontal 12Kg AI DD Inverter Gris Oscuro WM12BVC4S6,https://www.fravega.com/p/lavarropas-lg-carga-frontal-12kg-ai-dd-inverter-gris-oscuro-wm12bvc4s6-990295685/,1539999.0,1399999.0,1,True
FRA-lavasecarropas-bgh-inverter-carga-fronta,Fravega,BGH,Lavado,Lavasecarropas BGH Inverter Carga Frontal 10/6kg 1400 RPM Blanco BWDN10W25AR,https://www.fravega.com/p/lavasecarropas-bgh-inverter-carga-frontal-10-6kg-1400-rpm-blanco-bwdn10w25ar-170770/,1149999.0,1099999.0,1,True
FRA-lavarropas-carga-superior-whirlpool-6kg-,Fravega,WHIRLPOOL,Lavado,Lavarropas Carga Superior Whirlpool 6KG 1200 RPM WCS60ZB,https://www.fravega.com/p/lavarropas-carga-superior-whirlpool-6kg-1200-rpm-wcs60zb-10011542/,1379999.0,1199999.0,1,True
FRA-lavarropas-ecoinverter-10-5-kg-1200-rpm-,Fravega,DREAN,Lavado,"Lavarropas Ecoinverter 10,5 Kg 1200 RPM Blanco Drean LCFDR1012SB0",https://www.fravega.com/p/lavarropas-ecoinverter-10-5-kg-1200-rpm-blanco-drean-lcfdr1012sb0-990276139/,1330999.0,949999.0,1,True
FRA-lavasecarropas-philco-12kg-8kg-phls128-2,Fravega,PHILCO,Lavado,Lavasecarropas Philco 12Kg 8KG PHLS128-2TN,https://www.fravega.com/p/lavasecarropas-philco-12kg-8kg-phls128-2tn-170570/,1099999.0,995474.21,1,True
FRA-lavarropas-automatico-carga-superior-phi,Fravega,PHILCO,Lavado,Lavarropas Automático Carga Superior Philco 5 Kg 700 RPM PHLS67GN,https://www.fravega.com/p/lavarropas-automatico-carga-superior-philco-5-kg-700-rpm-phls67gn--170703/,549999.0,419999.0,1,True
FRA-lavarropas-carga-superior-gafa-digifit-6,Fravega,GAFA,Lavado,"Lavarropas Carga Superior Gafa DigiFit 6,5kg Blanco",https://www.fravega.com/p/lavarropas-carga-superior-gafa-digifit-6-5kg-blanco-50029845/,665443.0,539999.99,1,True
FRA-lavarropas-midea-8-kg-mf100w80b-t-a1-col,Fravega,MIDEA,Lavado,Lavarropas Midea 8 Kg  Mf100w80b/t-a1 - Color Titanio,https://www.fravega.com/p/lavarropas-midea-8-kg-mf100w80b-t-a1-color-titanio-990289056/,1014999.0,664998.99,1,True
FRA-lavarropas-drean-inverter-9kg-lfdr0914is,Fravega,DREAN,Lavado,Lavarropas Drean Inverter 9Kg LFDR0914ISG Grafito,https://www.fravega.com/p/lavarropas-drean-inverter-9kg-lfdr0914isg-grafito-170819/,1149999.0,999999.0,1,True
FRA-lavarropas-automatico-carga-frontal-inve,Fravega,PHILCO,Lavado,Lavarropas Automático Carga Frontal Inverter Philco 6 Kg 1000 RPM PHLF61BN,https://www.fravega.com/p/lavarropas-automatico-carga-frontal-inverter-philco-6-kg-1000-rpm-phlf61bn-170802/,649999.0,549999.0,1,True
FRA-lavarropas-carga-frontal-electrolux-8-5k,Fravega,OTRAS,Lavado,"Lavarropas Carga Frontal Electrolux 8,5kg blanco Inverter ELAF208W",https://www.fravega.com/p/lavarropas-carga-frontal-electrolux-8-5kg-blanco-inverter-elaf208w-990268583/,979666.0,759999.0,1,True
FRA-lavarropas-carga-superior-ecoinverter-7-,Fravega,DREAN,Lavado,Lavarropas Carga Superior Ecoinverter 7 Kg 1400 RPM Blanco Drean LTDRI0714PB0,https://www.fravega.com/p/lavarropas-carga-superior-ecoinverter-7-kg-1400-rpm-blanco-drean-ltdri0714pb0-990278930/,1451999.0,799998.99,1,True
FRA-lavasecarropas-electrolux-10-5kg-7kg-lsc,Fravega,OTRAS,Lavado,"Lavasecarropas Electrolux 10,5Kg 7KG LSC11",https://www.fravega.com/p/lavasecarropas-electrolux-10-5kg-7kg-lsc11-171092/,1199999.0,1085972.0,1,True
FRA-lavarropas-smartlife-6k-sl-wmu061000w-17,Fravega,OTRAS,Lavado,Lavarropas Smartlife 6K SL-WMU061000W,https://www.fravega.com/p/lavarropas-smartlife-6k-sl-wmu061000w-170465/,689999.0,499999.0,1,True
FRA-lavarropas-comfee-8kg-blanco-cfn03w80-w-,Fravega,OTRAS,Lavado,Lavarropas Comfee 8kg Blanco Cfn03w80/w-ar Blanco,https://www.fravega.com/p/lavarropas-comfee-8kg-blanco-cfn03w80-w-ar-blanco-990293156/,851999.0,569999.0,1,True
FRA-lavavajillas-admiral-ad-lvd1305se-13-cub,Fravega,OTRAS,Lavado,Lavavajillas Admiral AD-LVD1305SE 13 Cubiertos Inox,https://www.fravega.com/p/lavavajillas-admiral-ad-lvd1305se-13-cubiertos-inox-170467/,699999.0,599999.0,1,True
FRA-lavasecarropas-samsung-wd11t504-control-,Fravega,SAMSUNG,Lavado,Lavasecarropas Samsung WD11T504 Control IA White 11Kg/7kg,https://www.fravega.com/p/lavasecarropas-samsung-wd11t504-control-ia-white-11kg-7kg-990293539/,1999999.0,1699999.15,1,True
FRA-lavarropa-samsung-carga-frontal-6-5-kg-s,Fravega,SAMSUNG,Lavado,"Lavarropa Samsung Carga Frontal 6,5 Kg Silver WW65A4000SU",https://www.fravega.com/p/lavarropa-samsung-carga-frontal-6-5-kg-silver-ww65a4000su-170419/,944999.0,755999.0,1,True
FRA-lavasecarropas-drean-carga-frontal-10-kg,Fravega,DREAN,Lavado,Lavasecarropas Drean Carga Frontal 10 Kg  LSCDR1006SG0,https://www.fravega.com/p/lavasecarropas-drean-carga-frontal-10-kg-lscdr1006sg0-170556/,1299999.0,1074379.0,1,True
FRA-secarropas-centrifugo-koh-i-noor-a-665-2,Fravega,OTRAS,Lavado,"Secarropas Centrifugo KOH-I-NOOR A-665/2 6,5 Kg",https://www.fravega.com/p/secarropas-centrifugo-koh-i-noor-a-665-2-6-5-kg-280026/,400999.0,369999.0,1,True
FRA-lavasecarropas-carga-frontal-samsung-dig,Fravega,SAMSUNG,Lavado,Lavasecarropas Carga Frontal Samsung Digital Inverter con Ecobubble 11kg + 7kg,https://www.fravega.com/p/lavasecarropas-carga-frontal-samsung-digital-inverter-con-ecobubble-11kg-7kg-170569/,1799999.0,1399999.0,1,True
FRA-secarropas-drean-qv-5-5-kg-20049454,Fravega,DREAN,Lavado,Secarropas Drean QV 5.5 Kg,https://www.fravega.com/p/secarropas-drean-qv-5-5-kg-20049454/,290398.8,194999.0,1,True
FRA-lavavajillas-drean-lvdr1106cg0-11c-17090,Fravega,DREAN,Lavado,Lavavajillas Drean LVDR1106CG0 11C,https://www.fravega.com/p/lavavajillas-drean-lvdr1106cg0-11c-170901/,899999.0,743800.83,1,True
FRA-secarropas-centrifugo-codini-advance-ad6,Fravega,OTRAS,Lavado,Secarropas Centrífugo Codini Advance AD65 Blanco 2800 RPM,https://www.fravega.com/p/secarropas-centrifugo-codini-advance-ad65-blanco-2800-rpm-289175/,236999.0,199999.0,1,True
FRA-lavavajillas-sobre-mesada-philco-phlj05b,Fravega,PHILCO,Lavado,Lavavajillas Sobre Mesada Philco PHLJ05B 5 Cubiertos Blanco,https://www.fravega.com/p/lavavajillas-sobre-mesada-philco-phlj05b-5-cubiertos-blanco-170320/,616399.0,415999.0,1,True
FRA-lavavajillas-bgh-blvm14s25-14-cubiertos-,Fravega,BGH,Lavado,Lavavajillas BGH BLVM14S25 14 Cubiertos Silver,https://www.fravega.com/p/lavavajillas-bgh-blvm14s25-14-cubiertos-silver-171163/,899999.0,869999.0,1,True
FRA-secarropas-centrifugo-drean-qv-5-5kg-281,Fravega,DREAN,Lavado,Secarropas Centrifugo Drean QV 5.5Kg,https://www.fravega.com/p/secarropas-centrifugo-drean-qv-5-5kg-281791/,239999.0,204999.0,1,True
FRA-lavarropas-semiautomatico-carga-superior,Fravega,OTRAS,Lavado,Lavarropas Semiautomático Carga Superior Columbia 7 Kg LSC-7001,https://www.fravega.com/p/lavarropas-semiautomatico-carga-superior-columbia-7-kg-lsc-7001-170358/,236999.0,199999.0,1,True
FRA-lavarropas-automatico-inverter-drean-7-k,Fravega,DREAN,Lavado,Lavarropas Automático Inverter Drean 7 Kg 1400 RPM LTDRI0714PB0,https://www.fravega.com/p/lavarropas-automatico-inverter-drean-7-kg-1400-rpm-ltdri0714pb0-170731/,1099999.0,909090.08,1,True
FRA-secarropas-centrifugo-koh-i-noor-b-665-2,Fravega,OTRAS,Lavado,"Secarropas Centrifugo KOH-I-NOOR B-665/2 6,5 Kg",https://www.fravega.com/p/secarropas-centrifugo-koh-i-noor-b-665-2-6-5-kg-280029/,309499.0,279999.0,1,True
FRA-lavarropas-carga-frontal-inverter-whirlp,Fravega,WHIRLPOOL,Lavado,Lavarropas Carga Frontal Inverter Whirlpool 9kg 1400rpm WNQ90AS Gris,https://www.fravega.com/p/lavarropas-carga-frontal-inverter-whirlpool-9kg-1400rpm-wnq90as-gris-170446/,1249999.0,1033057.02,1,True
FRA-lavasecarropas-smartlife-11-5kg-sl-wdi11,Fravega,OTRAS,Lavado,Lavasecarropas Smartlife 11.5KG SL-WDI11581400G Gris,https://www.fravega.com/p/lavasecarropas-smartlife-11-5kg-sl-wdi11581400g-gris-170564/,1299999.0,1099999.0,1,True
FRA-lavavajillas-inverter-midea-de-415xar1-1,Fravega,MIDEA,Lavado,Lavavajillas Inverter Midea DE-415XAR1 15C,https://www.fravega.com/p/lavavajillas-inverter-midea-de-415xar1-15c-170723/,1249999.0,1099999.0,1,True
FRA-lavarropas-electrolux-lfc11-carga-fronta,Fravega,OTRAS,Lavado,"Lavarropas Electrolux LFC11 Carga Frontal Inverter 10,5kg 1200 RPM",https://www.fravega.com/p/lavarropas-electrolux-lfc11-carga-frontal-inverter-10-5kg-1200-rpm-170831/,1049099.0,849999.0,1,True
FRA-secarropas-smartlife-calor-8kg-sl-dyhp08,Fravega,HP,Lavado,Secarropas Smartlife Calor 8kg SL-DYHP08W Blanco,https://www.fravega.com/p/secarropas-smartlife-calor-8kg-sl-dyhp08w-blanco-280060/,1049999.0,867767.77,1,True
FRA-lavasecarropas-samsung-wd11a4453-ecobubb,Fravega,SAMSUNG,Lavado,Lavasecarropas Samsung WD11A4453 Ecobubble White 11kg,https://www.fravega.com/p/lavasecarropas-samsung-wd11a4453-ecobubble-white-11kg-990293538/,1799999.0,1529999.16,1,True
FRA-secarropas-koh-i-noor-acero-inoxidable-a,Fravega,ACER,Lavado,Secarropas Koh-i-noor Acero Inoxidable A-665/2 2800rpm 6.5kg,https://www.fravega.com/p/secarropas-koh-i-noor-acero-inoxidable-a-665-2-2800rpm-6-5kg-21961203/,499999.0,299999.0,1,True
FRA-lavarropas-semiautomatico-drean-5kg-lrdr,Fravega,DREAN,Lavado,Lavarropas Semiautomático Drean 5Kg LRDR57SB0 Blanco,https://www.fravega.com/p/lavarropas-semiautomatico-drean-5kg-lrdr57sb0-blanco-170492/,218499.0,199999.0,1,True
FRA-lavasecarropas-philco-12kg-8kg-phls128-2,Fravega,PHILCO,Lavado,Lavasecarropas Philco 12Kg 8KG PHLS128-2TN,https://www.fravega.com/p/lavasecarropas-philco-12kg-8kg-phls128-2tn-170570/,1099999.0,995474.21,1,True
FRA-lavarropas-automatico-carga-superior-phi,Fravega,PHILCO,Lavado,Lavarropas Automático Carga Superior Philco 5 Kg 700 RPM PHLS67GN,https://www.fravega.com/p/lavarropas-automatico-carga-superior-philco-5-kg-700-rpm-phls67gn--170703/,549999.0,419999.0,1,True
FRA-lavarropas-carga-superior-gafa-digifit-6,Fravega,GAFA,Lavado,"Lavarropas Carga Superior Gafa DigiFit 6,5kg Blanco",https://www.fravega.com/p/lavarropas-carga-superior-gafa-digifit-6-5kg-blanco-50029845/,665443.0,539999.99,1,True
FRA-lavarropas-midea-8-kg-mf100w80b-t-a1-col,Fravega,MIDEA,Lavado,Lavarropas Midea 8 Kg  Mf100w80b/t-a1 - Color Titanio,https://www.fravega.com/p/lavarropas-midea-8-kg-mf100w80b-t-a1-color-titanio-990289056/,1014999.0,664998.99,1,True
FRA-lavarropas-drean-inverter-9kg-lfdr0914is,Fravega,DREAN,Lavado,Lavarropas Drean Inverter 9Kg LFDR0914ISG Grafito,https://www.fravega.com/p/lavarropas-drean-inverter-9kg-lfdr0914isg-grafito-170819/,1149999.0,999999.0,1,True
FRA-lavarropas-automatico-carga-frontal-inve,Fravega,PHILCO,Lavado,Lavarropas Automático Carga Frontal Inverter Philco 6 Kg 1000 RPM PHLF61BN,https://www.fravega.com/p/lavarropas-automatico-carga-frontal-inverter-philco-6-kg-1000-rpm-phlf61bn-170802/,649999.0,549999.0,1,True
FRA-lavarropas-carga-frontal-electrolux-8-5k,Fravega,OTRAS,Lavado,"Lavarropas Carga Frontal Electrolux 8,5kg blanco Inverter ELAF208W",https://www.fravega.com/p/lavarropas-carga-frontal-electrolux-8-5kg-blanco-inverter-elaf208w-990268583/,979666.0,759999.0,1,True
FRA-lavarropas-carga-superior-ecoinverter-7-,Fravega,DREAN,Lavado,Lavarropas Carga Superior Ecoinverter 7 Kg 1400 RPM Blanco Drean LTDRI0714PB0,https://www.fravega.com/p/lavarropas-carga-superior-ecoinverter-7-kg-1400-rpm-blanco-drean-ltdri0714pb0-990278930/,1451999.0,799998.99,1,True
FRA-lavasecarropas-electrolux-10-5kg-7kg-lsc,Fravega,OTRAS,Lavado,"Lavasecarropas Electrolux 10,5Kg 7KG LSC11",https://www.fravega.com/p/lavasecarropas-electrolux-10-5kg-7kg-lsc11-171092/,1199999.0,1085972.0,1,True
FRA-lavarropas-smartlife-6k-sl-wmu061000w-17,Fravega,OTRAS,Lavado,Lavarropas Smartlife 6K SL-WMU061000W,https://www.fravega.com/p/lavarropas-smartlife-6k-sl-wmu061000w-170465/,689999.0,499999.0,1,True
FRA-lavarropas-comfee-8kg-blanco-cfn03w80-w-,Fravega,OTRAS,Lavado,Lavarropas Comfee 8kg Blanco Cfn03w80/w-ar Blanco,https://www.fravega.com/p/lavarropas-comfee-8kg-blanco-cfn03w80-w-ar-blanco-990293156/,851999.0,569999.0,1,True
FRA-lavavajillas-admiral-ad-lvd1305se-13-cub,Fravega,OTRAS,Lavado,Lavavajillas Admiral AD-LVD1305SE 13 Cubiertos Inox,https://www.fravega.com/p/lavavajillas-admiral-ad-lvd1305se-13-cubiertos-inox-170467/,699999.0,599999.0,1,True
FRA-lavasecarropas-samsung-wd11t504-control-,Fravega,SAMSUNG,Lavado,Lavasecarropas Samsung WD11T504 Control IA White 11Kg/7kg,https://www.fravega.com/p/lavasecarropas-samsung-wd11t504-control-ia-white-11kg-7kg-990293539/,1999999.0,1699999.15,1,True
FRA-lavarropa-samsung-carga-frontal-6-5-kg-s,Fravega,SAMSUNG,Lavado,"Lavarropa Samsung Carga Frontal 6,5 Kg Silver WW65A4000SU",https://www.fravega.com/p/lavarropa-samsung-carga-frontal-6-5-kg-silver-ww65a4000su-170419/,944999.0,755999.0,1,True
FRA-lavasecarropas-drean-carga-frontal-10-kg,Fravega,DREAN,Lavado,Lavasecarropas Drean Carga Frontal 10 Kg  LSCDR1006SG0,https://www.fravega.com/p/lavasecarropas-drean-carga-frontal-10-kg-lscdr1006sg0-170556/,1299999.0,1074379.0,1,True
FRA-secarropas-centrifugo-koh-i-noor-a-665-2,Fravega,OTRAS,Lavado,"Secarropas Centrifugo KOH-I-NOOR A-665/2 6,5 Kg",https://www.fravega.com/p/secarropas-centrifugo-koh-i-noor-a-665-2-6-5-kg-280026/,400999.0,369999.0,1,True
FRA-lavasecarropas-carga-frontal-samsung-dig,Fravega,SAMSUNG,Lavado,Lavasecarropas Carga Frontal Samsung Digital Inverter con Ecobubble 11kg + 7kg,https://www.fravega.com/p/lavasecarropas-carga-frontal-samsung-digital-inverter-con-ecobubble-11kg-7kg-170569/,1799999.0,1399999.0,1,True
FRA-secarropas-drean-qv-5-5-kg-20049454,Fravega,DREAN,Lavado,Secarropas Drean QV 5.5 Kg,https://www.fravega.com/p/secarropas-drean-qv-5-5-kg-20049454/,290398.8,194999.0,1,True
FRA-lavavajillas-drean-lvdr1106cg0-11c-17090,Fravega,DREAN,Lavado,Lavavajillas Drean LVDR1106CG0 11C,https://www.fravega.com/p/lavavajillas-drean-lvdr1106cg0-11c-170901/,899999.0,743800.83,1,True
FRA-secarropas-centrifugo-codini-advance-ad6,Fravega,OTRAS,Lavado,Secarropas Centrífugo Codini Advance AD65 Blanco 2800 RPM,https://www.fravega.com/p/secarropas-centrifugo-codini-advance-ad65-blanco-2800-rpm-289175/,236999.0,199999.0,1,True
FRA-lavavajillas-15-cubiertos-inoxidable-dre,Fravega,DREAN,Lavado,Lavavajillas 15 cubiertos Inoxidable Drean LVDR1506CI0,https://www.fravega.com/p/lavavajillas-15-cubiertos-inoxidable-drean-lvdr1506ci0-170689/,1199999.0,1099999.0,1,True
FRA-lavarropas-carga-superior-ecoinverter-7-,Fravega,DREAN,Lavado,Lavarropas Carga Superior Ecoinverter 7 Kg 1400 RPM Gris Drean LTDRI0714PG0,https://www.fravega.com/p/lavarropas-carga-superior-ecoinverter-7-kg-1400-rpm-gris-drean-ltdri0714pg0-990278929/,1572999.0,769499.0,1,True
FRA-lavavajillas-whilrlpool-wle14ard-inverte,Fravega,OTRAS,Lavado,Lavavajillas Whilrlpool WLE14ARD Inverter 14 Cubiertos Inox,https://www.fravega.com/p/lavavajillas-whilrlpool-wle14ard-inverter-14-cubiertos-inox-170859/,1179999.0,975205.79,1,True
FRA-lavarropas-samsung-ww95aa046bwubg-9-5kg-,Fravega,SAMSUNG,Lavado,Lavarropas Samsung WW95AA046BWUBG 9.5kg White Inverter,https://www.fravega.com/p/lavarropas-samsung-ww95aa046bwubg-9-5kg-white-inverter-990042204/,1345999.0,1009499.25,1,True
FRA-combo-lavarropa-codini-10kgs-secarropas-,Fravega,OTRAS,Lavado,Combo Lavarropa Codini 10kgs + Secarropas Codini Advance 6.5kgs Blanco,https://www.fravega.com/p/combo-lavarropa-codini-10kgs-secarropas-codini-advance-6-5kgs-blanco-22461857/,469999.0,369999.0,1,True
FRA-lavavajillas-inverter-midea-de-415xar1-1,Fravega,MIDEA,Lavado,Lavavajillas Inverter Midea DE-415XAR1 15C,https://www.fravega.com/p/lavavajillas-inverter-midea-de-415xar1-15c-170722/,1299999.0,1149999.0,1,True
FRA-lavarropas-midea-carga-frontal-6kg-1000r,Fravega,MIDEA,Lavado,Lavarropas Midea Carga Frontal 6kg 1000rpm MF100 White,https://www.fravega.com/p/lavarropas-midea-carga-frontal-6kg-1000rpm-mf100-white-170551/,779999.0,579999.0,1,True
FRA-lavarropas-carga-frontal-electrolux-8-5k,Fravega,OTRAS,Lavado,"Lavarropas Carga Frontal Electrolux 8,5kg Gris Ónix Inverter ELAF208S",https://www.fravega.com/p/lavarropas-carga-frontal-electrolux-8-5kg-gris-onix-inverter-elaf208s-990268584/,1029999.0,862109.0,1,True
FRA-lavarropa-kanji-4kg-automatico-silver-ca,Fravega,OTRAS,Lavado,Lavarropa Kanji 4Kg Automatico Silver Carga Superior,https://www.fravega.com/p/lavarropa-kanji-4kg-automatico-silver-carga-superior-22722612/,495999.0,334999.0,1,True
FRA-lavavajillas-inverter-whirlpool-14-cubie,Fravega,WHIRLPOOL,Lavado,Lavavajillas Inverter Whirlpool 14 Cubiertos WLV14BY  Blanco,https://www.fravega.com/p/lavavajillas-inverter-whirlpool-14-cubiertos-wlv14by-blanco-10014511/,1379999.0,999999.0,1,True
FRA-lavarropas-candy-ro1696dwh7-1-12-carga-f,Fravega,OTRAS,Lavado,Lavarropas Candy RO1696DWH7/1-12 Carga Frontal Inverter 9kg,https://www.fravega.com/p/lavarropas-candy-ro1696dwh7-1-12-carga-frontal-inverter-9kg-170420/,1499999.0,899999.0,1,True
FRA-lavarropas-carga-superior-whirlpool-9-kg,Fravega,WHIRLPOOL,Lavado,Lavarropas Carga Superior Whirlpool 9 Kg WW09HBB,https://www.fravega.com/p/lavarropas-carga-superior-whirlpool-9-kg-ww09hbb-170458/,849999.0,749999.0,1,True
FRA-lavasecarropas-smartlife-inverter-11-5kg,Fravega,OTRAS,Lavado,Lavasecarropas Smartlife Inverter 11.5KG SL-WDI11581400W Blanco,https://www.fravega.com/p/lavasecarropas-smartlife-inverter-11-5kg-sl-wdi11581400w-blanco-170528/,1245999.0,999999.0,1,True
FRA-aire-acondicionado-split-inverter-midea-,Fravega,MIDEA,Aires Acondicionados,Aire Acondicionado Split Inverter Midea FC 3600W 3100F MSZIC-12H-N81E,https://www.fravega.com/p/aire-acondicionado-split-inverter-midea-fc-3600w-3100f-mszic-12h-n81e-21060/,749999.0,619834.0,1,True
FRA-aire-acondicionado-carrier-inverter-spli,Fravega,OTRAS,Aires Acondicionados,Aire Acondicionado Carrier Inverter Split Frío/Calor 53HVP12N81E 3600W 3100F,https://www.fravega.com/p/aire-acondicionado-carrier-inverter-split-frio-calor-53hvp12n81e-3600w-3100f-21055/,949999.0,785123.14,1,True
FRA-aire-acondicionado-bgh-split-inverter-fr,Fravega,BGH,Aires Acondicionados,Aire Acondicionado Bgh Split Inverter Frio/calor 3100F 3650W Blanco BSI37WCNX,https://www.fravega.com/p/aire-acondicionado-bgh-split-inverter-frio-calor-3100f-3650w-blanco-bsi37wcnx-21206/,949999.0,785123.14,1,True
FRA-aire-acondicionado-bgh-split-inverter-fr,Fravega,BGH,Aires Acondicionados,Aire Acondicionado BGH Split Inverter Frío/Calor 4600F WiFi,https://www.fravega.com/p/aire-acondicionado-bgh-split-inverter-frio-calor-4600f-wifi-990303293/,2225999.0,1295399.0,1,True
FRA-aire-acondicionado-philco-inverter-3200f,Fravega,PHILCO,Aires Acondicionados,Aire Acondicionado Philco Inverter 3200F 3750W PHIN37HA2AN,https://www.fravega.com/p/aire-acondicionado-philco-inverter-3200f-3750w-phin37ha2an-21134/,799999.0,661156.0,1,True
FRA-aire-acondicionado-comfee-inverter-frio-,Fravega,OTRAS,Aires Acondicionados,Aire Acondicionado Comfee Inverter Frío/calor 3105 Fg Blanco Blanco,https://www.fravega.com/p/aire-acondicionado-comfee-inverter-frio-calor-3105-fg-blanco-blanco-990304157/,1143999.0,692998.99,1,True
FRA-aire-acondicionado-philco-inverter-4700f,Fravega,PHILCO,Aires Acondicionados,Aire Acondicionado Philco Inverter 4700F 5500W PHIN55HA2AN,https://www.fravega.com/p/aire-acondicionado-philco-inverter-4700f-5500w-phin55ha2an-21135/,1192899.0,985867.0,1,True
FRA-aire-acondicionado-split-inverter-midea-,Fravega,MIDEA,Aires Acondicionados,Aire Acondicionado Split Inverter Midea FC 5800W 5000F MSZIC-18H-N81E,https://www.fravega.com/p/aire-acondicionado-split-inverter-midea-fc-5800w-5000f-mszic-18h-n81e-21061/,1199999.0,991734.71,1,True
FRA-aire-acondicionado-lg-inverter-dualcool-,Fravega,LG,Aires Acondicionados,Aire Acondicionado LG Inverter DUALCOOL WiFi Frío Calor 3000 Frigorías S4-W12JA31A,https://www.fravega.com/p/aire-acondicionado-lg-inverter-dualcool-wifi-frio-calor-3000-frigorias-s4-w12ja31a-990247380/,1534499.0,1249998.99,1,True
FRA-aire-acondicionado-portatil-admiral-ad-p,Fravega,OTRAS,Aires Acondicionados,Aire Acondicionado Portátil Admiral AD-PX12 3000F 3500W,https://www.fravega.com/p/aire-acondicionado-portatil-admiral-ad-px12-3000f-3500w-20949/,699999.0,599999.0,1,True
FRA-aire-acondicionado-split-frio-calor-liko,Fravega,OTRAS,Aires Acondicionados,Aire Acondicionado Split Frío/Calor Likon 2700F LKS35WCEW,https://www.fravega.com/p/aire-acondicionado-split-frio-calor-likon-2700f-lks35wcew-990247260/,999999.0,675999.0,1,True
FRA-aire-acondicionado-ventana-frio-solo-phi,Fravega,PHILCO,Aires Acondicionados,Aire Acondicionado Ventana Frío Solo Philco PHW32CA3AN 2838F 3300W,https://www.fravega.com/p/aire-acondicionado-ventana-frio-solo-philco-phw32ca3an-2838f-3300w-21116/,831710.0,687363.64,1,True
FRA-ventilador-de-techo-admiral-ad-tve5283-p,Fravega,OTRAS,Aires Acondicionados,Ventilador de Techo Admiral AD-TVE5283 Plata,https://www.fravega.com/p/ventilador-de-techo-admiral-ad-tve5283-plata-390487/,149999.0,109999.0,1,True
FRA-aire-acondicionado-split-frio-calor-sams,Fravega,SAMSUNG,Aires Acondicionados,Aire Acondicionado Split Frío/Calor Samsung Inverter 2580F AR40F12,https://www.fravega.com/p/aire-acondicionado-split-frio-calor-samsung-inverter-2580f-ar40f12-990257267/,1629999.0,989399.0,1,True
FRA-ventilador-de-techo-con-luz-admiral-ad-v,Fravega,OTRAS,Aires Acondicionados,Ventilador de Techo con Luz Admiral AD-VTDY1189B,https://www.fravega.com/p/ventilador-de-techo-con-luz-admiral-ad-vtdy1189b-390449/,159999.0,132230.58,1,True
FRA-ventilador-de-pie-philco-con-control-rem,Fravega,PHILCO,Aires Acondicionados,Ventilador de Pie Philco con Control Remoto VPN18325N 18”,https://www.fravega.com/p/ventilador-de-pie-philco-con-control-remoto-vpn18325n-18-390530/,119999.0,99999.0,1,True
FRA-ventilador-turbo-admiral-adtf18p-18-3904,Fravega,OTRAS,Aires Acondicionados,Ventilador Turbo Admiral ADTF18P 18”,https://www.fravega.com/p/ventilador-turbo-admiral-adtf18p-18-390462/,59999.0,49999.0,1,True
FRA-calefactor-multigas-orbis-sin-salida-402,Fravega,OTRAS,Aires Acondicionados,Calefactor Multigas Orbis Sin Salida 4024MO 2700 kcal/h,https://www.fravega.com/p/calefactor-multigas-orbis-sin-salida-4024mo-2700-kcal-h-130415/,259999.0,249999.0,1,True
FRA-ventilador-de-techo-c-aspas-retractiles-,Fravega,OTRAS,Aires Acondicionados,Ventilador De Techo C/Aspas Retractiles y Luz Led Novohome,https://www.fravega.com/p/ventilador-de-techo-c-aspas-retractiles-y-luz-led-novohome-990292892/,287579.0,146399.0,1,True
FRA-caloventor-kanji-home-kjh-ch103-blanco-1,Fravega,OTRAS,Aires Acondicionados,Caloventor Kanji Home KJH-CH103 Blanco,https://www.fravega.com/p/caloventor-kanji-home-kjh-ch103-blanco-130556/,30999.0,25999.0,1,True
FRA-calefactor-tiro-balanceado-volcan-3800-k,Fravega,OTRAS,Aires Acondicionados,Calefactor Tiro Balanceado Volcan 3800 KCal Gas Natural,https://www.fravega.com/p/calefactor-tiro-balanceado-volcan-3800-kcal-gas-natural-990031293/,430489.0,330999.0,1,True
FRA-calefactor-electrico-longvie-ee2-130196,Fravega,OTRAS,Aires Acondicionados,Calefactor Eléctrico Longvie EE2,https://www.fravega.com/p/calefactor-electrico-longvie-ee2-130196/,209999.0,189999.0,1,True
FRA-panel-radiante-liliana-cm620-2000w-13097,Fravega,LILIANA,Aires Acondicionados,Panel Radiante Liliana CM620 2000W,https://www.fravega.com/p/panel-radiante-liliana-cm620-2000w-130972/,229999.0,179999.0,1,True
FRA-aire-acondicionado-split-frio-calor-hise,Fravega,HISENSE,Aires Acondicionados,Aire Acondicionado Split Frío/Calor Hisense 2750W 2300F 27HR4SYRKG00N,https://www.fravega.com/p/aire-acondicionado-split-frio-calor-hisense-2750w-2300f-27hr4syrkg00n-20889/,699999.0,599999.0,1,True
FRA-aire-acondicionado-split-frio-calor-hise,Fravega,HISENSE,Aires Acondicionados,Aire Acondicionado Split Frío/Calor Hisense 3400W 2900F 34HR4SVRKG03PX4,https://www.fravega.com/p/aire-acondicionado-split-frio-calor-hisense-3400w-2900f-34hr4svrkg03px4-20890/,799999.0,649999.0,1,True
FRA-aire-acondicionado-split-frio-calor-hise,Fravega,HISENSE,Aires Acondicionados,Aire Acondicionado Split Frío/Calor Hisense 5200W 4400F 52HR4SXSKG00PX4N,https://www.fravega.com/p/aire-acondicionado-split-frio-calor-hisense-5200w-4400f-52hr4sxskg00px4n-20917/,1299999.0,1099999.0,1,True
FRA-aire-acondicionado-split-frio-calor-sams,Fravega,SAMSUNG,Aires Acondicionados,Aire Acondicionado Split Frío/Calor Samsung Inverter 4500F AR40F18,https://www.fravega.com/p/aire-acondicionado-split-frio-calor-samsung-inverter-4500f-ar40f18-990257268/,2399999.0,1599999.0,1,True
FRA-aire-acondicionado-carrier-inverter-spli,Fravega,OTRAS,Aires Acondicionados,Aire Acondicionado Carrier Inverter Split Frío/Calor 53HVP22N81E 6800W 5900F,https://www.fravega.com/p/aire-acondicionado-carrier-inverter-split-frio-calor-53hvp22n81e-6800w-5900f-21059/,1799999.0,1487602.48,1,True
FRA-aire-acondicionado-split-frio-calor-inve,Fravega,HISENSE,Aires Acondicionados,Aire Acondicionado Split Frío/Calor Inverter Hisense 5500W 4700F 55UR4SXSCA,https://www.fravega.com/p/aire-acondicionado-split-frio-calor-inverter-hisense-5500w-4700f-55ur4sxsca-20907/,1499999.0,1299999.0,1,True
FRA-aire-acondicionado-split-frio-calor-phil,Fravega,PHILCO,Aires Acondicionados,Aire Acondicionado Split Frío/Calor Philco 5400F 6300W  PHS60HA4CN,https://www.fravega.com/p/aire-acondicionado-split-frio-calor-philco-5400f-6300w-phs60ha4cn-20644/,1299999.0,1074379.34,1,True
FRA-aire-acondicionado-split-inverter-midea-,Fravega,MIDEA,Aires Acondicionados,Aire Acondicionado Split Inverter Midea FC 8750W 7525F MSAGIC-30H-N10M,https://www.fravega.com/p/aire-acondicionado-split-inverter-midea-fc-8750w-7525f-msagic-30h-n10m-21238/,2999999.0,1899999.0,1,True
FRA-aire-acondicionado-split-inverter-midea-,Fravega,MIDEA,Aires Acondicionados,Aire Acondicionado Split Inverter Midea FC 3600W 3100F MSZIC-12H-N81E,https://www.fravega.com/p/aire-acondicionado-split-inverter-midea-fc-3600w-3100f-mszic-12h-n81e-21060/,749999.0,619834.0,1,True
FRA-aire-acondicionado-carrier-inverter-spli,Fravega,OTRAS,Aires Acondicionados,Aire Acondicionado Carrier Inverter Split Frío/Calor 53HVP12N81E 3600W 3100F,https://www.fravega.com/p/aire-acondicionado-carrier-inverter-split-frio-calor-53hvp12n81e-3600w-3100f-21055/,949999.0,785123.14,1,True
FRA-aire-acondicionado-bgh-split-inverter-fr,Fravega,BGH,Aires Acondicionados,Aire Acondicionado Bgh Split Inverter Frio/calor 3100F 3650W Blanco BSI37WCNX,https://www.fravega.com/p/aire-acondicionado-bgh-split-inverter-frio-calor-3100f-3650w-blanco-bsi37wcnx-21206/,949999.0,785123.14,1,True
FRA-aire-acondicionado-bgh-split-inverter-fr,Fravega,BGH,Aires Acondicionados,Aire Acondicionado BGH Split Inverter Frío/Calor 4600F WiFi,https://www.fravega.com/p/aire-acondicionado-bgh-split-inverter-frio-calor-4600f-wifi-990303293/,2225999.0,1295399.0,1,True
FRA-aire-acondicionado-philco-inverter-3200f,Fravega,PHILCO,Aires Acondicionados,Aire Acondicionado Philco Inverter 3200F 3750W PHIN37HA2AN,https://www.fravega.com/p/aire-acondicionado-philco-inverter-3200f-3750w-phin37ha2an-21134/,799999.0,661156.0,1,True
FRA-aire-acondicionado-comfee-inverter-frio-,Fravega,OTRAS,Aires Acondicionados,Aire Acondicionado Comfee Inverter Frío/calor 3105 Fg Blanco Blanco,https://www.fravega.com/p/aire-acondicionado-comfee-inverter-frio-calor-3105-fg-blanco-blanco-990304157/,1143999.0,692998.99,1,True
FRA-aire-acondicionado-philco-inverter-4700f,Fravega,PHILCO,Aires Acondicionados,Aire Acondicionado Philco Inverter 4700F 5500W PHIN55HA2AN,https://www.fravega.com/p/aire-acondicionado-philco-inverter-4700f-5500w-phin55ha2an-21135/,1192899.0,985867.0,1,True
FRA-aire-acondicionado-split-inverter-midea-,Fravega,MIDEA,Aires Acondicionados,Aire Acondicionado Split Inverter Midea FC 5800W 5000F MSZIC-18H-N81E,https://www.fravega.com/p/aire-acondicionado-split-inverter-midea-fc-5800w-5000f-mszic-18h-n81e-21061/,1199999.0,991734.71,1,True
FRA-aire-acondicionado-lg-inverter-dualcool-,Fravega,LG,Aires Acondicionados,Aire Acondicionado LG Inverter DUALCOOL WiFi Frío Calor 3000 Frigorías S4-W12JA31A,https://www.fravega.com/p/aire-acondicionado-lg-inverter-dualcool-wifi-frio-calor-3000-frigorias-s4-w12ja31a-990247380/,1534499.0,1249998.99,1,True
FRA-aire-acondicionado-portatil-admiral-ad-p,Fravega,OTRAS,Aires Acondicionados,Aire Acondicionado Portátil Admiral AD-PX12 3000F 3500W,https://www.fravega.com/p/aire-acondicionado-portatil-admiral-ad-px12-3000f-3500w-20949/,699999.0,599999.0,1,True
FRA-aire-acondicionado-split-frio-calor-liko,Fravega,OTRAS,Aires Acondicionados,Aire Acondicionado Split Frío/Calor Likon 2700F LKS35WCEW,https://www.fravega.com/p/aire-acondicionado-split-frio-calor-likon-2700f-lks35wcew-990247260/,999999.0,675999.0,1,True
FRA-aire-acondicionado-ventana-frio-solo-phi,Fravega,PHILCO,Aires Acondicionados,Aire Acondicionado Ventana Frío Solo Philco PHW32CA3AN 2838F 3300W,https://www.fravega.com/p/aire-acondicionado-ventana-frio-solo-philco-phw32ca3an-2838f-3300w-21116/,831710.0,687363.64,1,True
FRA-ventilador-de-techo-admiral-ad-tve5283-p,Fravega,OTRAS,Aires Acondicionados,Ventilador de Techo Admiral AD-TVE5283 Plata,https://www.fravega.com/p/ventilador-de-techo-admiral-ad-tve5283-plata-390487/,149999.0,109999.0,1,True
FRA-aire-acondicionado-split-frio-calor-sams,Fravega,SAMSUNG,Aires Acondicionados,Aire Acondicionado Split Frío/Calor Samsung Inverter 2580F AR40F12,https://www.fravega.com/p/aire-acondicionado-split-frio-calor-samsung-inverter-2580f-ar40f12-990257267/,1629999.0,989399.0,1,True
FRA-ventilador-de-techo-con-luz-admiral-ad-v,Fravega,OTRAS,Aires Acondicionados,Ventilador de Techo con Luz Admiral AD-VTDY1189B,https://www.fravega.com/p/ventilador-de-techo-con-luz-admiral-ad-vtdy1189b-390449/,159999.0,132230.58,1,True
FRA-ventilador-de-pie-philco-con-control-rem,Fravega,PHILCO,Aires Acondicionados,Ventilador de Pie Philco con Control Remoto VPN18325N 18”,https://www.fravega.com/p/ventilador-de-pie-philco-con-control-remoto-vpn18325n-18-390530/,119999.0,99999.0,1,True
FRA-ventilador-turbo-admiral-adtf18p-18-3904,Fravega,OTRAS,Aires Acondicionados,Ventilador Turbo Admiral ADTF18P 18”,https://www.fravega.com/p/ventilador-turbo-admiral-adtf18p-18-390462/,59999.0,49999.0,1,True
FRA-calefactor-multigas-orbis-sin-salida-402,Fravega,OTRAS,Aires Acondicionados,Calefactor Multigas Orbis Sin Salida 4024MO 2700 kcal/h,https://www.fravega.com/p/calefactor-multigas-orbis-sin-salida-4024mo-2700-kcal-h-130415/,259999.0,249999.0,1,True
FRA-ventilador-de-techo-c-aspas-retractiles-,Fravega,OTRAS,Aires Acondicionados,Ventilador De Techo C/Aspas Retractiles y Luz Led Novohome,https://www.fravega.com/p/ventilador-de-techo-c-aspas-retractiles-y-luz-led-novohome-990292892/,287579.0,146399.0,1,True
FRA-caloventor-kanji-home-kjh-ch103-blanco-1,Fravega,OTRAS,Aires Acondicionados,Caloventor Kanji Home KJH-CH103 Blanco,https://www.fravega.com/p/caloventor-kanji-home-kjh-ch103-blanco-130556/,30999.0,25999.0,1,True
FRA-calefactor-tiro-balanceado-volcan-3800-k,Fravega,OTRAS,Aires Acondicionados,Calefactor Tiro Balanceado Volcan 3800 KCal Gas Natural,https://www.fravega.com/p/calefactor-tiro-balanceado-volcan-3800-kcal-gas-natural-990031293/,430489.0,330999.0,1,True
FRA-calefactor-electrico-longvie-ee2-130196,Fravega,OTRAS,Aires Acondicionados,Calefactor Eléctrico Longvie EE2,https://www.fravega.com/p/calefactor-electrico-longvie-ee2-130196/,209999.0,189999.0,1,True
FRA-panel-radiante-liliana-cm620-2000w-13097,Fravega,LILIANA,Aires Acondicionados,Panel Radiante Liliana CM620 2000W,https://www.fravega.com/p/panel-radiante-liliana-cm620-2000w-130972/,229999.0,179999.0,1,True
FRA-aire-acondicionado-split-frio-calor-phil,Fravega,PHILCO,Aires Acondicionados,Aire Acondicionado Split Frío/Calor Philco 4400F 5200W PHS50HA4CN,https://www.fravega.com/p/aire-acondicionado-split-frio-calor-philco-4400f-5200w-phs50ha4cn-21136/,993999.0,821487.0,1,True
FRA-aire-acondicionado-ventana-frio-solo-phi,Fravega,PHILCO,Aires Acondicionados,Aire Acondicionado Ventana Frío Solo Philco PHW25CA3AN 2150F 2500W,https://www.fravega.com/p/aire-acondicionado-ventana-frio-solo-philco-phw25ca3an-2150f-2500w-20575/,889999.0,649999.0,1,True
FRA-aire-acondicionado-frio-calor-bgh-split-,Fravega,BGH,Aires Acondicionados,Aire Acondicionado Frío/Calor BGH Split Inverter 3139F BSI37WCNX,https://www.fravega.com/p/aire-acondicionado-frio-calor-bgh-split-inverter-3139f-bsi37wcnx-990249086/,1599999.0,917999.0,1,True
FRA-aire-acondicionado-inverter-admiral-ad12,Fravega,OTRAS,Aires Acondicionados,Aire Acondicionado Inverter Admiral AD12AGINV 2900F 3400W,https://www.fravega.com/p/aire-acondicionado-inverter-admiral-ad12aginv-2900f-3400w-21006/,899999.0,743800.83,1,True
FRA-aire-acondicionado-bgh-split-on-off-2408,Fravega,BGH,Aires Acondicionados,Aire Acondicionado BGH Split On/Off 2408 fg BS26WCDW,https://www.fravega.com/p/aire-acondicionado-bgh-split-on-off-2408-fg-bs26wcdw-990257511/,1065999.0,785398.98,1,True
FRA-aire-acondicionado-philco-split-frio-cal,Fravega,PHILCO,Aires Acondicionados,Aire Acondicionado Philco Split Frío/calor 2881 Frigorías Blanco 220v - 240v Phs32ha3an,https://www.fravega.com/p/aire-acondicionado-philco-split-frio-calor-2881-frigorias-blanco-220v-240v-phs32ha3an-20085749/,899000.0,769000.0,1,True
FRA-aire-acondicionado-split-frio-calor-bgh-,Fravega,BGH,Aires Acondicionados,Aire Acondicionado Split Frío/Calor BGH 3100F BS35WCDW,https://www.fravega.com/p/aire-acondicionado-split-frio-calor-bgh-3100f-bs35wcdw-990247363/,1099999.0,846599.01,1,True
FRA-aire-acondicionado-split-frio-calor-hise,Fravega,HISENSE,Aires Acondicionados,Aire Acondicionado Split Frío/Calor Hisense 6300W 5400F 63HR4SXTKG00N,https://www.fravega.com/p/aire-acondicionado-split-frio-calor-hisense-6300w-5400f-63hr4sxtkg00n-20929/,1399999.0,1299999.0,1,True
FRA-aire-acondicionado-split-inverter-siam-5,Fravega,OTRAS,Aires Acondicionados,Aire Acondicionado Split Inverter Siam 5200W Frio Calor A++ Blanco SMIN52HA3BN,https://www.fravega.com/p/aire-acondicionado-split-inverter-siam-5200w-frio-calor-a-blanco-smin52ha3bn-990292674/,1869999.0,1199999.0,1,True
FRA-aire-acondicionado-hyundai-inverter-con-,Fravega,OTRAS,Aires Acondicionados,Aire Acondicionado Hyundai Inverter con Wi-Fi 3200W F/C,https://www.fravega.com/p/aire-acondicionado-hyundai-inverter-con-wi-fi-3200w-f-c-990195325/,999999.0,899999.0,1,True
FRA-aire-acondicionado-ventana-midea-mvf12cf,Fravega,MIDEA,Aires Acondicionados,Aire Acondicionado Ventana Midea MVF12CFN81F,https://www.fravega.com/p/aire-acondicionado-ventana-midea-mvf12cfn81f-21415/,899999.0,799999.0,1,True
FRA-aire-acondicionado-ventana-midea-mvf18cf,Fravega,MIDEA,Aires Acondicionados,Aire Acondicionado Ventana Midea MVF18CFN81F,https://www.fravega.com/p/aire-acondicionado-ventana-midea-mvf18cfn81f-21416/,1299999.0,1099999.0,1,True
FRA-aire-acondicionado-split-inverter-midea-,Fravega,MIDEA,Aires Acondicionados,Aire Acondicionado Split Inverter Midea FC 3600W 3100F MSZIC-12H-N81E,https://www.fravega.com/p/aire-acondicionado-split-inverter-midea-fc-3600w-3100f-mszic-12h-n81e-21060/,749999.0,619834.0,1,True
FRA-aire-acondicionado-carrier-inverter-spli,Fravega,OTRAS,Aires Acondicionados,Aire Acondicionado Carrier Inverter Split Frío/Calor 53HVP12N81E 3600W 3100F,https://www.fravega.com/p/aire-acondicionado-carrier-inverter-split-frio-calor-53hvp12n81e-3600w-3100f-21055/,949999.0,785123.14,1,True
FRA-aire-acondicionado-bgh-split-inverter-fr,Fravega,BGH,Aires Acondicionados,Aire Acondicionado Bgh Split Inverter Frio/calor 3100F 3650W Blanco BSI37WCNX,https://www.fravega.com/p/aire-acondicionado-bgh-split-inverter-frio-calor-3100f-3650w-blanco-bsi37wcnx-21206/,949999.0,785123.14,1,True
FRA-aire-acondicionado-bgh-split-inverter-fr,Fravega,BGH,Aires Acondicionados,Aire Acondicionado BGH Split Inverter Frío/Calor 4600F WiFi,https://www.fravega.com/p/aire-acondicionado-bgh-split-inverter-frio-calor-4600f-wifi-990303293/,2225999.0,1295399.0,1,True
FRA-aire-acondicionado-philco-inverter-3200f,Fravega,PHILCO,Aires Acondicionados,Aire Acondicionado Philco Inverter 3200F 3750W PHIN37HA2AN,https://www.fravega.com/p/aire-acondicionado-philco-inverter-3200f-3750w-phin37ha2an-21134/,799999.0,661156.0,1,True
FRA-aire-acondicionado-comfee-inverter-frio-,Fravega,OTRAS,Aires Acondicionados,Aire Acondicionado Comfee Inverter Frío/calor 3105 Fg Blanco Blanco,https://www.fravega.com/p/aire-acondicionado-comfee-inverter-frio-calor-3105-fg-blanco-blanco-990304157/,1143999.0,692998.99,1,True
FRA-aire-acondicionado-philco-inverter-4700f,Fravega,PHILCO,Aires Acondicionados,Aire Acondicionado Philco Inverter 4700F 5500W PHIN55HA2AN,https://www.fravega.com/p/aire-acondicionado-philco-inverter-4700f-5500w-phin55ha2an-21135/,1192899.0,985867.0,1,True
FRA-aire-acondicionado-split-inverter-midea-,Fravega,MIDEA,Aires Acondicionados,Aire Acondicionado Split Inverter Midea FC 5800W 5000F MSZIC-18H-N81E,https://www.fravega.com/p/aire-acondicionado-split-inverter-midea-fc-5800w-5000f-mszic-18h-n81e-21061/,1199999.0,991734.71,1,True
FRA-aire-acondicionado-lg-inverter-dualcool-,Fravega,LG,Aires Acondicionados,Aire Acondicionado LG Inverter DUALCOOL WiFi Frío Calor 3000 Frigorías S4-W12JA31A,https://www.fravega.com/p/aire-acondicionado-lg-inverter-dualcool-wifi-frio-calor-3000-frigorias-s4-w12ja31a-990247380/,1534499.0,1249998.99,1,True
FRA-aire-acondicionado-portatil-admiral-ad-p,Fravega,OTRAS,Aires Acondicionados,Aire Acondicionado Portátil Admiral AD-PX12 3000F 3500W,https://www.fravega.com/p/aire-acondicionado-portatil-admiral-ad-px12-3000f-3500w-20949/,699999.0,599999.0,1,True
FRA-aire-acondicionado-split-frio-calor-liko,Fravega,OTRAS,Aires Acondicionados,Aire Acondicionado Split Frío/Calor Likon 2700F LKS35WCEW,https://www.fravega.com/p/aire-acondicionado-split-frio-calor-likon-2700f-lks35wcew-990247260/,999999.0,675999.0,1,True
FRA-aire-acondicionado-ventana-frio-solo-phi,Fravega,PHILCO,Aires Acondicionados,Aire Acondicionado Ventana Frío Solo Philco PHW32CA3AN 2838F 3300W,https://www.fravega.com/p/aire-acondicionado-ventana-frio-solo-philco-phw32ca3an-2838f-3300w-21116/,831710.0,687363.64,1,True
FRA-ventilador-de-techo-admiral-ad-tve5283-p,Fravega,OTRAS,Aires Acondicionados,Ventilador de Techo Admiral AD-TVE5283 Plata,https://www.fravega.com/p/ventilador-de-techo-admiral-ad-tve5283-plata-390487/,149999.0,109999.0,1,True
FRA-aire-acondicionado-split-frio-calor-sams,Fravega,SAMSUNG,Aires Acondicionados,Aire Acondicionado Split Frío/Calor Samsung Inverter 2580F AR40F12,https://www.fravega.com/p/aire-acondicionado-split-frio-calor-samsung-inverter-2580f-ar40f12-990257267/,1629999.0,989399.0,1,True
FRA-ventilador-de-techo-con-luz-admiral-ad-v,Fravega,OTRAS,Aires Acondicionados,Ventilador de Techo con Luz Admiral AD-VTDY1189B,https://www.fravega.com/p/ventilador-de-techo-con-luz-admiral-ad-vtdy1189b-390449/,159999.0,132230.58,1,True
FRA-ventilador-de-pie-philco-con-control-rem,Fravega,PHILCO,Aires Acondicionados,Ventilador de Pie Philco con Control Remoto VPN18325N 18”,https://www.fravega.com/p/ventilador-de-pie-philco-con-control-remoto-vpn18325n-18-390530/,119999.0,99999.0,1,True
FRA-ventilador-turbo-admiral-adtf18p-18-3904,Fravega,OTRAS,Aires Acondicionados,Ventilador Turbo Admiral ADTF18P 18”,https://www.fravega.com/p/ventilador-turbo-admiral-adtf18p-18-390462/,59999.0,49999.0,1,True
FRA-calefactor-multigas-orbis-sin-salida-402,Fravega,OTRAS,Aires Acondicionados,Calefactor Multigas Orbis Sin Salida 4024MO 2700 kcal/h,https://www.fravega.com/p/calefactor-multigas-orbis-sin-salida-4024mo-2700-kcal-h-130415/,259999.0,249999.0,1,True
FRA-ventilador-de-techo-c-aspas-retractiles-,Fravega,OTRAS,Aires Acondicionados,Ventilador De Techo C/Aspas Retractiles y Luz Led Novohome,https://www.fravega.com/p/ventilador-de-techo-c-aspas-retractiles-y-luz-led-novohome-990292892/,287579.0,146399.0,1,True
FRA-caloventor-kanji-home-kjh-ch103-blanco-1,Fravega,OTRAS,Aires Acondicionados,Caloventor Kanji Home KJH-CH103 Blanco,https://www.fravega.com/p/caloventor-kanji-home-kjh-ch103-blanco-130556/,30999.0,25999.0,1,True
FRA-calefactor-tiro-balanceado-volcan-3800-k,Fravega,OTRAS,Aires Acondicionados,Calefactor Tiro Balanceado Volcan 3800 KCal Gas Natural,https://www.fravega.com/p/calefactor-tiro-balanceado-volcan-3800-kcal-gas-natural-990031293/,430489.0,330999.0,1,True
FRA-calefactor-electrico-longvie-ee2-130196,Fravega,OTRAS,Aires Acondicionados,Calefactor Eléctrico Longvie EE2,https://www.fravega.com/p/calefactor-electrico-longvie-ee2-130196/,209999.0,189999.0,1,True
FRA-panel-radiante-liliana-cm620-2000w-13097,Fravega,LILIANA,Aires Acondicionados,Panel Radiante Liliana CM620 2000W,https://www.fravega.com/p/panel-radiante-liliana-cm620-2000w-130972/,229999.0,179999.0,1,True
FRA-aire-acondicionado-samsung-3000w-inverte,Fravega,SAMSUNG,Aires Acondicionados,Aire Acondicionado SAMSUNG 3000W Inverter F/C,https://www.fravega.com/p/aire-acondicionado-samsung-3000w-inverter-f-c-22672826/,1399000.0,999000.0,1,True
FRA-nuevo-aire-acondicionado-r32-philco-inve,Fravega,PHILCO,Aires Acondicionados,Nuevo Aire Acondicionado R32 PHILCO Inverter 3750W,https://www.fravega.com/p/nuevo-aire-acondicionado-r32-philco-inverter-3750w-22715978/,1099000.0,899000.0,1,True
FRA-aire-acondicionado-likon-split-inverter-,Fravega,OTRAS,Aires Acondicionados,Aire Acondicionado Likon Split Inverter Frío/Calor 3000F,https://www.fravega.com/p/aire-acondicionado-likon-split-inverter-frio-calor-3000f-990290214/,1299999.0,815999.0,1,True
FRA-split-comfee-inverter-r-32-4601-kcal-h-f,Fravega,OTRAS,Aires Acondicionados,Split Comfee Inverter R-32 4601 kCal/h Frío Calor,https://www.fravega.com/p/split-comfee-inverter-r-32-4601-kcal-h-frio-calor-990175070/,1799999.0,1487602.0,1,True
FRA-aire-acondicionado-portatil-kanji-frio-c,Fravega,OTRAS,Aires Acondicionados,Aire Acondicionado Portátil Kanji Frío/Calor 2900W,https://www.fravega.com/p/aire-acondicionado-portatil-kanji-frio-calor-2900w-20961/,699999.0,529999.0,1,True
FRA-aire-acondicionado-hisense-frio-calor-fr,Fravega,HISENSE,Aires Acondicionados,Aire Acondicionado Hisense Frio Calor Fresh Master AS12UW5RXJQJ00PI,https://www.fravega.com/p/aire-acondicionado-hisense-frio-calor-fresh-master-as12uw5rxjqj00pi-990207253/,1759999.0,1469999.0,1,True
FRA-aire-acondicionado-split-frio-calor-bgh-,Fravega,BGH,Aires Acondicionados,Aire Acondicionado Split Frío/Calor BGH Silent Air Inverter 3000F BSI35WCLW,https://www.fravega.com/p/aire-acondicionado-split-frio-calor-bgh-silent-air-inverter-3000f-bsi35wclw-990241444/,1999999.0,889999.0,1,True
FRA-kit-instalacion-sansei-universal-3m-aa-3,Fravega,OTRAS,Aires Acondicionados,Kit instalación Sansei Universal 3m AA 3000/4500fg (1/4”-1/2”) SAKITAACU1214A3,https://www.fravega.com/p/kit-instalacion-sansei-universal-3m-aa-3000-4500fg-1-4-1-2-sakitaacu1214a3-990252070/,105599.0,59999.0,1,True
FRA-aire-acondicionado-portatil-bgh-3500w-fr,Fravega,BGH,Aires Acondicionados,Aire Acondicionado Portátil BGH 3500W Frío/Calor BP35WCEW,https://www.fravega.com/p/aire-acondicionado-portatil-bgh-3500w-frio-calor-bp35wcew-21177/,949999.0,785123.14,1,True
FRA-aire-acondicionado-lg-artcool-inverter-f,Fravega,LG,Aires Acondicionados,Aire Acondicionado LG Artcool Inverter Frío Calor 3000fg,https://www.fravega.com/p/aire-acondicionado-lg-artcool-inverter-frio-calor-3000fg-990009498/,1799999.0,1583999.0,1,True
FRA-aire-acondicionado-philco-split-frio-cal,Fravega,PHILCO,Aires Acondicionados,Aire Acondicionado Philco Split Frío/calor 5418 Frigorías Blanco 220v Phs60ha4cn,https://www.fravega.com/p/aire-acondicionado-philco-split-frio-calor-5418-frigorias-blanco-220v-phs60ha4cn-20059707/,1699000.0,1399000.0,1,True
FRA-split-comfee-inverter-r-32-5590-kcal-h-f,Fravega,OTRAS,Aires Acondicionados,Split Comfee Inverter R-32 5590 kCal/h Frío Calor,https://www.fravega.com/p/split-comfee-inverter-r-32-5590-kcal-h-frio-calor-990175578/,2131999.0,2131998.99,1,True
FRA-aire-acondicionado-philco-split-2924f-34,Fravega,PHILCO,Aires Acondicionados,Aire Acondicionado Philco Split 2924F 3400W Frío/Calor,https://www.fravega.com/p/aire-acondicionado-philco-split-2924f-3400w-frio-calor-990210134/,1024633.0,870939.0,1,True
FRA-aire-acondicionado-surrey-portatil-551px,Fravega,SURREY,Aires Acondicionados,Aire Acondicionado Surrey Portátil 551PXQ12N81F,https://www.fravega.com/p/aire-acondicionado-surrey-portatil-551pxq12n81f-21080/,888999.0,699999.0,1,True
FRA-aire-acondicionado-split-inverter-midea-,Fravega,MIDEA,Aires Acondicionados,Aire Acondicionado Split Inverter Midea FC 3600W 3100F MSZIC-12H-N81E,https://www.fravega.com/p/aire-acondicionado-split-inverter-midea-fc-3600w-3100f-mszic-12h-n81e-21060/,749999.0,619834.0,1,True
FRA-aire-acondicionado-carrier-inverter-spli,Fravega,OTRAS,Aires Acondicionados,Aire Acondicionado Carrier Inverter Split Frío/Calor 53HVP12N81E 3600W 3100F,https://www.fravega.com/p/aire-acondicionado-carrier-inverter-split-frio-calor-53hvp12n81e-3600w-3100f-21055/,949999.0,785123.14,1,True
FRA-aire-acondicionado-bgh-split-inverter-fr,Fravega,BGH,Aires Acondicionados,Aire Acondicionado Bgh Split Inverter Frio/calor 3100F 3650W Blanco BSI37WCNX,https://www.fravega.com/p/aire-acondicionado-bgh-split-inverter-frio-calor-3100f-3650w-blanco-bsi37wcnx-21206/,949999.0,785123.14,1,True
FRA-aire-acondicionado-bgh-split-inverter-fr,Fravega,BGH,Aires Acondicionados,Aire Acondicionado BGH Split Inverter Frío/Calor 4600F WiFi,https://www.fravega.com/p/aire-acondicionado-bgh-split-inverter-frio-calor-4600f-wifi-990303293/,2225999.0,1295399.0,1,True
FRA-aire-acondicionado-philco-inverter-3200f,Fravega,PHILCO,Aires Acondicionados,Aire Acondicionado Philco Inverter 3200F 3750W PHIN37HA2AN,https://www.fravega.com/p/aire-acondicionado-philco-inverter-3200f-3750w-phin37ha2an-21134/,799999.0,661156.0,1,True
FRA-aire-acondicionado-comfee-inverter-frio-,Fravega,OTRAS,Aires Acondicionados,Aire Acondicionado Comfee Inverter Frío/calor 3105 Fg Blanco Blanco,https://www.fravega.com/p/aire-acondicionado-comfee-inverter-frio-calor-3105-fg-blanco-blanco-990304157/,1143999.0,692998.99,1,True
FRA-aire-acondicionado-philco-inverter-4700f,Fravega,PHILCO,Aires Acondicionados,Aire Acondicionado Philco Inverter 4700F 5500W PHIN55HA2AN,https://www.fravega.com/p/aire-acondicionado-philco-inverter-4700f-5500w-phin55ha2an-21135/,1192899.0,985867.0,1,True
FRA-aire-acondicionado-split-inverter-midea-,Fravega,MIDEA,Aires Acondicionados,Aire Acondicionado Split Inverter Midea FC 5800W 5000F MSZIC-18H-N81E,https://www.fravega.com/p/aire-acondicionado-split-inverter-midea-fc-5800w-5000f-mszic-18h-n81e-21061/,1199999.0,991734.71,1,True
FRA-aire-acondicionado-lg-inverter-dualcool-,Fravega,LG,Aires Acondicionados,Aire Acondicionado LG Inverter DUALCOOL WiFi Frío Calor 3000 Frigorías S4-W12JA31A,https://www.fravega.com/p/aire-acondicionado-lg-inverter-dualcool-wifi-frio-calor-3000-frigorias-s4-w12ja31a-990247380/,1534499.0,1249998.99,1,True
FRA-aire-acondicionado-portatil-admiral-ad-p,Fravega,OTRAS,Aires Acondicionados,Aire Acondicionado Portátil Admiral AD-PX12 3000F 3500W,https://www.fravega.com/p/aire-acondicionado-portatil-admiral-ad-px12-3000f-3500w-20949/,699999.0,599999.0,1,True
FRA-aire-acondicionado-split-frio-calor-liko,Fravega,OTRAS,Aires Acondicionados,Aire Acondicionado Split Frío/Calor Likon 2700F LKS35WCEW,https://www.fravega.com/p/aire-acondicionado-split-frio-calor-likon-2700f-lks35wcew-990247260/,999999.0,675999.0,1,True
FRA-aire-acondicionado-ventana-frio-solo-phi,Fravega,PHILCO,Aires Acondicionados,Aire Acondicionado Ventana Frío Solo Philco PHW32CA3AN 2838F 3300W,https://www.fravega.com/p/aire-acondicionado-ventana-frio-solo-philco-phw32ca3an-2838f-3300w-21116/,831710.0,687363.64,1,True
FRA-ventilador-de-techo-admiral-ad-tve5283-p,Fravega,OTRAS,Aires Acondicionados,Ventilador de Techo Admiral AD-TVE5283 Plata,https://www.fravega.com/p/ventilador-de-techo-admiral-ad-tve5283-plata-390487/,149999.0,109999.0,1,True
FRA-aire-acondicionado-split-frio-calor-sams,Fravega,SAMSUNG,Aires Acondicionados,Aire Acondicionado Split Frío/Calor Samsung Inverter 2580F AR40F12,https://www.fravega.com/p/aire-acondicionado-split-frio-calor-samsung-inverter-2580f-ar40f12-990257267/,1629999.0,989399.0,1,True
FRA-ventilador-de-techo-con-luz-admiral-ad-v,Fravega,OTRAS,Aires Acondicionados,Ventilador de Techo con Luz Admiral AD-VTDY1189B,https://www.fravega.com/p/ventilador-de-techo-con-luz-admiral-ad-vtdy1189b-390449/,159999.0,132230.58,1,True
FRA-ventilador-de-pie-philco-con-control-rem,Fravega,PHILCO,Aires Acondicionados,Ventilador de Pie Philco con Control Remoto VPN18325N 18”,https://www.fravega.com/p/ventilador-de-pie-philco-con-control-remoto-vpn18325n-18-390530/,119999.0,99999.0,1,True
FRA-ventilador-turbo-admiral-adtf18p-18-3904,Fravega,OTRAS,Aires Acondicionados,Ventilador Turbo Admiral ADTF18P 18”,https://www.fravega.com/p/ventilador-turbo-admiral-adtf18p-18-390462/,59999.0,49999.0,1,True
FRA-calefactor-multigas-orbis-sin-salida-402,Fravega,OTRAS,Aires Acondicionados,Calefactor Multigas Orbis Sin Salida 4024MO 2700 kcal/h,https://www.fravega.com/p/calefactor-multigas-orbis-sin-salida-4024mo-2700-kcal-h-130415/,259999.0,249999.0,1,True
FRA-ventilador-de-techo-c-aspas-retractiles-,Fravega,OTRAS,Aires Acondicionados,Ventilador De Techo C/Aspas Retractiles y Luz Led Novohome,https://www.fravega.com/p/ventilador-de-techo-c-aspas-retractiles-y-luz-led-novohome-990292892/,287579.0,146399.0,1,True
FRA-caloventor-kanji-home-kjh-ch103-blanco-1,Fravega,OTRAS,Aires Acondicionados,Caloventor Kanji Home KJH-CH103 Blanco,https://www.fravega.com/p/caloventor-kanji-home-kjh-ch103-blanco-130556/,30999.0,25999.0,1,True
FRA-calefactor-tiro-balanceado-volcan-3800-k,Fravega,OTRAS,Aires Acondicionados,Calefactor Tiro Balanceado Volcan 3800 KCal Gas Natural,https://www.fravega.com/p/calefactor-tiro-balanceado-volcan-3800-kcal-gas-natural-990031293/,430489.0,330999.0,1,True
FRA-calefactor-electrico-longvie-ee2-130196,Fravega,OTRAS,Aires Acondicionados,Calefactor Eléctrico Longvie EE2,https://www.fravega.com/p/calefactor-electrico-longvie-ee2-130196/,209999.0,189999.0,1,True
FRA-panel-radiante-liliana-cm620-2000w-13097,Fravega,LILIANA,Aires Acondicionados,Panel Radiante Liliana CM620 2000W,https://www.fravega.com/p/panel-radiante-liliana-cm620-2000w-130972/,229999.0,179999.0,1,True
FRA-aire-acondicionado-tcl-split-frio-calor-,Fravega,TCL,Aires Acondicionados,Aire Acondicionado TCL Split Frío/Calor 5400W Elite On/Off,https://www.fravega.com/p/aire-acondicionado-tcl-split-frio-calor-5400w-elite-on-off-20967/,1299999.0,1074379.34,1,True
FRA-aire-acondicionado-split-frio-calor-bgh-,Fravega,BGH,Aires Acondicionados,Aire Acondicionado Split Frío/Calor BGH 4644F BS54WCDW,https://www.fravega.com/p/aire-acondicionado-split-frio-calor-bgh-4644f-bs54wcdw-990257512/,2139999.0,1203599.0,1,True
FRA-aire-acondicionado-portatil-sansei-frio-,Fravega,OTRAS,Aires Acondicionados,Aire Acondicionado Portátil Sansei Frío/calor 2279 Frigorías 2650w SAP26HC9AN,https://www.fravega.com/p/aire-acondicionado-portatil-sansei-frio-calor-2279-frigorias-2650w-sap26hc9an-990263810/,659999.0,549999.0,1,True
FRA-aire-acondicionado-enova-ventana-inverte,Fravega,OTRAS,Aires Acondicionados,Aire Acondicionado enova ventana inverter solo frío 3510W 3024 fg Frío AEV12IF10,https://www.fravega.com/p/aire-acondicionado-enova-ventana-inverter-solo-frio-3510w-3024-fg-frio-aev12if10-22639474/,1149998.75,959999.0,1,True
FRA-aire-acondicionado-samsung-5200w-inverte,Fravega,SAMSUNG,Aires Acondicionados,Aire Acondicionado SAMSUNG 5200W Inverter F/C,https://www.fravega.com/p/aire-acondicionado-samsung-5200w-inverter-f-c-22672808/,1899000.0,1599000.0,1,True
FRA-aire-acondicionado-bgh-3500w-f-c-inverte,Fravega,BGH,Aires Acondicionados,Aire Acondicionado Bgh 3500w F/c Inverter,https://www.fravega.com/p/aire-acondicionado-bgh-3500w-f-c-inverter-22941827/,1024127.0,846386.0,1,True
FRA-aire-acondicionado-ventana-frio-bgh-bc26,Fravega,BGH,Aires Acondicionados,Aire Acondicionado Ventana Frio BGH BC26WFQ 2300F 2600W,https://www.fravega.com/p/aire-acondicionado-ventana-frio-bgh-bc26wfq-2300f-2600w-20284/,884999.0,849999.0,1,True
FRA-aire-acondicionado-ventana-frio-solo-phi,Fravega,PHILCO,Aires Acondicionados,Aire Acondicionado Ventana Frío Solo Philco PHW50CA3AN 4386F 5100W,https://www.fravega.com/p/aire-acondicionado-ventana-frio-solo-philco-phw50ca3an-4386f-5100w-20505/,1399999.0,1099999.0,1,True
FRA-aire-acondicionado-split-frio-calor-kelv,Fravega,OTRAS,Aires Acondicionados,Aire Acondicionado Split Frío/Calor Kelvinator K3200FCP 2700F 3200W,https://www.fravega.com/p/aire-acondicionado-split-frio-calor-kelvinator-k3200fcp-2700f-3200w-20794/,799999.0,749999.0,1,True
FRA-aire-acondicionado-lg-inverter-artcool-f,Fravega,LG,Aires Acondicionados,Aire Acondicionado LG Inverter Artcool Frío Calor 6000fg,https://www.fravega.com/p/aire-acondicionado-lg-inverter-artcool-frio-calor-6000fg-990006064/,3999999.0,2759999.0,1,True
FRA-aire-acondicionado-lg-dualcool-inverter-,Fravega,LG,Aires Acondicionados,Aire Acondicionado LG Dualcool Inverter Frío Calor 6000fg,https://www.fravega.com/p/aire-acondicionado-lg-dualcool-inverter-frio-calor-6000fg-990006458/,2840999.0,2159999.0,1,True
FRA-aire-acondicionado-philco-de-ventana-fri,Fravega,PHILCO,Aires Acondicionados,Aire Acondicionado Philco De Ventana Frío 4380 Frigorías Blanco 220v Phw50ca3an,https://www.fravega.com/p/aire-acondicionado-philco-de-ventana-frio-4380-frigorias-blanco-220v-phw50ca3an-20031194/,1599999.0,1299999.0,1,True
FRA-aire-acondicionado-philco-piso-techo-180,Fravega,PHILCO,Aires Acondicionados,Aire Acondicionado Philco Piso Techo 18000w Trifasico,https://www.fravega.com/p/aire-acondicionado-philco-piso-techo-18000w-trifasico-20051361/,3999000.0,3399000.0,1,True
FRA-aire-acondicionado-philco-split-frio-cal,Fravega,PHILCO,Aires Acondicionados,Aire Acondicionado Philco Split Frio/calor 4472 Frigorías Blanco 220v Phs50ha4cn,https://www.fravega.com/p/aire-acondicionado-philco-split-frio-calor-4472-frigorias-blanco-220v-phs50ha4cn-20051996/,1399000.0,1199000.0,1,True
FRA-aire-acondicionado-split-inverter-midea-,Fravega,MIDEA,Aires Acondicionados,Aire Acondicionado Split Inverter Midea FC 3600W 3100F MSZIC-12H-N81E,https://www.fravega.com/p/aire-acondicionado-split-inverter-midea-fc-3600w-3100f-mszic-12h-n81e-21060/,749999.0,619834.0,1,True
FRA-aire-acondicionado-carrier-inverter-spli,Fravega,OTRAS,Aires Acondicionados,Aire Acondicionado Carrier Inverter Split Frío/Calor 53HVP12N81E 3600W 3100F,https://www.fravega.com/p/aire-acondicionado-carrier-inverter-split-frio-calor-53hvp12n81e-3600w-3100f-21055/,949999.0,785123.14,1,True
FRA-aire-acondicionado-bgh-split-inverter-fr,Fravega,BGH,Aires Acondicionados,Aire Acondicionado Bgh Split Inverter Frio/calor 3100F 3650W Blanco BSI37WCNX,https://www.fravega.com/p/aire-acondicionado-bgh-split-inverter-frio-calor-3100f-3650w-blanco-bsi37wcnx-21206/,949999.0,785123.14,1,True
FRA-aire-acondicionado-bgh-split-inverter-fr,Fravega,BGH,Aires Acondicionados,Aire Acondicionado BGH Split Inverter Frío/Calor 4600F WiFi,https://www.fravega.com/p/aire-acondicionado-bgh-split-inverter-frio-calor-4600f-wifi-990303293/,2225999.0,1295399.0,1,True
FRA-aire-acondicionado-philco-inverter-3200f,Fravega,PHILCO,Aires Acondicionados,Aire Acondicionado Philco Inverter 3200F 3750W PHIN37HA2AN,https://www.fravega.com/p/aire-acondicionado-philco-inverter-3200f-3750w-phin37ha2an-21134/,799999.0,661156.0,1,True
FRA-aire-acondicionado-comfee-inverter-frio-,Fravega,OTRAS,Aires Acondicionados,Aire Acondicionado Comfee Inverter Frío/calor 3105 Fg Blanco Blanco,https://www.fravega.com/p/aire-acondicionado-comfee-inverter-frio-calor-3105-fg-blanco-blanco-990304157/,1143999.0,692998.99,1,True
FRA-aire-acondicionado-philco-inverter-4700f,Fravega,PHILCO,Aires Acondicionados,Aire Acondicionado Philco Inverter 4700F 5500W PHIN55HA2AN,https://www.fravega.com/p/aire-acondicionado-philco-inverter-4700f-5500w-phin55ha2an-21135/,1192899.0,985867.0,1,True
FRA-aire-acondicionado-split-inverter-midea-,Fravega,MIDEA,Aires Acondicionados,Aire Acondicionado Split Inverter Midea FC 5800W 5000F MSZIC-18H-N81E,https://www.fravega.com/p/aire-acondicionado-split-inverter-midea-fc-5800w-5000f-mszic-18h-n81e-21061/,1199999.0,991734.71,1,True
FRA-aire-acondicionado-lg-inverter-dualcool-,Fravega,LG,Aires Acondicionados,Aire Acondicionado LG Inverter DUALCOOL WiFi Frío Calor 3000 Frigorías S4-W12JA31A,https://www.fravega.com/p/aire-acondicionado-lg-inverter-dualcool-wifi-frio-calor-3000-frigorias-s4-w12ja31a-990247380/,1534499.0,1249998.99,1,True
FRA-aire-acondicionado-portatil-admiral-ad-p,Fravega,OTRAS,Aires Acondicionados,Aire Acondicionado Portátil Admiral AD-PX12 3000F 3500W,https://www.fravega.com/p/aire-acondicionado-portatil-admiral-ad-px12-3000f-3500w-20949/,699999.0,599999.0,1,True
FRA-aire-acondicionado-split-frio-calor-liko,Fravega,OTRAS,Aires Acondicionados,Aire Acondicionado Split Frío/Calor Likon 2700F LKS35WCEW,https://www.fravega.com/p/aire-acondicionado-split-frio-calor-likon-2700f-lks35wcew-990247260/,999999.0,675999.0,1,True
FRA-aire-acondicionado-ventana-frio-solo-phi,Fravega,PHILCO,Aires Acondicionados,Aire Acondicionado Ventana Frío Solo Philco PHW32CA3AN 2838F 3300W,https://www.fravega.com/p/aire-acondicionado-ventana-frio-solo-philco-phw32ca3an-2838f-3300w-21116/,831710.0,687363.64,1,True
FRA-ventilador-de-techo-admiral-ad-tve5283-p,Fravega,OTRAS,Aires Acondicionados,Ventilador de Techo Admiral AD-TVE5283 Plata,https://www.fravega.com/p/ventilador-de-techo-admiral-ad-tve5283-plata-390487/,149999.0,109999.0,1,True
FRA-aire-acondicionado-split-frio-calor-sams,Fravega,SAMSUNG,Aires Acondicionados,Aire Acondicionado Split Frío/Calor Samsung Inverter 2580F AR40F12,https://www.fravega.com/p/aire-acondicionado-split-frio-calor-samsung-inverter-2580f-ar40f12-990257267/,1629999.0,989399.0,1,True
FRA-ventilador-de-techo-con-luz-admiral-ad-v,Fravega,OTRAS,Aires Acondicionados,Ventilador de Techo con Luz Admiral AD-VTDY1189B,https://www.fravega.com/p/ventilador-de-techo-con-luz-admiral-ad-vtdy1189b-390449/,159999.0,132230.58,1,True
FRA-ventilador-de-pie-philco-con-control-rem,Fravega,PHILCO,Aires Acondicionados,Ventilador de Pie Philco con Control Remoto VPN18325N 18”,https://www.fravega.com/p/ventilador-de-pie-philco-con-control-remoto-vpn18325n-18-390530/,119999.0,99999.0,1,True
FRA-ventilador-turbo-admiral-adtf18p-18-3904,Fravega,OTRAS,Aires Acondicionados,Ventilador Turbo Admiral ADTF18P 18”,https://www.fravega.com/p/ventilador-turbo-admiral-adtf18p-18-390462/,59999.0,49999.0,1,True
FRA-calefactor-multigas-orbis-sin-salida-402,Fravega,OTRAS,Aires Acondicionados,Calefactor Multigas Orbis Sin Salida 4024MO 2700 kcal/h,https://www.fravega.com/p/calefactor-multigas-orbis-sin-salida-4024mo-2700-kcal-h-130415/,259999.0,249999.0,1,True
FRA-ventilador-de-techo-c-aspas-retractiles-,Fravega,OTRAS,Aires Acondicionados,Ventilador De Techo C/Aspas Retractiles y Luz Led Novohome,https://www.fravega.com/p/ventilador-de-techo-c-aspas-retractiles-y-luz-led-novohome-990292892/,287579.0,146399.0,1,True
FRA-caloventor-kanji-home-kjh-ch103-blanco-1,Fravega,OTRAS,Aires Acondicionados,Caloventor Kanji Home KJH-CH103 Blanco,https://www.fravega.com/p/caloventor-kanji-home-kjh-ch103-blanco-130556/,30999.0,25999.0,1,True
FRA-calefactor-tiro-balanceado-volcan-3800-k,Fravega,OTRAS,Aires Acondicionados,Calefactor Tiro Balanceado Volcan 3800 KCal Gas Natural,https://www.fravega.com/p/calefactor-tiro-balanceado-volcan-3800-kcal-gas-natural-990031293/,430489.0,330999.0,1,True
FRA-calefactor-electrico-longvie-ee2-130196,Fravega,OTRAS,Aires Acondicionados,Calefactor Eléctrico Longvie EE2,https://www.fravega.com/p/calefactor-electrico-longvie-ee2-130196/,209999.0,189999.0,1,True
FRA-panel-radiante-liliana-cm620-2000w-13097,Fravega,LILIANA,Aires Acondicionados,Panel Radiante Liliana CM620 2000W,https://www.fravega.com/p/panel-radiante-liliana-cm620-2000w-130972/,229999.0,179999.0,1,True
FRA-aire-acondicionado-split-surrey-frio-cal,Fravega,SURREY,Aires Acondicionados,Aire Acondicionado Split Surrey Frío Calor 2950F 3430W 553GFQ1201F,https://www.fravega.com/p/aire-acondicionado-split-surrey-frio-calor-2950f-3430w-553gfq1201f-20773/,999999.0,899999.0,1,True
FRA-aire-acondicionado-split-frio-calor-inve,Fravega,PHILCO,Aires Acondicionados,Aire Acondicionado Split Frio/Calor Inverter Philco PHIN35HA3BN 3000F 3550W,https://www.fravega.com/p/aire-acondicionado-split-frio-calor-inverter-philco-phin35ha3bn-3000f-3550w-20745/,999999.0,869999.0,1,True
FRA-aire-acondicionado-lg-split-inverter-art,Fravega,LG,Aires Acondicionados,Aire acondicionado LG Split inverter art cool 4500 Fg S4-W18KLRPA,https://www.fravega.com/p/aire-acondicionado-lg-split-inverter-art-cool-4500-fg-s4-w18klrpa-990052874/,3225499.0,2257849.0,1,True
FRA-aire-split-inverter-frio-calor-lg-dual-c,Fravega,LG,Aires Acondicionados,Aire Split Inverter Frio Calor LG Dual Cool S4w18kl3 4500fg,https://www.fravega.com/p/aire-split-inverter-frio-calor-lg-dual-cool-s4w18kl3-4500fg-21182919/,1861999.0,1758999.0,1,True
FRA-aire-split-lg-frio-calor-artcool-w24k2rp,Fravega,LG,Aires Acondicionados,Aire Split LG Frio/calor Artcool W24k2rpe 6448W,https://www.fravega.com/p/aire-split-lg-frio-calor-artcool-w24k2rpe-6448w-21196400/,4199999.0,3929999.0,1,True
FRA-aire-acondicionado-lg-dual-cool-inverter,Fravega,LG,Aires Acondicionados,Aire acondicionado LG Dual cool Inverter Wifi 4500 Fg S4-W18KL31A,https://www.fravega.com/p/aire-acondicionado-lg-dual-cool-inverter-wifi-4500-fg-s4-w18kl31a-990144931/,2268370.0,1587859.01,1,True
FRA-aire-split-inverter-f-c-lg-artcool-s4w18,Fravega,LG,Aires Acondicionados,Aire Split Inverter F/c LG Artcool S4w18klrpa 5000w,https://www.fravega.com/p/aire-split-inverter-f-c-lg-artcool-s4w18klrpa-5000w-21265248/,2561999.0,2408999.0,1,True
FRA-aire-acondicionado-midea-msagfc-12h-01f-,Fravega,MIDEA,Aires Acondicionados,Aire Acondicionado Midea MSAGFC-12H-01F Split 2950 kcal/h Frio/Calor,https://www.fravega.com/p/aire-acondicionado-midea-msagfc-12h-01f-split-2950-kcal-h-frio-calor-21304543/,899999.0,839999.0,1,True
FRA-aire-acondicionado-piso-techo-siam-on-of,Fravega,OTRAS,Aires Acondicionados,Aire Acondicionado Piso Techo SIAM On Off 6 Tn 18000 frig F/C,https://www.fravega.com/p/aire-acondicionado-piso-techo-siam-on-off-6-tn-18000-frig-f-c-21499537/,3999000.0,3399000.0,1,True
FRA-control-remoto-universal-de-aire-acondic,Fravega,OTRAS,Aires Acondicionados,Control Remoto Universal De Aire Acondicionad Frio Calor Dehuka,https://www.fravega.com/p/control-remoto-universal-de-aire-acondicionad-frio-calor-dehuka-22481096/,12055.0,10850.0,1,True
FRA--aire-acondicionado-hitachi-hspe6400fcin,Fravega,OTRAS,Aires Acondicionados,Aire acondicionado Hitachi hspe6400fcinv inverter 220v,https://www.fravega.com/p/-aire-acondicionado-hitachi-hspe6400fcinv-inverter-220v-22506380/,1999999.0,1565998.0,1,True
FRA-aire-acondicionado-ventana-midea-mvf09cf,Fravega,MIDEA,Aires Acondicionados,Aire Acondicionado Ventana Midea MVF09CFN81F,https://www.fravega.com/p/aire-acondicionado-ventana-midea-mvf09cfn81f-21414/,799999.0,699999.0,1,True
FRA-aire-acondicionado-portatil-surrey-551px,Fravega,SURREY,Aires Acondicionados,Aire Acondicionado Portatil Surrey 551PXQ12N81F 3010 Frigorias Frio/Calor,https://www.fravega.com/p/aire-acondicionado-portatil-surrey-551pxq12n81f-3010-frigorias-frio-calor-22599093/,1199999.0,899998.0,1,True
FRA-aire-acondicionado-split-frio-calor-sams,Fravega,SAMSUNG,Aires Acondicionados,Aire Acondicionado Split Frío/Calor Samsung Inverter 5200F AR40F24,https://www.fravega.com/p/aire-acondicionado-split-frio-calor-samsung-inverter-5200f-ar40f24-990257266/,2699999.0,1560599.0,1,True
FRA-aire-acondicionado-hyundai-wifi-inverter,Fravega,OTRAS,Aires Acondicionados,Aire Acondicionado HYUNDAI WIFI INVERTER 5000 W F/C Efic A++,https://www.fravega.com/p/aire-acondicionado-hyundai-wifi-inverter-5000-w-f-c-efic-a--22638868/,1599000.0,1349999.0,1,True
FRA-depiladora-ipl-philips-lumea-prestige-br,Fravega,PHILIPS,Pequeños Electrodomésticos,Depiladora IPL Philips Lumea Prestige BRI947/30,https://www.fravega.com/p/depiladora-ipl-philips-lumea-prestige-bri947-30-13275/,999999.0,699999.0,1,True
FRA-depiladora-facial-philips-serie-5000-brr,Fravega,PHILIPS,Pequeños Electrodomésticos,Depiladora Facial Philips Serie 5000 Brr454/00 Rosa,https://www.fravega.com/p/depiladora-facial-philips-serie-5000-brr454-00-rosa-14421/,65999.0,44999.0,1,True
FRA-mixer-kanji-3-1-800w-lic-bl0800la02-kjn-,Fravega,OTRAS,Pequeños Electrodomésticos,Mixer Kanji 3 en 1 800W LIC-BL0800LA02-KJN,https://www.fravega.com/p/mixer-kanji-3-1-800w-lic-bl0800la02-kjn-180574/,59999.0,43999.0,1,True
FRA-pava-electrica-ultracomb-pe-4930-con-pan,Fravega,OTRAS,Pequeños Electrodomésticos,Pava Eléctrica Ultracomb PE-4930 Con Pantalla Táctil Y Selector De Temperatura Negro,https://www.fravega.com/p/pava-electrica-ultracomb-pe-4930-con-pantalla-tactil-y-selector-de-temperatura-negro-14350/,89999.0,63999.0,1,True
FRA-pava-electrica-winco-w1704-acero-14324,Fravega,ACER,Pequeños Electrodomésticos,Pava Eléctrica Winco W1704 Acero,https://www.fravega.com/p/pava-electrica-winco-w1704-acero-14324/,29999.0,17999.0,1,True
FRA-pava-electrica-kanji-home-con-corte-mate,Fravega,OTRAS,Pequeños Electrodomésticos,Pava Eléctrica Kanji Home con Corte Mate KJH-PE15002M,https://www.fravega.com/p/pava-electrica-kanji-home-con-corte-mate-kjh-pe15002m--13629/,29999.0,20999.0,1,True
FRA-cafetera-nespresso-inissia-black-13916,Fravega,OTRAS,Pequeños Electrodomésticos,Cafetera Nespresso Inissia Black,https://www.fravega.com/p/cafetera-nespresso-inissia-black-13916/,363900.0,181950.0,1,True
FRA-freidora-de-aire-atma-con-visor-fr246abp,Fravega,ATMA,Pequeños Electrodomésticos,Freidora de Aire ATMA con Visor FR246ABP 6Lts Negro,https://www.fravega.com/p/freidora-de-aire-atma-con-visor-fr246abp-6lts-negro-13898/,189999.0,109999.0,1,True
FRA-yogurtera-yelmo-yg-1700-12707,Fravega,OTRAS,Pequeños Electrodomésticos,Yogurtera Yelmo YG-1700,https://www.fravega.com/p/yogurtera-yelmo-yg-1700-12707/,54599.0,36999.0,1,True
FRA-yogurtera-yelmo-yg-1700-7-jarros-vidrio-,Fravega,OTRAS,Pequeños Electrodomésticos,"Yogurtera Yelmo Yg-1700 7 Jarros Vidrio 1,1L Recetario 15W",https://www.fravega.com/p/yogurtera-yelmo-yg-1700-7-jarros-vidrio-1-1l-recetario-15w-20057421/,62049.83,37999.9,1,True
FRA-cafetera-de-filtro-atma-ca2180p-14442,Fravega,ATMA,Pequeños Electrodomésticos,Cafetera de FIltro ATMA CA2180P,https://www.fravega.com/p/cafetera-de-filtro-atma-ca2180p-14442/,49999.0,23999.0,1,True
FRA-cortabarba-philips-oneblade-qp2824-10-fa,Fravega,PHILIPS,Pequeños Electrodomésticos,Cortabarba Philips Oneblade QP2824/10 Face & Body,https://www.fravega.com/p/cortabarba-philips-oneblade-qp2824-10-face--body-30356/,89999.0,63999.0,1,True
FRA-secador-de-pelo-gama-mistral-ceramic-ion,Fravega,GAMA,Pequeños Electrodomésticos,Secador de Pelo GAMA Mistral Ceramic Ion,https://www.fravega.com/p/secador-de-pelo-gama-mistral-ceramic-ion-13349/,74999.0,56499.0,1,True
FRA-pava-electrica-yelmo-1-7lts-pe-3902k--12,Fravega,OTRAS,Pequeños Electrodomésticos,Pava Eléctrica Yelmo 1.7Lts PE-3902K,https://www.fravega.com/p/pava-electrica-yelmo-1-7lts-pe-3902k--12346/,49999.0,31499.0,1,True
FRA-secador-de-pelo-profesional-remington-si,Fravega,REMINGTON,Pequeños Electrodomésticos,Secador de Pelo Profesional Remington Silk AC9096 2400W,https://www.fravega.com/p/secador-de-pelo-profesional-remington-silk-ac9096-2400w-11933/,104999.0,84799.0,1,True
FRA-freidora-de-aire-peabody-pe-afw520n-5-2l,Fravega,OTRAS,Pequeños Electrodomésticos,"Freidora de Aire Peabody PE-AFW520N 5,2Lts",https://www.fravega.com/p/freidora-de-aire-peabody-pe-afw520n-5-2lts-14090/,109999.0,89999.0,1,True
FRA-aspiradora-philco-stick-vertical-2-1-hvc,Fravega,PHILCO,Pequeños Electrodomésticos,Aspiradora Philco Stick Vertical 2 en 1 HVCPH177PI,https://www.fravega.com/p/aspiradora-philco-stick-vertical-2-1-hvcph177pi--60288/,129999.0,52499.0,1,True
FRA-freidora-de-aire-atma-y-hornito-electric,Fravega,ATMA,Pequeños Electrodomésticos,Freidora de Aire Atma y Hornito Eléctrico HGFA2323PI 23Lts Silver,https://www.fravega.com/p/freidora-de-aire-atma-y-hornito-electrico-hgfa2323pi-23lts-silver-240247/,299999.0,199999.0,1,True
FRA-tostadora-kanji-negra-800w-kjh-tm800-05-,Fravega,OTRAS,Pequeños Electrodomésticos,Tostadora Kanji Negra 800W KJH-TM800-05,https://www.fravega.com/p/tostadora-kanji-negra-800w-kjh-tm800-05-14175/,39999.0,24999.0,1,True
FRA-plancha-a-vapor-ultracomb-pl-4170-250316,Fravega,OTRAS,Pequeños Electrodomésticos,Plancha A Vapor Ultracomb PL-4170,https://www.fravega.com/p/plancha-a-vapor-ultracomb-pl-4170-250316/,42999.0,26999.0,1,True
FRA-cortabarba-philips-oneblade-qp2724-10-30,Fravega,PHILIPS,Pequeños Electrodomésticos,Cortabarba Philips Oneblade QP2724/10,https://www.fravega.com/p/cortabarba-philips-oneblade-qp2724-10-30337/,69899.0,47999.0,1,True
FRA-planchita-de-pelo-admiral-ad-pl001-ceram,Fravega,OTRAS,Pequeños Electrodomésticos,Planchita de Pelo Admiral AD-PL001 Ceramic 230,https://www.fravega.com/p/planchita-de-pelo-admiral-ad-pl001-ceramic-230-14214/,39999.0,19999.0,1,True
FRA-cafetera-moulinex-genio-s-plus-negra-134,Fravega,OTRAS,Pequeños Electrodomésticos,Cafetera Moulinex Genio S Plus Negra,https://www.fravega.com/p/cafetera-moulinex-genio-s-plus-negra-13414/,312690.0,187499.0,1,True
FRA-freidora-de-aire-atma-con-visor-fr246awp,Fravega,ATMA,Pequeños Electrodomésticos,Freidora de Aire ATMA con Visor FR246AWP 6Lts Blanco,https://www.fravega.com/p/freidora-de-aire-atma-con-visor-fr246awp-6lts-blanco-14102/,189999.0,109999.0,1,True
FRA-repuesto-cuchillas-x2-para-cortabarba-ph,Fravega,PHILIPS,Pequeños Electrodomésticos,Repuesto Cuchillas x2 para Cortabarba Philips OneBlade,https://www.fravega.com/p/repuesto-cuchillas-x2-para-cortabarba-philips-oneblade-30460/,31499.0,29999.0,1,True
FRA-afeitadora-electrica-inalambrica-philco-,Fravega,PHILCO,Pequeños Electrodomésticos,Afeitadora Eléctrica Inalámbrica Philco AE5105,https://www.fravega.com/p/afeitadora-electrica-inalambrica-philco-ae5105-30464/,54999.0,38999.0,1,True
FRA-steamer-vaporizador-de-prendas-suono-hog,Fravega,OTRAS,Pequeños Electrodomésticos,Steamer Vaporizador de Prendas Suono HOG0322VER,https://www.fravega.com/p/steamer-vaporizador-de-prendas-suono-hog0322ver-250275/,54999.0,29999.0,1,True
FRA-freidora-de-aire-philips-na12000-4-2-lit,Fravega,PHILIPS,Pequeños Electrodomésticos,"Freidora de Aire Philips NA12000 4,2 Litros",https://www.fravega.com/p/freidora-de-aire-philips-na12000-4-2-litros-14092/,159999.0,89999.0,1,True
FRA-mixer-3-1-electrolux-efficient-600w-eib2,Fravega,OTRAS,Pequeños Electrodomésticos,Mixer 3 en 1 Electrolux Efficient 600W EIB20,https://www.fravega.com/p/mixer-3-1-electrolux-efficient-600w-eib20-180384/,110999.0,79999.0,1,True
FRA-planchita-de-pelo-gama-elegance-bella-to,Fravega,GAMA,Pequeños Electrodomésticos,Planchita de Pelo GAMA Elegance Bella Tourmaline ION 230°C,https://www.fravega.com/p/planchita-de-pelo-gama-elegance-bella-tourmaline-ion-230c-13040/,77999.0,54999.0,1,True
FRA-pava-electrica-philco-peph1182ip-inoxida,Fravega,PHILCO,Pequeños Electrodomésticos,Pava Eléctrica Philco PEPH1182IP Inoxidable,https://www.fravega.com/p/pava-electrica-philco-peph1182ip-inoxidable-14055/,41999.0,29999.0,1,True
FRA-pava-electrica-atma-pe1821rap-1-7-litros,Fravega,ATMA,Pequeños Electrodomésticos,"Pava Eléctrica ATMA PE1821RAP 1,7 litros",https://www.fravega.com/p/pava-electrica-atma-pe1821rap-1-7-litros-13610/,48999.0,43999.0,1,True
FRA-cafetera-nespresso-inissia-black-aerocci,Fravega,OTRAS,Pequeños Electrodomésticos,Cafetera Nespresso Inissia Black + Aeroccino 3,https://www.fravega.com/p/cafetera-nespresso-inissia-black-aeroccino-3-11932/,525950.0,315570.0,1,True
FRA-plancha-a-vapor-philips-dst5010-2400-wat,Fravega,PHILIPS,Pequeños Electrodomésticos,Plancha a Vapor Philips DST5010 2400 Watts Gris,https://www.fravega.com/p/plancha-a-vapor-philips-dst5010-2400-watts-gris-250220/,119999.0,109999.0,1,True
FRA-balanza-de-cocina-anti-deslizante-led-di,Fravega,OTRAS,Pequeños Electrodomésticos,Balanza De Cocina Anti-Deslizante Led Digital 10kg Con Tara Blanca Kenta,https://www.fravega.com/p/balanza-de-cocina-anti-deslizante-led-digital-10kg-con-tara-blanca-kenta--22718915/,11427.0,7999.0,1,True
FRA-multigroom-trimmer-philips-serie-7000-mg,Fravega,PHILIPS,Pequeños Electrodomésticos,Multigroom Trimmer Philips Serie 7000 MG7935/15 16 en 1,https://www.fravega.com/p/multigroom-trimmer-philips-serie-7000-mg7935-15-16-1-30474/,118999.0,79999.0,1,True
FRA-microondas-digital-atma-matdb20ubn-20-lt,Fravega,ATMA,Pequeños Electrodomésticos,Microondas Digital ATMA MATDB20UBN 20 Lts,https://www.fravega.com/p/microondas-digital-atma-matdb20ubn-20-lts-110305/,239999.0,189999.0,1,True
FRA-yogurtera-winco-w632-13880,Fravega,OTRAS,Pequeños Electrodomésticos,Yogurtera Winco W632,https://www.fravega.com/p/yogurtera-winco-w632-13880/,69999.0,52499.0,1,True
FRA-planchita-de-pelo-allure-pl1010ap-titani,Fravega,OTRAS,Pequeños Electrodomésticos,Planchita de Pelo Allure PL1010AP Titanium Ion,https://www.fravega.com/p/planchita-de-pelo-allure-pl1010ap-titanium-ion-13892/,34999.0,21999.0,1,True
FRA-freidora-de-aire-digital-atma-fr246gap-6,Fravega,ATMA,Pequeños Electrodomésticos,Freidora de Aire Digital ATMA FR246GAP 6Lt,https://www.fravega.com/p/freidora-de-aire-digital-atma-fr246gap-6lt-13988/,189999.0,109999.0,1,True
FRA-yogurtera-westinghouse-wh-yog2-silver-14,Fravega,OTRAS,Pequeños Electrodomésticos,Yogurtera Westinghouse WH-YOG2 Silver,https://www.fravega.com/p/yogurtera-westinghouse-wh-yog2-silver-14299/,59999.0,43999.0,1,True
FRA-cafetera-expresso-smartlife-sl-ec5501-14,Fravega,OTRAS,Pequeños Electrodomésticos,Cafetera Expresso Smartlife SL-EC5501,https://www.fravega.com/p/cafetera-expresso-smartlife-sl-ec5501-14038/,159999.0,119999.0,1,True
FRA-mixer-philco-4-1-600w-lmph8508np-180532,Fravega,PHILCO,Pequeños Electrodomésticos,Mixer Philco 4 en 1 600W LMPH8508NP,https://www.fravega.com/p/mixer-philco-4-1-600w-lmph8508np-180532/,99999.0,75999.0,1,True
FRA-licuadora-mondial-pratic-power-550w-1-6l,Fravega,OTRAS,Pequeños Electrodomésticos,"Licuadora Mondial Pratic Power 550W 1,6Lts L-98-B Negro",https://www.fravega.com/p/licuadora-mondial-pratic-power-550w-1-6lts-l-98-b-negro-180525/,59999.0,44999.0,1,True
FRA-yogurtera-ultracomb-yg-2712v-12-jarros-a,Fravega,ACER,Pequeños Electrodomésticos,Yogurtera Ultracomb YG 2712V 12 jarros acero inoxidable,https://www.fravega.com/p/yogurtera-ultracomb-yg-2712v-12-jarros-acero-inoxidable-990277505/,116619.83,63120.0,1,True
FRA-cafetera-express-smartlife-digital-latte,Fravega,OTRAS,Pequeños Electrodomésticos,Cafetera Express Smartlife Digital Latte Semi Automática SL-ECDM5406,https://www.fravega.com/p/cafetera-express-smartlife-digital-latte-semi-automatica-sl-ecdm5406-14062/,399999.0,299999.0,1,True
FRA-yogurtera-yg-1704-4-jarros-720ml-super-c,Fravega,OTRAS,Pequeños Electrodomésticos,Yogurtera Yg 1704 4 Jarros 720ml Super Compacta 20w,https://www.fravega.com/p/yogurtera-yg-1704-4-jarros-720ml-super-compacta-20w-21506842/,59999.0,27099.0,1,True
FRA-depiladora-electrica-philips-bre227-00-1,Fravega,PHILIPS,Pequeños Electrodomésticos,Depiladora Eléctrica Philips BRE227/00,https://www.fravega.com/p/depiladora-electrica-philips-bre227-00-14404/,76999.0,58399.0,1,True
FRA-microondas-gafa-20l-negro-6-niveles-de-p,Fravega,GAFA,Pequeños Electrodomésticos,Microondas Gafa 20L Negro 6 niveles de potencia y Limpia Fácil MG20AB,https://www.fravega.com/p/microondas-gafa-20l-negro-6-niveles-de-potencia-y-limpia-facil-mg20ab-990288978/,213110.0,168783.0,1,True
FRA-microondas-digital-eco-20-lts-bgh-b120dn,Fravega,BGH,Pequeños Electrodomésticos,Microondas Digital Eco 20 Lts BGH B120DN20,https://www.fravega.com/p/microondas-digital-eco-20-lts-bgh-b120dn20-110215/,269999.0,224999.0,1,True
FRA-waflera-atma-toy-story-woody-mw013wtsdn-,Fravega,ATMA,Pequeños Electrodomésticos,Waflera Atma Toy Story Woody MW013WTSDN,https://www.fravega.com/p/waflera-atma-toy-story-woody-mw013wtsdn-14425/,39999.0,38999.0,1,True
FRA-tostadora-kanji-blanca-800w-kjh-tm800-04,Fravega,OTRAS,Pequeños Electrodomésticos,Tostadora Kanji Blanca 800W KJH-TM800-04,https://www.fravega.com/p/tostadora-kanji-blanca-800w-kjh-tm800-04-12736/,39999.0,23999.0,1,True
FRA-freidora-de-aire-admiral-ad-af505-6-3-li,Fravega,OTRAS,Pequeños Electrodomésticos,"Freidora de Aire Admiral AD-AF505 6,3 Litros",https://www.fravega.com/p/freidora-de-aire-admiral-ad-af505-6-3-litros-13978/,149999.0,91999.0,1,True
FRA-mixer-atma-lmat8528bp-5en1-180522,Fravega,ATMA,Pequeños Electrodomésticos,Mixer Atma LMAT8528BP 5EN1,https://www.fravega.com/p/mixer-atma-lmat8528bp-5en1-180522/,99999.0,89999.0,1,True
FRA-freidora-de-aire-y-hornito-peabody-pe-af,Fravega,OTRAS,Pequeños Electrodomésticos,Freidora de Aire y Hornito Peabody PE-AFO120N 12 Litros,https://www.fravega.com/p/freidora-de-aire-y-hornito-peabody-pe-afo120n-12-litros-13863/,289999.0,179999.0,1,True
FRA-microondas-mecanico-bgh-b118mn25-18-litr,Fravega,BGH,Pequeños Electrodomésticos,Microondas Mecánico BGH B118MN25 18 Litros,https://www.fravega.com/p/microondas-mecanico-bgh-b118mn25-18-litros-110414/,199999.0,149999.0,1,True
FRA-secador-remington-d3015-power-volumen-20,Fravega,REMINGTON,Pequeños Electrodomésticos,Secador Remington D3015 Power Volumen 2000,https://www.fravega.com/p/secador-remington-d3015-power-volumen-2000-12426/,69999.0,62999.0,1,True
FRA-maquina-de-coser-mc202-mini-recta-con-lu,Fravega,OTRAS,Pequeños Electrodomésticos,Máquina de Coser MC202 Mini Recta con Luz Portátil,https://www.fravega.com/p/maquina-de-coser-mc202-mini-recta-con-luz-portatil-200047/,55999.0,21999.0,1,True
FRA-freidora-de-aire-atma-con-visor-fr248awp,Fravega,ATMA,Pequeños Electrodomésticos,Freidora de Aire ATMA con Visor FR248AWP 8Lts Blanco,https://www.fravega.com/p/freidora-de-aire-atma-con-visor-fr248awp-8lts-blanco-14104/,204999.0,139999.0,1,True
FRA-waflera-ultracomb-wm-2900-12338,Fravega,OTRAS,Pequeños Electrodomésticos,Waflera Ultracomb WM-2900,https://www.fravega.com/p/waflera-ultracomb-wm-2900-12338/,36899.0,32999.0,1,True
FRA-balanza-digital-de-cocina-icare-tm-801-n,Fravega,OTRAS,Pequeños Electrodomésticos,Balanza Digital de Cocina iCare TM-801 N/D,https://www.fravega.com/p/balanza-digital-de-cocina-icare-tm-801-n-d-20022096/,22907.0,10000.0,1,True
FRA-secador-de-pelo-remington-on-the-go-d150,Fravega,REMINGTON,Pequeños Electrodomésticos,Secador de Pelo Remington On The Go D1500,https://www.fravega.com/p/secador-de-pelo-remington-on-the-go-d1500-12408/,54999.0,34999.0,1,True
FRA-afeitadora-philips-s1881-00-serie-1000-u,Fravega,PHILIPS,Pequeños Electrodomésticos,Afeitadora Philips S1881/00 Serie 1000 uso en Húmedo y Seco,https://www.fravega.com/p/afeitadora-philips-s1881-00-serie-1000-uso-humedo-y-seco-30625/,89999.0,65599.0,1,True
FRA-pava-electrica-electrolux-efficient-1-8l,Fravega,OTRAS,Pequeños Electrodomésticos,"Pava Eléctrica Electrolux Efficient 1,8Lts EEK11",https://www.fravega.com/p/pava-electrica-electrolux-efficient-1-8lts-eek11-14569/,58999.0,39999.0,1,True
FRA-aspiradora-de-mano-yelmo-recargable-as-3,Fravega,OTRAS,Pequeños Electrodomésticos,Aspiradora de Mano Yelmo Recargable AS-3240 Auto y Hogar,https://www.fravega.com/p/aspiradora-de-mano-yelmo-recargable-as-3240-auto-y-hogar-60323/,59999.0,37999.0,1,True
FRA-steamer-atma-gs2200pi-1400-watts-250133,Fravega,ATMA,Pequeños Electrodomésticos,Steamer ATMA GS2200PI 1400 watts,https://www.fravega.com/p/steamer-atma-gs2200pi-1400-watts-250133/,75999.0,54999.0,1,True
FRA-pava-electrica-atma-peat1351wp-1-8-litro,Fravega,ATMA,Pequeños Electrodomésticos,"Pava Eléctrica Atma PEAT1351WP 1,8 Litros",https://www.fravega.com/p/pava-electrica-atma-peat1351wp-1-8-litros-14145/,44999.0,37999.0,1,True
FRA-tostadora-electrolux-ets10-negro-13457,Fravega,OTRAS,Pequeños Electrodomésticos,Tostadora Electrolux ETS10 Negro,https://www.fravega.com/p/tostadora-electrolux-ets10-negro-13457/,51099.0,47999.0,1,True
FRA-aspiradora-sin-bolsa-ultracomb-as-4224-1,Fravega,OTRAS,Pequeños Electrodomésticos,Aspiradora Sin Bolsa Ultracomb AS-4224 1800w,https://www.fravega.com/p/aspiradora-sin-bolsa-ultracomb-as-4224-1800w-60251/,215999.0,125999.0,1,True
FRA-cafetera-dolce-gusto-hero-genio-s-athrac,Fravega,OTRAS,Pequeños Electrodomésticos,Cafetera Dolce Gusto Hero Genio S Athracite Gris,https://www.fravega.com/p/cafetera-dolce-gusto-hero-genio-s-athracite-gris-14203/,312690.0,187499.0,1,True
FRA-aspiradora-de-tacho-electrolux-a10n1-pol,Fravega,OTRAS,Pequeños Electrodomésticos,Aspiradora de Tacho Electrolux A10N1 Polvo y Agua 10 Litros,https://www.fravega.com/p/aspiradora-de-tacho-electrolux-a10n1-polvo-y-agua-10-litros-60315/,149999.0,89999.0,1,True
FRA-cafetera-expreso-digital-smartlife-sl-ec,Fravega,OTRAS,Pequeños Electrodomésticos,Cafetera Expreso Digital Smartlife SL-ECD5403N,https://www.fravega.com/p/cafetera-expreso-digital-smartlife-sl-ecd5403n-14045/,219999.0,169999.0,1,True
FRA-planchita-de-pelo-revlon-rvst2182red-anc,Fravega,OTRAS,Pequeños Electrodomésticos,Planchita de Pelo Revlon RVST2182RED Ancha,https://www.fravega.com/p/planchita-de-pelo-revlon-rvst2182red-ancha-10407/,69999.0,59999.0,1,True
FRA-aspiradora-ciclonica-electrolux-2200w-ea,Fravega,OTRAS,Pequeños Electrodomésticos,Aspiradora Ciclónica Electrolux 2200W EasyBox con Boquilla PET EAS41,https://www.fravega.com/p/aspiradora-ciclonica-electrolux-2200w-easybox-con-boquilla-pet-eas41-60425/,244999.0,199999.0,1,True
FRA-planchita-de-pelo-remington-wet2straight,Fravega,REMINGTON,Pequeños Electrodomésticos,Planchita de Pelo Remington Wet2Straight S27A,https://www.fravega.com/p/planchita-de-pelo-remington-wet2straight-s27a-14242/,79999.0,64999.0,1,True
FRA-freidora-de-aire-black-decker-de-8l-puri,Fravega,BLACK+DECKER,Pequeños Electrodomésticos,Freidora de aire Black+Decker de 8L Purifry AFBD82-1BDAR,https://www.fravega.com/p/freidora-de-aire-black-decker-de-8l-purifry-afbd82-1bdar-14581/,249999.0,159999.0,1,True
FRA-mueble-porta-microondas-horno-electrico-,Fravega,OTRAS,Muebles,MUEBLE PORTA MICROONDAS HORNO ELECTRICO ORGANIZADOR 1 CAJON,https://www.fravega.com/p/mueble-porta-microondas-horno-electrico-organizador-1-cajon-22919955/,147771.0,118217.0,1,True
FRA-despensero-2-maxi-puertas-centro-estant-,Fravega,OTRAS,Muebles,Despensero 2 Maxi Puertas Centro Estant DIS4 Blanco 180 x 60 cm,https://www.fravega.com/p/despensero-2-maxi-puertas-centro-estant-dis4-blanco-180-x-60-cm-600010/,199999.0,149999.0,1,True
FRA-escritorio-para-pc-alaska-madesa-3-cajon,Fravega,OTRAS,Muebles,Escritorio Para Pc Alaska Madesa 3 Cajones 1 Puerta Blanco,https://www.fravega.com/p/escritorio-para-pc-alaska-madesa-3-cajones-1-puerta-blanco-22627259/,339972.0,219919.0,1,True
FRA-set-x4-sillas-de-diseno-allegra-negra-li,Fravega,OTRAS,Muebles,Set x4 Sillas de Diseño Allegra Negra Living Comedor Cocina,https://www.fravega.com/p/set-x4-sillas-de-diseno-allegra-negra-living-comedor-cocina-601611/,199999.0,118999.0,1,True
FRA-bajo-mesada-etnica-emc-1-60m-kenia-safar,Fravega,OTRAS,Muebles,"Bajo Mesada Étnica EMC 1,60m Kenia Safari y Báltico",https://www.fravega.com/p/bajo-mesada-etnica-emc-1-60m-kenia-safari-y-baltico-20453156/,1350428.0,405128.0,1,True
FRA-placard-ropero-con-baulera-alzada-puerta,Fravega,OTRAS,Muebles,Placard Ropero con Baulera Alzada Puertas Corredizas 240x235,https://www.fravega.com/p/placard-ropero-con-baulera-alzada-puertas-corredizas-240x235-22927456/,1108770.0,862756.0,1,True
FRA-sillon-mesh-ejecutivo-respaldo-alto-sill,Fravega,OTRAS,Muebles,Sillon Mesh Ejecutivo Respaldo Alto Silla Escritorio Pc,https://www.fravega.com/p/sillon-mesh-ejecutivo-respaldo-alto-silla-escritorio-pc-22768546/,138950.0,90317.0,1,True
FRA-placard-180x180-cm-cubos-disenos-moderno,Fravega,OTRAS,Muebles,Placard 180x180 cm cubos Diseños Modernos Blanco,https://www.fravega.com/p/placard-180x180-cm-cubos-disenos-modernos-blanco--21295674/,494998.75,469999.0,1,True
FRA-vanitory-flotante-de-melamina-40-cm-con-,Fravega,OTRAS,Muebles,Vanitory Flotante De Melamina 40 Cm Con Bacha Y Tapa Bacha bimando,https://www.fravega.com/p/vanitory-flotante-de-melamina-40-cm-con-bacha-y-tapa-bacha-bimando-22781268/,96000.0,69999.0,1,True
FRA-biblioteca-centro-estant-l9bl-blanca-180,Fravega,OTRAS,Muebles,Biblioteca Centro Estant L9BL Blanca 180 x 41 cm,https://www.fravega.com/p/biblioteca-centro-estant-l9bl-blanca-180-x-41-cm-600837/,99999.0,74999.0,1,True
FRA-placard-madesa-reno-3-puertas-corredizas,Fravega,OTRAS,Muebles,Placard Madesa Reno 3 Puertas Corredizas 4 Cajones 180 Cm,https://www.fravega.com/p/placard-madesa-reno-3-puertas-corredizas-4-cajones-180-cm-22742410/,1109998.0,599919.0,1,True
FRA-silla-oficina-ultimate-ut-j03-601491,Fravega,OTRAS,Muebles,Silla Oficina Ultimate UT-J03,https://www.fravega.com/p/silla-oficina-ultimate-ut-j03-601491/,199999.0,139999.0,1,True
FRA-placard-ropero-infantil-2-puertas-4-cubo,Fravega,OTRAS,Muebles,Placard Ropero Infantil 2 Puertas 4 Cubos 150x87 Diseños Modernos Blanco,https://www.fravega.com/p/placard-ropero-infantil-2-puertas-4-cubos-150x87-disenos-modernos-blanco-22634299/,204998.75,147999.0,1,True
FRA-maquillador-tocador-con-espejo-hollywood,Fravega,OTRAS,Muebles,Maquillador Tocador con Espejo Hollywood 11 Cajones 1.20m Escritorio Dormitorio (Blanco) + Puff Baulero de regalo,https://www.fravega.com/p/maquillador-tocador-con-espejo-hollywood-11-cajones-1-20m-escritorio-dormitorio-blanco-puff-baulero-de-regalo--22881769/,723597.0,449221.0,1,True
FRA-comoda-mallorca-negro-paraiso-20242083,Fravega,OTRAS,Muebles,Comoda Mallorca negro paraiso,https://www.fravega.com/p/comoda-mallorca-negro-paraiso-20242083/,241780.0,184600.0,1,True
FRA-silla-de-oficina-premium-ultimate-ut-c34,Fravega,OTRAS,Muebles,Silla de Oficina Premium Ultimate UT-C340W Blanco,https://www.fravega.com/p/silla-de-oficina-premium-ultimate-ut-c340w-blanco-601654/,149999.0,99999.0,1,True
FRA-silla-de-oficina-sillon-mesh-respaldo-al,Fravega,OTRAS,Muebles,Silla de Oficina Sillon Mesh Respaldo Alto Ergonomica Escritorio PC,https://www.fravega.com/p/silla-de-oficina-sillon-mesh-respaldo-alto-ergonomica-escritorio-pc-22882143/,199886.0,109446.25,1,True
FRA-vestidor-orlandi-nordico-jacaranda-190-x,Fravega,OTRAS,Muebles,Vestidor Orlandi Nórdico Jacarandá 190 x 182 cm,https://www.fravega.com/p/vestidor-orlandi-nordico-jacaranda-190-x-182-cm-601687/,499999.0,399999.0,1,True
FRA-placard-2-puertas-orlandi-abedul-bahia-1,Fravega,OTRAS,Muebles,Placard 2 Puertas Orlandi Abedul Bahía 184 x 61 cm,https://www.fravega.com/p/placard-2-puertas-orlandi-abedul-bahia-184-x-61-cm-601332/,214999.0,129999.0,1,True
FRA-silla-de-oficina-ergonomica-ultimate-ut-,Fravega,OTRAS,Muebles,Silla de Oficina Ergonómica Ultimate UT-C329-1,https://www.fravega.com/p/silla-de-oficina-ergonomica-ultimate-ut-c329-1-601728/,199999.0,99999.0,1,True
FRA-cama-box-2-plazas-140-o-160-con-cajones-,Fravega,OTRAS,Muebles,Cama Box 2 Plazas 140 O 160 Con Cajones Zapatero Color Blanco,https://www.fravega.com/p/cama-box-2-plazas-140-o-160-con-cajones-zapatero-color-blanco-22946318/,689441.0,389441.0,1,True
FRA-pack-20-perchas-de-madera-lustrada-barni,Fravega,OTRAS,Muebles,Pack 20 Perchas de Madera Lustrada Barnizada de Excelente Calidad Waggs,https://www.fravega.com/p/pack-20-perchas-de-madera-lustrada-barnizada-de-excelente-calidad-waggs-21201400/,45990.0,25729.0,1,True
FRA-placard-ropero-puertas-corredizas-con-es,Fravega,OTRAS,Muebles,Placard Ropero Puertas Corredizas Con Espejo 2.00 X 2.00 Carpinteria Rivadavia,https://www.fravega.com/p/placard-ropero-puertas-corredizas-con-espejo-2-00-x-2-00-carpinteria-rivadavia-22625778/,794245.0,618401.0,1,True
FRA-placard-xl-240x183-blanco-2-puertas-corr,Fravega,OTRAS,Muebles,Placard XL 240x183 Blanco 2 Puertas Corredizas 4 Cajones Cajones- Rieles y Perfiles de Aluminio,https://www.fravega.com/p/placard-xl-240x183-blanco-2-puertas-corredizas-4-cajones-cajones-rieles-y-perfiles-de-aluminio--22872475/,880000.0,690552.0,1,True
FRA-sillon-gerencial-ergonomico-elegante-con,Fravega,OTRAS,Muebles,Sillón Gerencial Ergonómico Elegante Con Apoya Pies Baires4,https://www.fravega.com/p/sillon-gerencial-ergonomico-elegante-con-apoya-pies-baires4-22768517/,229288.0,171966.0,1,True
FRA-placard-ropero-con-baulera-alzada-puerta,Fravega,OTRAS,Muebles,Placard Ropero con Baulera Alzada Puertas Corredizas 240x235,https://www.fravega.com/p/placard-ropero-con-baulera-alzada-puertas-corredizas-240x235-21230021/,975214.0,758833.0,1,True
FRA-juego-de-comedor-cocina-jaine-madesa-mes,Fravega,OTRAS,Muebles,Juego De Comedor Cocina Jaíne Madesa Mesa Con 6 Sillas,https://www.fravega.com/p/juego-de-comedor-cocina-jaine-madesa-mesa-con-6-sillas-22627125/,659972.0,349919.0,1,True
FRA-cama-box-160-2-plazas-queen-con-zapatero,Fravega,OTRAS,Muebles,"Cama Box 160 2 Plazas Queen con Zapateros, Bauleras y Cajones Blanco Centro Estant",https://www.fravega.com/p/cama-box-160-2-plazas-queen-con-zapateros-bauleras-y-cajones-blanco-centro-estant-22715855/,700200.0,404200.0,1,True
FRA-placard-ropero-puertas-corredizas-con-es,Fravega,OTRAS,Muebles,Placard Ropero Puertas Corredizas Con Espejo 2.00 X 2.00 Carpinteria Rivadavia,https://www.fravega.com/p/placard-ropero-puertas-corredizas-con-espejo-2-00-x-2-00-carpinteria-rivadavia-22927461/,903018.0,703092.0,1,True
FRA-juego-de-comedor-cocina-madesa-havana-co,Fravega,OTRAS,Muebles,Juego De Comedor Cocina Madesa Havana Conjunto Mesa con 4 Sillas,https://www.fravega.com/p/juego-de-comedor-cocina-madesa-havana-conjunto-mesa-con-4-sillas-22627150/,589972.0,299919.0,1,True
FRA-escritorio-centro-estant-sc80bl-blanco-8,Fravega,OTRAS,Muebles,Escritorio Centro Estant SC80BL Blanco 82 x 44 cm,https://www.fravega.com/p/escritorio-centro-estant-sc80bl-blanco-82-x-44-cm-600944/,129999.0,89999.0,1,True
FRA-mueble-porta-microondas-horno-electrico-,Fravega,OTRAS,Muebles,MUEBLE PORTA MICROONDAS HORNO ELECTRICO ORGANIZADOR 1 CAJON,https://www.fravega.com/p/mueble-porta-microondas-horno-electrico-organizador-1-cajon-22919955/,147771.0,118217.0,1,True
FRA-despensero-2-maxi-puertas-centro-estant-,Fravega,OTRAS,Muebles,Despensero 2 Maxi Puertas Centro Estant DIS4 Blanco 180 x 60 cm,https://www.fravega.com/p/despensero-2-maxi-puertas-centro-estant-dis4-blanco-180-x-60-cm-600010/,199999.0,149999.0,1,True
FRA-escritorio-para-pc-alaska-madesa-3-cajon,Fravega,OTRAS,Muebles,Escritorio Para Pc Alaska Madesa 3 Cajones 1 Puerta Blanco,https://www.fravega.com/p/escritorio-para-pc-alaska-madesa-3-cajones-1-puerta-blanco-22627259/,339972.0,219919.0,1,True
FRA-set-x4-sillas-de-diseno-allegra-negra-li,Fravega,OTRAS,Muebles,Set x4 Sillas de Diseño Allegra Negra Living Comedor Cocina,https://www.fravega.com/p/set-x4-sillas-de-diseno-allegra-negra-living-comedor-cocina-601611/,199999.0,118999.0,1,True
FRA-bajo-mesada-etnica-emc-1-60m-kenia-safar,Fravega,OTRAS,Muebles,"Bajo Mesada Étnica EMC 1,60m Kenia Safari y Báltico",https://www.fravega.com/p/bajo-mesada-etnica-emc-1-60m-kenia-safari-y-baltico-20453156/,1350428.0,405128.0,1,True
FRA-placard-ropero-con-baulera-alzada-puerta,Fravega,OTRAS,Muebles,Placard Ropero con Baulera Alzada Puertas Corredizas 240x235,https://www.fravega.com/p/placard-ropero-con-baulera-alzada-puertas-corredizas-240x235-22927456/,1108770.0,862756.0,1,True
FRA-sillon-mesh-ejecutivo-respaldo-alto-sill,Fravega,OTRAS,Muebles,Sillon Mesh Ejecutivo Respaldo Alto Silla Escritorio Pc,https://www.fravega.com/p/sillon-mesh-ejecutivo-respaldo-alto-silla-escritorio-pc-22768546/,138950.0,90317.0,1,True
FRA-placard-180x180-cm-cubos-disenos-moderno,Fravega,OTRAS,Muebles,Placard 180x180 cm cubos Diseños Modernos Blanco,https://www.fravega.com/p/placard-180x180-cm-cubos-disenos-modernos-blanco--21295674/,494998.75,469999.0,1,True
FRA-vanitory-flotante-de-melamina-40-cm-con-,Fravega,OTRAS,Muebles,Vanitory Flotante De Melamina 40 Cm Con Bacha Y Tapa Bacha bimando,https://www.fravega.com/p/vanitory-flotante-de-melamina-40-cm-con-bacha-y-tapa-bacha-bimando-22781268/,96000.0,69999.0,1,True
FRA-biblioteca-centro-estant-l9bl-blanca-180,Fravega,OTRAS,Muebles,Biblioteca Centro Estant L9BL Blanca 180 x 41 cm,https://www.fravega.com/p/biblioteca-centro-estant-l9bl-blanca-180-x-41-cm-600837/,99999.0,74999.0,1,True
FRA-placard-madesa-reno-3-puertas-corredizas,Fravega,OTRAS,Muebles,Placard Madesa Reno 3 Puertas Corredizas 4 Cajones 180 Cm,https://www.fravega.com/p/placard-madesa-reno-3-puertas-corredizas-4-cajones-180-cm-22742410/,1109998.0,599919.0,1,True
FRA-silla-oficina-ultimate-ut-j03-601491,Fravega,OTRAS,Muebles,Silla Oficina Ultimate UT-J03,https://www.fravega.com/p/silla-oficina-ultimate-ut-j03-601491/,199999.0,139999.0,1,True
FRA-placard-ropero-infantil-2-puertas-4-cubo,Fravega,OTRAS,Muebles,Placard Ropero Infantil 2 Puertas 4 Cubos 150x87 Diseños Modernos Blanco,https://www.fravega.com/p/placard-ropero-infantil-2-puertas-4-cubos-150x87-disenos-modernos-blanco-22634299/,204998.75,147999.0,1,True
FRA-maquillador-tocador-con-espejo-hollywood,Fravega,OTRAS,Muebles,Maquillador Tocador con Espejo Hollywood 11 Cajones 1.20m Escritorio Dormitorio (Blanco) + Puff Baulero de regalo,https://www.fravega.com/p/maquillador-tocador-con-espejo-hollywood-11-cajones-1-20m-escritorio-dormitorio-blanco-puff-baulero-de-regalo--22881769/,723597.0,449221.0,1,True
FRA-comoda-mallorca-negro-paraiso-20242083,Fravega,OTRAS,Muebles,Comoda Mallorca negro paraiso,https://www.fravega.com/p/comoda-mallorca-negro-paraiso-20242083/,241780.0,184600.0,1,True
FRA-silla-de-oficina-premium-ultimate-ut-c34,Fravega,OTRAS,Muebles,Silla de Oficina Premium Ultimate UT-C340W Blanco,https://www.fravega.com/p/silla-de-oficina-premium-ultimate-ut-c340w-blanco-601654/,149999.0,99999.0,1,True
FRA-silla-de-oficina-sillon-mesh-respaldo-al,Fravega,OTRAS,Muebles,Silla de Oficina Sillon Mesh Respaldo Alto Ergonomica Escritorio PC,https://www.fravega.com/p/silla-de-oficina-sillon-mesh-respaldo-alto-ergonomica-escritorio-pc-22882143/,199886.0,109446.25,1,True
FRA-placard-ropero-180x180-puertas-corrediza,Fravega,OTRAS,Muebles,Placard Ropero 180x180 Puertas Corredizas Blanco con 2 Perchas de Regalo,https://www.fravega.com/p/placard-ropero-180x180-puertas-corredizas-blanco-con-2-perchas-de-regalo-22617892/,589998.75,526999.0,1,True
FRA-placard-180x240cm-blanco-con-8-cubos-y-4,Fravega,OTRAS,Muebles,Placard 180x240cm Blanco con 8 Cubos y 4 Cajones,https://www.fravega.com/p/placard-180x240cm-blanco-con-8-cubos-y-4-cajones-22869619/,960000.0,764152.0,1,True
FRA-biblioteca-centro-estant-l9n-negro-180-x,Fravega,OTRAS,Muebles,Biblioteca Centro Estant L9N Negro 180 x 41 cm,https://www.fravega.com/p/biblioteca-centro-estant-l9n-negro-180-x-41-cm-601111/,89999.0,69999.0,1,True
FRA-perchero-organizador-doble-barral-metali,Fravega,OTRAS,Muebles,Perchero Organizador Doble Barral Metálico Waggs con Estante,https://www.fravega.com/p/perchero-organizador-doble-barral-metalico-waggs-con-estante-22617150/,67186.0,33599.0,1,True
FRA-organizador-de-zapatos-y-ropa-con-8-ganc,Fravega,OTRAS,Muebles,Organizador De Zapatos Y Ropa Con 8 Ganchos Y 5 Niveles 80x172x26cm Marca HomeCo. Color Negro,https://www.fravega.com/p/organizador-de-zapatos-y-ropa-con-8-ganchos-y-5-niveles-80x172x26cm-marca-homeco-color-negro-22635122/,67040.48,24418.9,1,True
FRA-placard-ropero-120x180-puertas-corrediza,Fravega,OTRAS,Muebles,Placard Ropero 120x180 Puertas Corredizas Blanco,https://www.fravega.com/p/placard-ropero-120x180-puertas-corredizas-blanco-22581730/,399998.75,305999.0,1,True
FRA-placard-ropero-puertas-corredizas-180x18,Fravega,OTRAS,Muebles,Placard Ropero Puertas Corredizas 180x180 Blanco con 2 Perchas de Regalo,https://www.fravega.com/p/placard-ropero-puertas-corredizas-180x180-blanco-con-2-perchas-de-regalo-22617493/,494998.75,475999.0,1,True
FRA-mesa-de-luz-orlandi-venecia-60-x-42-cm-6,Fravega,OTRAS,Muebles,Mesa de Luz Orlandi Venecia 60 x 42 cm,https://www.fravega.com/p/mesa-de-luz-orlandi-venecia-60-x-42-cm-601215/,70999.0,49999.0,1,True
FRA-baul-juguetero-montessori-biblioteca-inf,Fravega,OTRAS,Muebles,"Baúl Juguetero Montessori, Biblioteca Infantil, Organizador - Blanco - Juguetero Montessori",https://www.fravega.com/p/baul-juguetero-montessori-biblioteca-infantil-organizador-blanco-juguetero-montessori-22646748/,118800.0,62000.0,1,True
FRA-placard-ropero-150x180-puertas-corrediza,Fravega,OTRAS,Muebles,Placard Ropero 150x180 Puertas Corredizas Blanco,https://www.fravega.com/p/placard-ropero-150x180-puertas-corredizas-blanco-22605105/,511248.75,393999.0,1,True
FRA-organizador-zapatero-botinero-waggs-marr,Fravega,OTRAS,Muebles,Organizador Zapatero Botinero Waggs Marrón 12 Niveles 36 Pares,https://www.fravega.com/p/organizador-zapatero-botinero-waggs-marron-12-niveles-36-pares-22708130/,46186.0,23699.0,1,True
FRA-placard-ropero-150x180-puertas-corrediza,Fravega,OTRAS,Muebles,Placard Ropero 150x180 Puertas Corredizas Blanco,https://www.fravega.com/p/placard-ropero-150x180-puertas-corredizas-blanco-22581788/,444998.75,355999.0,1,True
FRA-botinero-24-pares-centro-estant-b24bl-bl,Fravega,OTRAS,Muebles,Botinero 24 Pares Centro Estant B24BL Blanco 153 x 61 cm,https://www.fravega.com/p/botinero-24-pares-centro-estant-b24bl-blanco-153-x-61-cm-601109/,229999.0,155999.0,1,True
FRA-rack-panel-tv-solus-70-pulgadas-negro-ca,Fravega,LG,Muebles,Rack Panel TV SOLUS 70 Pulgadas Negro Carpinteria Rivadavia,https://www.fravega.com/p/rack-panel-tv-solus-70-pulgadas-negro-carpinteria-rivadavia-22701366/,283299.0,220982.0,1,True
FRA-mueble-porta-microondas-horno-electrico-,Fravega,OTRAS,Muebles,MUEBLE PORTA MICROONDAS HORNO ELECTRICO ORGANIZADOR 1 CAJON,https://www.fravega.com/p/mueble-porta-microondas-horno-electrico-organizador-1-cajon-22919955/,147771.0,118217.0,1,True
FRA-despensero-2-maxi-puertas-centro-estant-,Fravega,OTRAS,Muebles,Despensero 2 Maxi Puertas Centro Estant DIS4 Blanco 180 x 60 cm,https://www.fravega.com/p/despensero-2-maxi-puertas-centro-estant-dis4-blanco-180-x-60-cm-600010/,199999.0,149999.0,1,True
FRA-escritorio-para-pc-alaska-madesa-3-cajon,Fravega,OTRAS,Muebles,Escritorio Para Pc Alaska Madesa 3 Cajones 1 Puerta Blanco,https://www.fravega.com/p/escritorio-para-pc-alaska-madesa-3-cajones-1-puerta-blanco-22627259/,339972.0,219919.0,1,True
FRA-set-x4-sillas-de-diseno-allegra-negra-li,Fravega,OTRAS,Muebles,Set x4 Sillas de Diseño Allegra Negra Living Comedor Cocina,https://www.fravega.com/p/set-x4-sillas-de-diseno-allegra-negra-living-comedor-cocina-601611/,199999.0,118999.0,1,True
FRA-bajo-mesada-etnica-emc-1-60m-kenia-safar,Fravega,OTRAS,Muebles,"Bajo Mesada Étnica EMC 1,60m Kenia Safari y Báltico",https://www.fravega.com/p/bajo-mesada-etnica-emc-1-60m-kenia-safari-y-baltico-20453156/,1350428.0,405128.0,1,True
FRA-placard-ropero-con-baulera-alzada-puerta,Fravega,OTRAS,Muebles,Placard Ropero con Baulera Alzada Puertas Corredizas 240x235,https://www.fravega.com/p/placard-ropero-con-baulera-alzada-puertas-corredizas-240x235-22927456/,1108770.0,862756.0,1,True
FRA-sillon-mesh-ejecutivo-respaldo-alto-sill,Fravega,OTRAS,Muebles,Sillon Mesh Ejecutivo Respaldo Alto Silla Escritorio Pc,https://www.fravega.com/p/sillon-mesh-ejecutivo-respaldo-alto-silla-escritorio-pc-22768546/,138950.0,90317.0,1,True
FRA-placard-180x180-cm-cubos-disenos-moderno,Fravega,OTRAS,Muebles,Placard 180x180 cm cubos Diseños Modernos Blanco,https://www.fravega.com/p/placard-180x180-cm-cubos-disenos-modernos-blanco--21295674/,494998.75,469999.0,1,True
FRA-vanitory-flotante-de-melamina-40-cm-con-,Fravega,OTRAS,Muebles,Vanitory Flotante De Melamina 40 Cm Con Bacha Y Tapa Bacha bimando,https://www.fravega.com/p/vanitory-flotante-de-melamina-40-cm-con-bacha-y-tapa-bacha-bimando-22781268/,96000.0,69999.0,1,True
FRA-biblioteca-centro-estant-l9bl-blanca-180,Fravega,OTRAS,Muebles,Biblioteca Centro Estant L9BL Blanca 180 x 41 cm,https://www.fravega.com/p/biblioteca-centro-estant-l9bl-blanca-180-x-41-cm-600837/,99999.0,74999.0,1,True
FRA-placard-madesa-reno-3-puertas-corredizas,Fravega,OTRAS,Muebles,Placard Madesa Reno 3 Puertas Corredizas 4 Cajones 180 Cm,https://www.fravega.com/p/placard-madesa-reno-3-puertas-corredizas-4-cajones-180-cm-22742410/,1109998.0,599919.0,1,True
FRA-silla-oficina-ultimate-ut-j03-601491,Fravega,OTRAS,Muebles,Silla Oficina Ultimate UT-J03,https://www.fravega.com/p/silla-oficina-ultimate-ut-j03-601491/,199999.0,139999.0,1,True
FRA-placard-ropero-infantil-2-puertas-4-cubo,Fravega,OTRAS,Muebles,Placard Ropero Infantil 2 Puertas 4 Cubos 150x87 Diseños Modernos Blanco,https://www.fravega.com/p/placard-ropero-infantil-2-puertas-4-cubos-150x87-disenos-modernos-blanco-22634299/,204998.75,147999.0,1,True
FRA-maquillador-tocador-con-espejo-hollywood,Fravega,OTRAS,Muebles,Maquillador Tocador con Espejo Hollywood 11 Cajones 1.20m Escritorio Dormitorio (Blanco) + Puff Baulero de regalo,https://www.fravega.com/p/maquillador-tocador-con-espejo-hollywood-11-cajones-1-20m-escritorio-dormitorio-blanco-puff-baulero-de-regalo--22881769/,723597.0,449221.0,1,True
FRA-comoda-mallorca-negro-paraiso-20242083,Fravega,OTRAS,Muebles,Comoda Mallorca negro paraiso,https://www.fravega.com/p/comoda-mallorca-negro-paraiso-20242083/,241780.0,184600.0,1,True
FRA-silla-de-oficina-premium-ultimate-ut-c34,Fravega,OTRAS,Muebles,Silla de Oficina Premium Ultimate UT-C340W Blanco,https://www.fravega.com/p/silla-de-oficina-premium-ultimate-ut-c340w-blanco-601654/,149999.0,99999.0,1,True
FRA-silla-de-oficina-sillon-mesh-respaldo-al,Fravega,OTRAS,Muebles,Silla de Oficina Sillon Mesh Respaldo Alto Ergonomica Escritorio PC,https://www.fravega.com/p/silla-de-oficina-sillon-mesh-respaldo-alto-ergonomica-escritorio-pc-22882143/,199886.0,109446.25,1,True
FRA-organizador-de-ropa-para-cajon-m002-wagg,Fravega,OTRAS,Muebles,Organizador de Ropa para Cajon M002 Waggs 4 Piezas 45 Divisiones Beige,https://www.fravega.com/p/organizador-de-ropa-para-cajon-m002-waggs-4-piezas-45-divisiones-beige-21453959/,23786.0,11899.0,1,True
FRA-escritorio-madesa-9424-gamer-para-ordena,Fravega,OTRAS,Muebles,"Escritorio Madesa 9424 Gamer Para Ordenador, Color Negro Y Azul",https://www.fravega.com/p/escritorio-madesa-9424-gamer-para-ordenador-color-negro-y-azul-22737269/,259998.0,119919.0,1,True
FRA-mesa-de-luz-orlandi-abedul-601344,Fravega,OTRAS,Muebles,Mesa de Luz Orlandi Abedul,https://www.fravega.com/p/mesa-de-luz-orlandi-abedul-601344/,69999.0,46999.0,1,True
FRA-organizador-de-escritorio-porta-lapices-,Fravega,OTRAS,Muebles,Organizador De Escritorio Porta Lapices Soporte Libros Waggs,https://www.fravega.com/p/organizador-de-escritorio-porta-lapices-soporte-libros-waggs-21454255/,37786.0,18899.0,1,True
FRA-placard-200x180-cm-cubos-disenos-moderno,Fravega,OTRAS,Muebles,Placard 200x180 cm cubos Diseños Modernos Blanco,https://www.fravega.com/p/placard-200x180-cm-cubos-disenos-modernos-blanco-21454370/,677498.75,549999.0,1,True
FRA-organizador-zapatero-botinero-waggs-gris,Fravega,OTRAS,Muebles,Organizador Zapatero Botinero Waggs Gris 12 Niveles 36 Pares,https://www.fravega.com/p/organizador-zapatero-botinero-waggs-gris-12-niveles-36-pares-22767020/,46185.99,27389.0,1,True
FRA-despensero-1-puerta-evo5-centro-estant-b,Fravega,OTRAS,Muebles,Despensero 1 puerta EVO5 Centro Estant blanco paraiso Alto 180 x Ancho 39 cm,https://www.fravega.com/p/despensero-1-puerta-evo5-centro-estant-blanco-paraiso-alto-180-x-ancho-39-cm-601638/,129999.0,89999.0,1,True
FRA-mueble-de-cocina-completo-madesa-emilly-,Fravega,OTRAS,Muebles,"Mueble De Cocina Completo Madesa Emilly Con Bajo Mesada, Alacena Y Despensero",https://www.fravega.com/p/mueble-de-cocina-completo-madesa-emilly-con-bajo-mesada-alacena-y-despensero-22627211/,509972.0,289919.0,1,True
FRA-placard-ropero-con-baulera-200x233-cm-di,Fravega,OTRAS,Muebles,Placard Ropero con Baulera 200x233 cm Diseños Modernos Blanco  Placard Ropero con Baulera 200x233 cm Diseños Modernos Blanco,https://www.fravega.com/p/placard-ropero-con-baulera-200x233-cm-disenos-modernos-blanco-placard-ropero-con-baulera-200x233-cm-disenos-modernos-blanco-21454547/,892498.75,726999.0,1,True
FRA-juego-de-comedor-analu-6-sillas-madesa-1,Fravega,OTRAS,Muebles,Juego de comedor Analu 6 sillas Madesa 136 Cm,https://www.fravega.com/p/juego-de-comedor-analu-6-sillas-madesa-136-cm-22707584/,499998.0,319919.0,1,True
FRA-escritorio-gamer-moderno-madesa-para-pc-,Fravega,OTRAS,Muebles,Escritorio Gamer Moderno Madesa Para Pc Y Consola 9424,https://www.fravega.com/p/escritorio-gamer-moderno-madesa-para-pc-y-consola-9424-22737253/,259998.0,119919.0,1,True
FRA-comoda-infantil-cajonera-6-cajones-para-,Fravega,OTRAS,Muebles,Cómoda Infantil Cajonera 6 Cajones Para Dormitorio Madesa,https://www.fravega.com/p/comoda-infantil-cajonera-6-cajones-para-dormitorio-madesa-22742348/,629998.0,299919.0,1,True
FRA-placard-240-perfileria-de-aluminio-carpi,Fravega,OTRAS,Muebles,Placard 240 Perfileria de Aluminio Carpinteria Rivadavia Linea Delta,https://www.fravega.com/p/placard-240-perfileria-de-aluminio-carpinteria-rivadavia-linea-delta-20017411/,748900.0,583212.0,1,True
FRA-respaldo-de-cama-centro-estant-dali-140-,Fravega,OTRAS,Muebles,Respaldo de Cama Centro Estant Dali 140-160 Blanco Paraiso,https://www.fravega.com/p/respaldo-de-cama-centro-estant-dali-140-160-blanco-paraiso-50022494/,196658.0,125400.0,1,True
FRA-mueble-porta-microondas-horno-electrico-,Fravega,OTRAS,Muebles,MUEBLE PORTA MICROONDAS HORNO ELECTRICO ORGANIZADOR 1 CAJON,https://www.fravega.com/p/mueble-porta-microondas-horno-electrico-organizador-1-cajon-22919955/,147771.0,118217.0,1,True
FRA-despensero-2-maxi-puertas-centro-estant-,Fravega,OTRAS,Muebles,Despensero 2 Maxi Puertas Centro Estant DIS4 Blanco 180 x 60 cm,https://www.fravega.com/p/despensero-2-maxi-puertas-centro-estant-dis4-blanco-180-x-60-cm-600010/,199999.0,149999.0,1,True
FRA-escritorio-para-pc-alaska-madesa-3-cajon,Fravega,OTRAS,Muebles,Escritorio Para Pc Alaska Madesa 3 Cajones 1 Puerta Blanco,https://www.fravega.com/p/escritorio-para-pc-alaska-madesa-3-cajones-1-puerta-blanco-22627259/,339972.0,219919.0,1,True
FRA-set-x4-sillas-de-diseno-allegra-negra-li,Fravega,OTRAS,Muebles,Set x4 Sillas de Diseño Allegra Negra Living Comedor Cocina,https://www.fravega.com/p/set-x4-sillas-de-diseno-allegra-negra-living-comedor-cocina-601611/,199999.0,118999.0,1,True
FRA-bajo-mesada-etnica-emc-1-60m-kenia-safar,Fravega,OTRAS,Muebles,"Bajo Mesada Étnica EMC 1,60m Kenia Safari y Báltico",https://www.fravega.com/p/bajo-mesada-etnica-emc-1-60m-kenia-safari-y-baltico-20453156/,1350428.0,405128.0,1,True
FRA-placard-ropero-con-baulera-alzada-puerta,Fravega,OTRAS,Muebles,Placard Ropero con Baulera Alzada Puertas Corredizas 240x235,https://www.fravega.com/p/placard-ropero-con-baulera-alzada-puertas-corredizas-240x235-22927456/,1108770.0,862756.0,1,True
FRA-sillon-mesh-ejecutivo-respaldo-alto-sill,Fravega,OTRAS,Muebles,Sillon Mesh Ejecutivo Respaldo Alto Silla Escritorio Pc,https://www.fravega.com/p/sillon-mesh-ejecutivo-respaldo-alto-silla-escritorio-pc-22768546/,138950.0,90317.0,1,True
FRA-placard-180x180-cm-cubos-disenos-moderno,Fravega,OTRAS,Muebles,Placard 180x180 cm cubos Diseños Modernos Blanco,https://www.fravega.com/p/placard-180x180-cm-cubos-disenos-modernos-blanco--21295674/,494998.75,469999.0,1,True
FRA-vanitory-flotante-de-melamina-40-cm-con-,Fravega,OTRAS,Muebles,Vanitory Flotante De Melamina 40 Cm Con Bacha Y Tapa Bacha bimando,https://www.fravega.com/p/vanitory-flotante-de-melamina-40-cm-con-bacha-y-tapa-bacha-bimando-22781268/,96000.0,69999.0,1,True
FRA-biblioteca-centro-estant-l9bl-blanca-180,Fravega,OTRAS,Muebles,Biblioteca Centro Estant L9BL Blanca 180 x 41 cm,https://www.fravega.com/p/biblioteca-centro-estant-l9bl-blanca-180-x-41-cm-600837/,99999.0,74999.0,1,True
FRA-placard-madesa-reno-3-puertas-corredizas,Fravega,OTRAS,Muebles,Placard Madesa Reno 3 Puertas Corredizas 4 Cajones 180 Cm,https://www.fravega.com/p/placard-madesa-reno-3-puertas-corredizas-4-cajones-180-cm-22742410/,1109998.0,599919.0,1,True
FRA-silla-oficina-ultimate-ut-j03-601491,Fravega,OTRAS,Muebles,Silla Oficina Ultimate UT-J03,https://www.fravega.com/p/silla-oficina-ultimate-ut-j03-601491/,199999.0,139999.0,1,True
FRA-placard-ropero-infantil-2-puertas-4-cubo,Fravega,OTRAS,Muebles,Placard Ropero Infantil 2 Puertas 4 Cubos 150x87 Diseños Modernos Blanco,https://www.fravega.com/p/placard-ropero-infantil-2-puertas-4-cubos-150x87-disenos-modernos-blanco-22634299/,204998.75,147999.0,1,True
FRA-maquillador-tocador-con-espejo-hollywood,Fravega,OTRAS,Muebles,Maquillador Tocador con Espejo Hollywood 11 Cajones 1.20m Escritorio Dormitorio (Blanco) + Puff Baulero de regalo,https://www.fravega.com/p/maquillador-tocador-con-espejo-hollywood-11-cajones-1-20m-escritorio-dormitorio-blanco-puff-baulero-de-regalo--22881769/,723597.0,449221.0,1,True
FRA-comoda-mallorca-negro-paraiso-20242083,Fravega,OTRAS,Muebles,Comoda Mallorca negro paraiso,https://www.fravega.com/p/comoda-mallorca-negro-paraiso-20242083/,241780.0,184600.0,1,True
FRA-silla-de-oficina-premium-ultimate-ut-c34,Fravega,OTRAS,Muebles,Silla de Oficina Premium Ultimate UT-C340W Blanco,https://www.fravega.com/p/silla-de-oficina-premium-ultimate-ut-c340w-blanco-601654/,149999.0,99999.0,1,True
FRA-silla-de-oficina-sillon-mesh-respaldo-al,Fravega,OTRAS,Muebles,Silla de Oficina Sillon Mesh Respaldo Alto Ergonomica Escritorio PC,https://www.fravega.com/p/silla-de-oficina-sillon-mesh-respaldo-alto-ergonomica-escritorio-pc-22882143/,199886.0,109446.25,1,True
FRA-placard-ropero-vestidor-puertas-corrediz,Fravega,OTRAS,Muebles,Placard Ropero Vestidor Puertas Corredizas con Baulera 180 x 235,https://www.fravega.com/p/placard-ropero-vestidor-puertas-corredizas-con-baulera-180-x-235-21230020/,805582.0,627198.0,1,True
FRA-despensero-organizador-multifuncion-180-,Fravega,OTRAS,Muebles,Despensero Organizador Multifuncion 180 X 60 Moderno Blanco,https://www.fravega.com/p/despensero-organizador-multifuncion-180-x-60-moderno-blanco-22708524/,157579.0,126063.0,1,True
FRA-sillon-living-esquinero-3-cuerpos-chenil,Fravega,OTRAS,Muebles,Sillon Living Esquinero 3 Cuerpos Chenille Gris Oscuro + Manta + Vaso de Regalo | Promo Invierno,https://www.fravega.com/p/sillon-living-esquinero-3-cuerpos-chenille-gris-oscuro-manta-vaso-de-regalo-promo-invierno-22924551/,2129863.0,799999.0,1,True
FRA-respaldo-de-cama-centro-estant-dali-140-,Fravega,OTRAS,Muebles,Respaldo de cama Centro Estant Dali 140-160 Negro Paraiso,https://www.fravega.com/p/respaldo-de-cama-centro-estant-dali-140-160-negro-paraiso-21184405/,196658.0,125400.0,1,True
FRA-mesa-tv-rack-economica-pintada-de-negro-,Fravega,OTRAS,Muebles,Mesa Tv Rack Económica Pintada De Negro - Mdf Mudanza Living,https://www.fravega.com/p/mesa-tv-rack-economica-pintada-de-negro-mdf-mudanza-living-22834454/,109000.0,70700.0,1,True
FRA-mueble-organizador-alacena-despensero-co,Fravega,OTRAS,Muebles,Mueble Organizador Alacena Despensero Cocina Blanco 4 Puerta Blanco,https://www.fravega.com/p/mueble-organizador-alacena-despensero-cocina-blanco-4-puerta-blanco-22919965/,157691.0,126153.0,1,True
FRA-comoda-mallorca-blanco-paraiso-50001494,Fravega,OTRAS,Muebles,Comoda Mallorca blanco paraiso,https://www.fravega.com/p/comoda-mallorca-blanco-paraiso-50001494/,300454.0,184600.0,1,True
FRA-placard-200x180-cm-cubos-disenos-moderno,Fravega,OTRAS,Muebles,Placard 200x180 cm cubos Diseños Modernos Blanco Paris,https://www.fravega.com/p/placard-200x180-cm-cubos-disenos-modernos-blanco-paris-21295689/,569998.75,493999.0,1,True
FRA-panel-para-tv-hasta-55-con-luces-led-y-d,Fravega,OTRAS,Muebles,Panel para TV hasta 55” con Luces LED y Detalles Varillado – Rack TV Moderno Flotante,https://www.fravega.com/p/panel-para-tv-hasta-55-con-luces-led-y-detalles-varillado--rack-tv-moderno-flotante-22619371/,416340.0,324224.0,1,True
FRA-ropero-placard-de-melamina-4-puertas-cen,Fravega,OTRAS,Muebles,Ropero Placard De Melamina 4 Puertas Centro Estant Libe40bl,https://www.fravega.com/p/ropero-placard-de-melamina-4-puertas-centro-estant-libe40bl-990259031/,369589.0,305999.01,1,True
FRA-mesa-recibidora-de-arrime-auxiliar-con-c,Fravega,OTRAS,Muebles,Mesa Recibidora De Arrime Auxiliar Con Cajón - Patas En Mdf! Blanco,https://www.fravega.com/p/mesa-recibidora-de-arrime-auxiliar-con-cajon-patas-mdf-blanco-22716015/,165000.0,86000.0,1,True
FRA-mesa-ratona-auxiliar-home-make-negra--60,Fravega,OTRAS,Muebles,Mesa Ratona Auxiliar Home Make Negra,https://www.fravega.com/p/mesa-ratona-auxiliar-home-make-negra--601487/,49999.0,19999.0,1,True
FRA-panel-negro-cinamomo-varillado-para-tv-h,Fravega,OTRAS,Muebles,"Panel Negro Cinamomo Varillado para TV hasta 55"" Carpinteria Rivadavia",https://www.fravega.com/p/panel-negro-cinamomo-varillado-para-tv-hasta-55-carpinteria-rivadavia-22701359/,229312.0,178921.0,1,True
FRA-mueble-porta-microondas-horno-electrico-,Fravega,OTRAS,Muebles,MUEBLE PORTA MICROONDAS HORNO ELECTRICO ORGANIZADOR 1 CAJON,https://www.fravega.com/p/mueble-porta-microondas-horno-electrico-organizador-1-cajon-22919955/,147771.0,118217.0,1,True
FRA-despensero-2-maxi-puertas-centro-estant-,Fravega,OTRAS,Muebles,Despensero 2 Maxi Puertas Centro Estant DIS4 Blanco 180 x 60 cm,https://www.fravega.com/p/despensero-2-maxi-puertas-centro-estant-dis4-blanco-180-x-60-cm-600010/,199999.0,149999.0,1,True
FRA-escritorio-para-pc-alaska-madesa-3-cajon,Fravega,OTRAS,Muebles,Escritorio Para Pc Alaska Madesa 3 Cajones 1 Puerta Blanco,https://www.fravega.com/p/escritorio-para-pc-alaska-madesa-3-cajones-1-puerta-blanco-22627259/,339972.0,219919.0,1,True
FRA-set-x4-sillas-de-diseno-allegra-negra-li,Fravega,OTRAS,Muebles,Set x4 Sillas de Diseño Allegra Negra Living Comedor Cocina,https://www.fravega.com/p/set-x4-sillas-de-diseno-allegra-negra-living-comedor-cocina-601611/,199999.0,118999.0,1,True
FRA-bajo-mesada-etnica-emc-1-60m-kenia-safar,Fravega,OTRAS,Muebles,"Bajo Mesada Étnica EMC 1,60m Kenia Safari y Báltico",https://www.fravega.com/p/bajo-mesada-etnica-emc-1-60m-kenia-safari-y-baltico-20453156/,1350428.0,405128.0,1,True
FRA-placard-ropero-con-baulera-alzada-puerta,Fravega,OTRAS,Muebles,Placard Ropero con Baulera Alzada Puertas Corredizas 240x235,https://www.fravega.com/p/placard-ropero-con-baulera-alzada-puertas-corredizas-240x235-22927456/,1108770.0,862756.0,1,True
FRA-sillon-mesh-ejecutivo-respaldo-alto-sill,Fravega,OTRAS,Muebles,Sillon Mesh Ejecutivo Respaldo Alto Silla Escritorio Pc,https://www.fravega.com/p/sillon-mesh-ejecutivo-respaldo-alto-silla-escritorio-pc-22768546/,138950.0,90317.0,1,True
FRA-placard-180x180-cm-cubos-disenos-moderno,Fravega,OTRAS,Muebles,Placard 180x180 cm cubos Diseños Modernos Blanco,https://www.fravega.com/p/placard-180x180-cm-cubos-disenos-modernos-blanco--21295674/,494998.75,469999.0,1,True
FRA-vanitory-flotante-de-melamina-40-cm-con-,Fravega,OTRAS,Muebles,Vanitory Flotante De Melamina 40 Cm Con Bacha Y Tapa Bacha bimando,https://www.fravega.com/p/vanitory-flotante-de-melamina-40-cm-con-bacha-y-tapa-bacha-bimando-22781268/,96000.0,69999.0,1,True
FRA-biblioteca-centro-estant-l9bl-blanca-180,Fravega,OTRAS,Muebles,Biblioteca Centro Estant L9BL Blanca 180 x 41 cm,https://www.fravega.com/p/biblioteca-centro-estant-l9bl-blanca-180-x-41-cm-600837/,99999.0,74999.0,1,True
FRA-placard-madesa-reno-3-puertas-corredizas,Fravega,OTRAS,Muebles,Placard Madesa Reno 3 Puertas Corredizas 4 Cajones 180 Cm,https://www.fravega.com/p/placard-madesa-reno-3-puertas-corredizas-4-cajones-180-cm-22742410/,1109998.0,599919.0,1,True
FRA-silla-oficina-ultimate-ut-j03-601491,Fravega,OTRAS,Muebles,Silla Oficina Ultimate UT-J03,https://www.fravega.com/p/silla-oficina-ultimate-ut-j03-601491/,199999.0,139999.0,1,True
FRA-placard-ropero-infantil-2-puertas-4-cubo,Fravega,OTRAS,Muebles,Placard Ropero Infantil 2 Puertas 4 Cubos 150x87 Diseños Modernos Blanco,https://www.fravega.com/p/placard-ropero-infantil-2-puertas-4-cubos-150x87-disenos-modernos-blanco-22634299/,204998.75,147999.0,1,True
FRA-maquillador-tocador-con-espejo-hollywood,Fravega,OTRAS,Muebles,Maquillador Tocador con Espejo Hollywood 11 Cajones 1.20m Escritorio Dormitorio (Blanco) + Puff Baulero de regalo,https://www.fravega.com/p/maquillador-tocador-con-espejo-hollywood-11-cajones-1-20m-escritorio-dormitorio-blanco-puff-baulero-de-regalo--22881769/,723597.0,449221.0,1,True
FRA-comoda-mallorca-negro-paraiso-20242083,Fravega,OTRAS,Muebles,Comoda Mallorca negro paraiso,https://www.fravega.com/p/comoda-mallorca-negro-paraiso-20242083/,241780.0,184600.0,1,True
FRA-silla-de-oficina-premium-ultimate-ut-c34,Fravega,OTRAS,Muebles,Silla de Oficina Premium Ultimate UT-C340W Blanco,https://www.fravega.com/p/silla-de-oficina-premium-ultimate-ut-c340w-blanco-601654/,149999.0,99999.0,1,True
FRA-silla-de-oficina-sillon-mesh-respaldo-al,Fravega,OTRAS,Muebles,Silla de Oficina Sillon Mesh Respaldo Alto Ergonomica Escritorio PC,https://www.fravega.com/p/silla-de-oficina-sillon-mesh-respaldo-alto-ergonomica-escritorio-pc-22882143/,199886.0,109446.25,1,True
FRA--placard-vestidor-180x180-cm-cubos-disen,Fravega,OTRAS,Muebles,Placard Vestidor 180x180 cm cubos Diseños Modernos Blanco,https://www.fravega.com/p/-placard-vestidor-180x180-cm-cubos-disenos-modernos-blanco-21295817/,471248.75,369999.0,1,True
FRA-placard-ropero-140x180-cm-disenos-modern,Fravega,OTRAS,Muebles,Placard Ropero 140x180 cm Diseños Modernos Blanco,https://www.fravega.com/p/placard-ropero-140x180-cm-disenos-modernos-blanco-21454356/,544998.75,449999.0,1,True
FRA-escritorio-2-cajones-centro-estant-paris,Fravega,OTRAS,Muebles,Escritorio 2 Cajones Centro Estant Paris SC1250 Blanco,https://www.fravega.com/p/escritorio-2-cajones-centro-estant-paris-sc1250-blanco-600861/,199999.0,129999.0,1,True
FRA-mesa-de-luz-orlandi-jacaranda--601500,Fravega,OTRAS,Muebles,Mesa de Luz Orlandi Jacaranda,https://www.fravega.com/p/mesa-de-luz-orlandi-jacaranda--601500/,70999.0,49999.0,1,True
FRA-organizador-de-escritorio-porta-lapices-,Fravega,OTRAS,Muebles,Organizador De Escritorio Porta Lapices de Bamboo Con Cajon Waggs,https://www.fravega.com/p/organizador-de-escritorio-porta-lapices-de-bamboo-con-cajon-waggs--21464314/,36385.99,15599.0,1,True
FRA-mueble-zapatero-organizador-estantes-8-n,Fravega,OTRAS,Muebles,Mueble Zapatero Organizador Estantes 8 Niveles Hogar Actual,https://www.fravega.com/p/mueble-zapatero-organizador-estantes-8-niveles-hogar-actual-990227441/,43249.0,28099.0,1,True
FRA-placard-madesa-max-2-puertas-corredizas-,Fravega,OTRAS,Muebles,Placard Madesa Max 2 Puertas Corredizas 2 Cajones 119x183 Cm,https://www.fravega.com/p/placard-madesa-max-2-puertas-corredizas-2-cajones-119x183-cm-22626732/,419972.0,299919.0,1,True
FRA-placard-ricchezze-tana-eco-moccha-4-puer,Fravega,OTRAS,Muebles,Placard Ricchezze Tana Eco Moccha 4 Puertas 182 x 113 cm,https://www.fravega.com/p/placard-ricchezze-tana-eco-moccha-4-puertas-182-x-113-cm-601657/,229999.0,179999.0,1,True
FRA-mesa-de-luz-con-desayunador-centro-estan,Fravega,OTRAS,Muebles,Mesa de Luz con Desayunador Centro Estant MLDBL Blanco,https://www.fravega.com/p/mesa-de-luz-con-desayunador-centro-estant-mldbl-blanco-600668/,99999.0,79999.0,1,True
FRA-placard-perfileria-de-aluminio-carpinter,Fravega,OTRAS,Muebles,Placard Perfileria de Aluminio Carpinteria Rivadavia Linea Delta,https://www.fravega.com/p/placard-perfileria-de-aluminio-carpinteria-rivadavia-linea-delta-20007885/,629300.0,490404.0,1,True
FRA-juego-de-comedor-madesa-analu-con-6-sill,Fravega,OTRAS,Muebles,Juego de Comedor Madesa Analu con 6 Sillas,https://www.fravega.com/p/juego-de-comedor-madesa-analu-con-6-sillas-22627081/,509972.0,389919.0,1,True
FRA-sillas-eames-comedor-plastico-patas-de-m,Fravega,OTRAS,Muebles,Sillas Eames Comedor Plástico Patas De Madera Diseño X6 Uni,https://www.fravega.com/p/sillas-eames-comedor-plastico-patas-de-madera-diseno-x6-uni-22747690/,363097.0,221489.0,1,True
FRA-escritorio-maquillador-mueble-tocador-co,Fravega,OTRAS,Muebles,Escritorio Maquillador Mueble Tocador Con Espejo Juvenil con Cajones Color Blanco Dormitorio,https://www.fravega.com/p/escritorio-maquillador-mueble-tocador-con-espejo-juvenil-con-cajones-color-blanco-dormitorio-22881773/,399846.0,189221.0,1,True
FRA-colchon-caja-sueno-dorado-box-rolo-2-pla,Fravega,OTRAS,Colchones y Sommiers,Colchón en Caja Sueño Dorado Box Rolo 2 Plazas 140x190 cm,https://www.fravega.com/p/colchon-caja-sueno-dorado-box-rolo-2-plazas-140x190-cm-610783/,599999.0,399999.0,1,True
FRA-conjunto-sommier-y-colchon-de-espuma-kin,Fravega,OTRAS,Colchones y Sommiers,Conjunto Sommier y Colchón de espuma King Koil Bradford Super King 200x200 cm,https://www.fravega.com/p/conjunto-sommier-y-colchon-de-espuma-king-koil-bradford-super-king-200x200-cm-20027553/,2746665.0,1647999.0,1,True
FRA-estelar-descanso-sommier-2x2-king-pillow,Fravega,OTRAS,Colchones y Sommiers,Estelar Descanso Sommier 2x2 King Pillow Alta Densidad,https://www.fravega.com/p/estelar-descanso-sommier-2x2-king-pillow-alta-densidad-22514474/,1499900.0,899900.0,1,True
FRA-colchon-de-resortes-king-koil-lexington-,Fravega,OTRAS,Colchones y Sommiers,Colchón de resortes King Koil Lexington Queen Size 160x200 cm con SOMMIER DE REGALO,https://www.fravega.com/p/colchon-de-resortes-king-koil-lexington-queen-size-160x200-cm-con-sommier-de-regalo-50003050/,3976665.0,2385999.0,1,True
FRA-conjunto-sommier-y-colchon-suavestar-del,Fravega,OTRAS,Colchones y Sommiers,Conjunto Sommier y Colchón Suavestar Deluxe 2 Plazas 140x190 cm,https://www.fravega.com/p/conjunto-sommier-y-colchon-suavestar-deluxe-2-plazas-140x190-cm-610593/,799999.0,549999.0,1,True
FRA-colchon-y-sommier-arcoiris-rio-2-plazas-,Fravega,OTRAS,Colchones y Sommiers,Colchón y Sommier Arcoiris Rio 2 Plazas 140x190 Resortes,https://www.fravega.com/p/colchon-y-sommier-arcoiris-rio-2-plazas-140x190-resortes-20007026/,1337880.0,559900.0,1,True
FRA-combo-conjunto-sommier-elite-alumine-2-p,Fravega,OTRAS,Colchones y Sommiers,Combo Conjunto Sommier Elite Aluminé 2 Plazas (140x190 cm) + Respaldo Pana Velvet + 2 Almohadas de Regalo,https://www.fravega.com/p/combo-conjunto-sommier-elite-alumine-2-plazas-140x190-cm-respaldo-pana-velvet-2-almohadas-de-regalo-610825/,899999.0,629999.0,1,True
FRA-conjunto-sommier-y-colchon-de-resortes-k,Fravega,OTRAS,Colchones y Sommiers,Conjunto Sommier y Colchón de resortes King Koil 120 Gold - Luxury Pocket Super King 200x200 cm,https://www.fravega.com/p/conjunto-sommier-y-colchon-de-resortes-king-koil-120-gold-luxury-pocket-super-king-200x200-cm-22490798/,3438398.0,2148999.0,1,True
FRA-conjunto-sommier-y-colchon-suavestar-cen,Fravega,OTRAS,Colchones y Sommiers,Conjunto Sommier y Colchón Suavestar Centuria Queen (2 Plazas y Media) (160x200 cm) - Espuma 35 kg/m³,https://www.fravega.com/p/conjunto-sommier-y-colchon-suavestar-centuria-queen-2-plazas-y-media-160x200-cm-espuma-35-kg-m-610628/,1499999.0,949999.0,1,True
FRA-sommier-y-colchon-bicama-de-resortes-1-1,Fravega,OTRAS,Colchones y Sommiers,Sommier y Colchón Bicama de Resortes 1 1/2 Plaza Inducol Agra 100x200 Cm,https://www.fravega.com/p/sommier-y-colchon-bicama-de-resortes-1-1-2-plaza-inducol-agra-100x200-cm-20190986/,1559998.0,935999.0,1,True
FRA-conjunto-sommier-y-colchon-suavestar-spo,Fravega,OTRAS,Colchones y Sommiers,Conjunto Sommier y Colchón Suavestar Sport 1 Plaza y Media 100x190 cm,https://www.fravega.com/p/conjunto-sommier-y-colchon-suavestar-sport-1-plaza-y-media-100x190-cm-610923/,699999.0,515999.0,1,True
FRA-colchon-suavestar-sport-espuma-2-plazas-,Fravega,OTRAS,Colchones y Sommiers,Colchón Suavestar Sport  Espuma 2 Plazas 140x190 cm,https://www.fravega.com/p/colchon-suavestar-sport-espuma-2-plazas-140x190-cm-610657/,599999.0,449999.0,1,True
FRA-combo-2230-norcee-140x190-sommier-colcho,Fravega,OTRAS,Colchones y Sommiers,Combo 2230 NORCEE 140x190 Sommier + Colchón + Respaldo y 2 almohadas de regalo Espuma Alta Densidad,https://www.fravega.com/p/combo-2230-norcee-140x190-sommier-colchon-respaldo-y-2-almohadas-de-regalo-espuma-alta-densidad-22708009/,3552337.0,1049000.0,1,True
FRA-conjunto-sommier-y-colchon-nap-franklin-,Fravega,OTRAS,Colchones y Sommiers,Conjunto Sommier y Colchón NAP Franklin 2 Plazas (140x190 cm) - Espuma Alta Densidad,https://www.fravega.com/p/conjunto-sommier-y-colchon-nap-franklin-2-plazas-140x190-cm-espuma-alta-densidad-610868/,539999.0,379999.0,1,True
FRA-sommier-y-colchon-2230-norcee-pillow-140,Fravega,OTRAS,Colchones y Sommiers,Sommier y Colchón 2230 Norcee Pillow 140x190 Espuma Alta Densidad con 2 Almohadas de Regalo,https://www.fravega.com/p/sommier-y-colchon-2230-norcee-pillow-140x190-espuma-alta-densidad-con-2-almohadas-de-regalo-22526253/,3989698.0,1199000.0,1,True
FRA-conjunto-sommier-y-colchon-elite-sonar-2,Fravega,OTRAS,Colchones y Sommiers,Conjunto Sommier y Colchón Elite Soñar 2 Plazas 140x190 cm,https://www.fravega.com/p/conjunto-sommier-y-colchon-elite-sonar-2-plazas-140x190-cm-610926/,710999.0,499999.0,1,True
FRA-conjunto-sommier-y-colchon-elite-everest,Fravega,OTRAS,Colchones y Sommiers,Conjunto Sommier y Colchón Elite Everest 2 Plazas (140x190 cm) - Espuma Alta Densidad,https://www.fravega.com/p/conjunto-sommier-y-colchon-elite-everest-2-plazas-140x190-cm-espuma-alta-densidad-610860/,699999.0,499999.0,1,True
FRA-conjunto-sommier-y-colchon-sueno-dorado-,Fravega,OTRAS,Colchones y Sommiers,Conjunto Sommier y Colchón Sueño Dorado Denver Plus Súper King Size (200x200 cm) - Espuma Alta Densidad,https://www.fravega.com/p/conjunto-sommier-y-colchon-sueno-dorado-denver-plus-super-king-size-200x200-cm-espuma-alta-densidad-610781/,1999999.0,1499999.0,1,True
FRA-sommier-sueno-dorado-dubai-queen-size-16,Fravega,OTRAS,Colchones y Sommiers,Sommier Sueño Dorado Dubái Queen Size 160 X 200 Cm,https://www.fravega.com/p/sommier-sueno-dorado-dubai-queen-size-160-x-200-cm-990042390/,3665200.0,1390999.0,1,True
FRA-combo-sommier-colchon-respaldo-y-2-almoh,Fravega,OTRAS,Colchones y Sommiers,Combo Sommier + Colchón + Respaldo y 2 almohadas de regalo 2230 SYRMA 140x190 Espuma Alta Densidad,https://www.fravega.com/p/combo-sommier-colchon-respaldo-y-2-almohadas-de-regalo-2230-syrma-140x190-espuma-alta-densidad-22652849/,2649076.0,720000.0,1,True
FRA-colchon-cannon-espuma-tropical-1-plaza-8,Fravega,OTRAS,Colchones y Sommiers,Colchón Cannon Espuma Tropical 1 Plaza 80x190x18,https://www.fravega.com/p/colchon-cannon-espuma-tropical-1-plaza-80x190x18-610638/,179999.0,119999.0,1,True
FRA-conjunto-sommier-y-colchon-elite-lanin-1,Fravega,OTRAS,Colchones y Sommiers,Conjunto Sommier y Colchón Elite Lanin 1 Plaza y Media 100x190 cm + Almohada de Regalo,https://www.fravega.com/p/conjunto-sommier-y-colchon-elite-lanin-1-plaza-y-media-100x190-cm-almohada-de-regalo-610794/,499999.0,329999.0,1,True
FRA-conjunto-sommier-y-colchon-elite-lanin-2,Fravega,OTRAS,Colchones y Sommiers,Conjunto Sommier y Colchón Elite Lanin 2 Plazas 140x190 cm,https://www.fravega.com/p/conjunto-sommier-y-colchon-elite-lanin-2-plazas-140x190-cm-610725/,799999.0,449999.0,1,True
FRA-conjunto-sommier-y-colchon-suavestar-spo,Fravega,OTRAS,Colchones y Sommiers,Conjunto Sommier y Colchón Suavestar Sport 2 Plazas 140x190 cm,https://www.fravega.com/p/conjunto-sommier-y-colchon-suavestar-sport-2-plazas-140x190-cm-610670/,929999.0,619999.0,1,True
FRA-colchon-gani-aquiles-3-0-190x080x25-1-pl,Fravega,OTRAS,Colchones y Sommiers,Colchón Gani Aquiles 3.0 190X080X25 1 Plaza,https://www.fravega.com/p/colchon-gani-aquiles-3-0-190x080x25-1-plaza-20032036/,523690.0,199002.0,1,True
FRA-colchon-suavestar-espuma-deluxe-1-plaza-,Fravega,OTRAS,Colchones y Sommiers,Colchón Suavestar Espuma Deluxe 1 Plaza 80x190 cm,https://www.fravega.com/p/colchon-suavestar-espuma-deluxe-1-plaza-80x190-cm-610495/,399999.0,199999.0,1,True
FRA-conjunto-sommier-y-colchon-elite-lanin-1,Fravega,OTRAS,Colchones y Sommiers,Conjunto Sommier y Colchón Elite Lanin 1 Plaza (80x190 cm) - Espuma + Almohada de Regalo,https://www.fravega.com/p/conjunto-sommier-y-colchon-elite-lanin-1-plaza-80x190-cm-espuma-almohada-de-regalo-610760/,399999.0,289999.0,1,True
FRA-colchon-estelar-spot-80x190-espuma--2164,Fravega,OTRAS,Colchones y Sommiers,Colchon Estelar Spot 80x190 Espuma,https://www.fravega.com/p/colchon-estelar-spot-80x190-espuma--21643609/,229900.0,99900.0,1,True
FRA-colchon-2-plazas-caja-190x140x23-resorte,Fravega,OTRAS,Colchones y Sommiers,Colchon 2 Plazas En Caja 190x140x23 Resortes Y Espuma Hybrid Premium Calidad Color Blanco,https://www.fravega.com/p/colchon-2-plazas-caja-190x140x23-resortes-y-espuma-hybrid-premium-calidad-color-blanco-22882136/,699441.0,359441.0,1,True
FRA-sommier-cl-estelar-140x190-espuma-2-almo,Fravega,OTRAS,Colchones y Sommiers,Sommier CL Estelar 140x190 Espuma + 2 Almohadas de Regalo,https://www.fravega.com/p/sommier-cl-estelar-140x190-espuma-2-almohadas-de-regalo-20046532/,899900.0,454900.0,1,True
FRA-colchon-caja-sueno-dorado-box-rolo-2-pla,Fravega,OTRAS,Colchones y Sommiers,Colchón en Caja Sueño Dorado Box Rolo 2 Plazas 140x190 cm,https://www.fravega.com/p/colchon-caja-sueno-dorado-box-rolo-2-plazas-140x190-cm-610783/,599999.0,399999.0,1,True
FRA-conjunto-sommier-y-colchon-de-espuma-kin,Fravega,OTRAS,Colchones y Sommiers,Conjunto Sommier y Colchón de espuma King Koil Bradford Super King 200x200 cm,https://www.fravega.com/p/conjunto-sommier-y-colchon-de-espuma-king-koil-bradford-super-king-200x200-cm-20027553/,2746665.0,1647999.0,1,True
FRA-estelar-descanso-sommier-2x2-king-pillow,Fravega,OTRAS,Colchones y Sommiers,Estelar Descanso Sommier 2x2 King Pillow Alta Densidad,https://www.fravega.com/p/estelar-descanso-sommier-2x2-king-pillow-alta-densidad-22514474/,1499900.0,899900.0,1,True
FRA-colchon-de-resortes-king-koil-lexington-,Fravega,OTRAS,Colchones y Sommiers,Colchón de resortes King Koil Lexington Queen Size 160x200 cm con SOMMIER DE REGALO,https://www.fravega.com/p/colchon-de-resortes-king-koil-lexington-queen-size-160x200-cm-con-sommier-de-regalo-50003050/,3976665.0,2385999.0,1,True
FRA-conjunto-sommier-y-colchon-suavestar-del,Fravega,OTRAS,Colchones y Sommiers,Conjunto Sommier y Colchón Suavestar Deluxe 2 Plazas 140x190 cm,https://www.fravega.com/p/conjunto-sommier-y-colchon-suavestar-deluxe-2-plazas-140x190-cm-610593/,799999.0,549999.0,1,True
FRA-colchon-y-sommier-arcoiris-rio-2-plazas-,Fravega,OTRAS,Colchones y Sommiers,Colchón y Sommier Arcoiris Rio 2 Plazas 140x190 Resortes,https://www.fravega.com/p/colchon-y-sommier-arcoiris-rio-2-plazas-140x190-resortes-20007026/,1337880.0,559900.0,1,True
FRA-combo-conjunto-sommier-elite-alumine-2-p,Fravega,OTRAS,Colchones y Sommiers,Combo Conjunto Sommier Elite Aluminé 2 Plazas (140x190 cm) + Respaldo Pana Velvet + 2 Almohadas de Regalo,https://www.fravega.com/p/combo-conjunto-sommier-elite-alumine-2-plazas-140x190-cm-respaldo-pana-velvet-2-almohadas-de-regalo-610825/,899999.0,629999.0,1,True
FRA-conjunto-sommier-y-colchon-de-resortes-k,Fravega,OTRAS,Colchones y Sommiers,Conjunto Sommier y Colchón de resortes King Koil 120 Gold - Luxury Pocket Super King 200x200 cm,https://www.fravega.com/p/conjunto-sommier-y-colchon-de-resortes-king-koil-120-gold-luxury-pocket-super-king-200x200-cm-22490798/,3438398.0,2148999.0,1,True
FRA-conjunto-sommier-y-colchon-suavestar-cen,Fravega,OTRAS,Colchones y Sommiers,Conjunto Sommier y Colchón Suavestar Centuria Queen (2 Plazas y Media) (160x200 cm) - Espuma 35 kg/m³,https://www.fravega.com/p/conjunto-sommier-y-colchon-suavestar-centuria-queen-2-plazas-y-media-160x200-cm-espuma-35-kg-m-610628/,1499999.0,949999.0,1,True
FRA-sommier-y-colchon-bicama-de-resortes-1-1,Fravega,OTRAS,Colchones y Sommiers,Sommier y Colchón Bicama de Resortes 1 1/2 Plaza Inducol Agra 100x200 Cm,https://www.fravega.com/p/sommier-y-colchon-bicama-de-resortes-1-1-2-plaza-inducol-agra-100x200-cm-20190986/,1559998.0,935999.0,1,True
FRA-conjunto-sommier-y-colchon-suavestar-spo,Fravega,OTRAS,Colchones y Sommiers,Conjunto Sommier y Colchón Suavestar Sport 1 Plaza y Media 100x190 cm,https://www.fravega.com/p/conjunto-sommier-y-colchon-suavestar-sport-1-plaza-y-media-100x190-cm-610923/,699999.0,515999.0,1,True
FRA-colchon-suavestar-sport-espuma-2-plazas-,Fravega,OTRAS,Colchones y Sommiers,Colchón Suavestar Sport  Espuma 2 Plazas 140x190 cm,https://www.fravega.com/p/colchon-suavestar-sport-espuma-2-plazas-140x190-cm-610657/,599999.0,449999.0,1,True
FRA-combo-2230-norcee-140x190-sommier-colcho,Fravega,OTRAS,Colchones y Sommiers,Combo 2230 NORCEE 140x190 Sommier + Colchón + Respaldo y 2 almohadas de regalo Espuma Alta Densidad,https://www.fravega.com/p/combo-2230-norcee-140x190-sommier-colchon-respaldo-y-2-almohadas-de-regalo-espuma-alta-densidad-22708009/,3552337.0,1049000.0,1,True
FRA-conjunto-sommier-y-colchon-nap-franklin-,Fravega,OTRAS,Colchones y Sommiers,Conjunto Sommier y Colchón NAP Franklin 2 Plazas (140x190 cm) - Espuma Alta Densidad,https://www.fravega.com/p/conjunto-sommier-y-colchon-nap-franklin-2-plazas-140x190-cm-espuma-alta-densidad-610868/,539999.0,379999.0,1,True
FRA-sommier-y-colchon-2230-norcee-pillow-140,Fravega,OTRAS,Colchones y Sommiers,Sommier y Colchón 2230 Norcee Pillow 140x190 Espuma Alta Densidad con 2 Almohadas de Regalo,https://www.fravega.com/p/sommier-y-colchon-2230-norcee-pillow-140x190-espuma-alta-densidad-con-2-almohadas-de-regalo-22526253/,3989698.0,1199000.0,1,True
FRA-conjunto-sommier-y-colchon-elite-sonar-2,Fravega,OTRAS,Colchones y Sommiers,Conjunto Sommier y Colchón Elite Soñar 2 Plazas 140x190 cm,https://www.fravega.com/p/conjunto-sommier-y-colchon-elite-sonar-2-plazas-140x190-cm-610926/,710999.0,499999.0,1,True
FRA-conjunto-sommier-y-colchon-elite-everest,Fravega,OTRAS,Colchones y Sommiers,Conjunto Sommier y Colchón Elite Everest 2 Plazas (140x190 cm) - Espuma Alta Densidad,https://www.fravega.com/p/conjunto-sommier-y-colchon-elite-everest-2-plazas-140x190-cm-espuma-alta-densidad-610860/,699999.0,499999.0,1,True
FRA-conjunto-sommier-y-colchon-sueno-dorado-,Fravega,OTRAS,Colchones y Sommiers,Conjunto Sommier y Colchón Sueño Dorado Denver Plus Súper King Size (200x200 cm) - Espuma Alta Densidad,https://www.fravega.com/p/conjunto-sommier-y-colchon-sueno-dorado-denver-plus-super-king-size-200x200-cm-espuma-alta-densidad-610781/,1999999.0,1499999.0,1,True
FRA-sommier-sueno-dorado-dubai-queen-size-16,Fravega,OTRAS,Colchones y Sommiers,Sommier Sueño Dorado Dubái Queen Size 160 X 200 Cm,https://www.fravega.com/p/sommier-sueno-dorado-dubai-queen-size-160-x-200-cm-990042390/,3665200.0,1390999.0,1,True
FRA-combo-sommier-colchon-respaldo-y-2-almoh,Fravega,OTRAS,Colchones y Sommiers,Combo Sommier + Colchón + Respaldo y 2 almohadas de regalo 2230 SYRMA 140x190 Espuma Alta Densidad,https://www.fravega.com/p/combo-sommier-colchon-respaldo-y-2-almohadas-de-regalo-2230-syrma-140x190-espuma-alta-densidad-22652849/,2649076.0,720000.0,1,True
FRA-colchon-cannon-espuma-tropical-1-plaza-8,Fravega,OTRAS,Colchones y Sommiers,Colchón Cannon Espuma Tropical 1 Plaza 80x190x18,https://www.fravega.com/p/colchon-cannon-espuma-tropical-1-plaza-80x190x18-610638/,179999.0,119999.0,1,True
FRA-conjunto-sommier-y-colchon-elite-lanin-1,Fravega,OTRAS,Colchones y Sommiers,Conjunto Sommier y Colchón Elite Lanin 1 Plaza y Media 100x190 cm + Almohada de Regalo,https://www.fravega.com/p/conjunto-sommier-y-colchon-elite-lanin-1-plaza-y-media-100x190-cm-almohada-de-regalo-610794/,499999.0,329999.0,1,True
FRA-conjunto-sommier-y-colchon-elite-lanin-2,Fravega,OTRAS,Colchones y Sommiers,Conjunto Sommier y Colchón Elite Lanin 2 Plazas 140x190 cm,https://www.fravega.com/p/conjunto-sommier-y-colchon-elite-lanin-2-plazas-140x190-cm-610725/,799999.0,449999.0,1,True
FRA-conjunto-sommier-y-colchon-suavestar-spo,Fravega,OTRAS,Colchones y Sommiers,Conjunto Sommier y Colchón Suavestar Sport 2 Plazas 140x190 cm,https://www.fravega.com/p/conjunto-sommier-y-colchon-suavestar-sport-2-plazas-140x190-cm-610670/,929999.0,619999.0,1,True
FRA-colchon-gani-aquiles-3-0-190x080x25-1-pl,Fravega,OTRAS,Colchones y Sommiers,Colchón Gani Aquiles 3.0 190X080X25 1 Plaza,https://www.fravega.com/p/colchon-gani-aquiles-3-0-190x080x25-1-plaza-20032036/,523690.0,199002.0,1,True
FRA-colchon-suavestar-espuma-deluxe-1-plaza-,Fravega,OTRAS,Colchones y Sommiers,Colchón Suavestar Espuma Deluxe 1 Plaza 80x190 cm,https://www.fravega.com/p/colchon-suavestar-espuma-deluxe-1-plaza-80x190-cm-610495/,399999.0,199999.0,1,True
FRA-conjunto-sommier-y-colchon-elite-lanin-1,Fravega,OTRAS,Colchones y Sommiers,Conjunto Sommier y Colchón Elite Lanin 1 Plaza (80x190 cm) - Espuma + Almohada de Regalo,https://www.fravega.com/p/conjunto-sommier-y-colchon-elite-lanin-1-plaza-80x190-cm-espuma-almohada-de-regalo-610760/,399999.0,289999.0,1,True
FRA-colchon-estelar-spot-80x190-espuma--2164,Fravega,OTRAS,Colchones y Sommiers,Colchon Estelar Spot 80x190 Espuma,https://www.fravega.com/p/colchon-estelar-spot-80x190-espuma--21643609/,229900.0,99900.0,1,True
FRA-colchon-2-plazas-caja-190x140x23-resorte,Fravega,OTRAS,Colchones y Sommiers,Colchon 2 Plazas En Caja 190x140x23 Resortes Y Espuma Hybrid Premium Calidad Color Blanco,https://www.fravega.com/p/colchon-2-plazas-caja-190x140x23-resortes-y-espuma-hybrid-premium-calidad-color-blanco-22882136/,699441.0,359441.0,1,True
FRA-sommier-cl-estelar-140x190-espuma-2-almo,Fravega,OTRAS,Colchones y Sommiers,Sommier CL Estelar 140x190 Espuma + 2 Almohadas de Regalo,https://www.fravega.com/p/sommier-cl-estelar-140x190-espuma-2-almohadas-de-regalo-20046532/,899900.0,454900.0,1,True
FRA-colchon-caja-sueno-dorado-box-rolo-2-pla,Fravega,OTRAS,Colchones y Sommiers,Colchón en Caja Sueño Dorado Box Rolo 2 Plazas 140x190 cm,https://www.fravega.com/p/colchon-caja-sueno-dorado-box-rolo-2-plazas-140x190-cm-610783/,599999.0,399999.0,1,True
FRA-conjunto-sommier-y-colchon-de-espuma-kin,Fravega,OTRAS,Colchones y Sommiers,Conjunto Sommier y Colchón de espuma King Koil Bradford Super King 200x200 cm,https://www.fravega.com/p/conjunto-sommier-y-colchon-de-espuma-king-koil-bradford-super-king-200x200-cm-20027553/,2746665.0,1647999.0,1,True
FRA-estelar-descanso-sommier-2x2-king-pillow,Fravega,OTRAS,Colchones y Sommiers,Estelar Descanso Sommier 2x2 King Pillow Alta Densidad,https://www.fravega.com/p/estelar-descanso-sommier-2x2-king-pillow-alta-densidad-22514474/,1499900.0,899900.0,1,True
FRA-colchon-de-resortes-king-koil-lexington-,Fravega,OTRAS,Colchones y Sommiers,Colchón de resortes King Koil Lexington Queen Size 160x200 cm con SOMMIER DE REGALO,https://www.fravega.com/p/colchon-de-resortes-king-koil-lexington-queen-size-160x200-cm-con-sommier-de-regalo-50003050/,3976665.0,2385999.0,1,True
FRA-conjunto-sommier-y-colchon-suavestar-del,Fravega,OTRAS,Colchones y Sommiers,Conjunto Sommier y Colchón Suavestar Deluxe 2 Plazas 140x190 cm,https://www.fravega.com/p/conjunto-sommier-y-colchon-suavestar-deluxe-2-plazas-140x190-cm-610593/,799999.0,549999.0,1,True
FRA-colchon-y-sommier-arcoiris-rio-2-plazas-,Fravega,OTRAS,Colchones y Sommiers,Colchón y Sommier Arcoiris Rio 2 Plazas 140x190 Resortes,https://www.fravega.com/p/colchon-y-sommier-arcoiris-rio-2-plazas-140x190-resortes-20007026/,1337880.0,559900.0,1,True
FRA-combo-conjunto-sommier-elite-alumine-2-p,Fravega,OTRAS,Colchones y Sommiers,Combo Conjunto Sommier Elite Aluminé 2 Plazas (140x190 cm) + Respaldo Pana Velvet + 2 Almohadas de Regalo,https://www.fravega.com/p/combo-conjunto-sommier-elite-alumine-2-plazas-140x190-cm-respaldo-pana-velvet-2-almohadas-de-regalo-610825/,899999.0,629999.0,1,True
FRA-conjunto-sommier-y-colchon-de-resortes-k,Fravega,OTRAS,Colchones y Sommiers,Conjunto Sommier y Colchón de resortes King Koil 120 Gold - Luxury Pocket Super King 200x200 cm,https://www.fravega.com/p/conjunto-sommier-y-colchon-de-resortes-king-koil-120-gold-luxury-pocket-super-king-200x200-cm-22490798/,3438398.0,2148999.0,1,True
FRA-conjunto-sommier-y-colchon-suavestar-cen,Fravega,OTRAS,Colchones y Sommiers,Conjunto Sommier y Colchón Suavestar Centuria Queen (2 Plazas y Media) (160x200 cm) - Espuma 35 kg/m³,https://www.fravega.com/p/conjunto-sommier-y-colchon-suavestar-centuria-queen-2-plazas-y-media-160x200-cm-espuma-35-kg-m-610628/,1499999.0,949999.0,1,True
FRA-sommier-y-colchon-bicama-de-resortes-1-1,Fravega,OTRAS,Colchones y Sommiers,Sommier y Colchón Bicama de Resortes 1 1/2 Plaza Inducol Agra 100x200 Cm,https://www.fravega.com/p/sommier-y-colchon-bicama-de-resortes-1-1-2-plaza-inducol-agra-100x200-cm-20190986/,1559998.0,935999.0,1,True
FRA-conjunto-sommier-y-colchon-suavestar-spo,Fravega,OTRAS,Colchones y Sommiers,Conjunto Sommier y Colchón Suavestar Sport 1 Plaza y Media 100x190 cm,https://www.fravega.com/p/conjunto-sommier-y-colchon-suavestar-sport-1-plaza-y-media-100x190-cm-610923/,699999.0,515999.0,1,True
FRA-colchon-suavestar-sport-espuma-2-plazas-,Fravega,OTRAS,Colchones y Sommiers,Colchón Suavestar Sport  Espuma 2 Plazas 140x190 cm,https://www.fravega.com/p/colchon-suavestar-sport-espuma-2-plazas-140x190-cm-610657/,599999.0,449999.0,1,True
FRA-combo-2230-norcee-140x190-sommier-colcho,Fravega,OTRAS,Colchones y Sommiers,Combo 2230 NORCEE 140x190 Sommier + Colchón + Respaldo y 2 almohadas de regalo Espuma Alta Densidad,https://www.fravega.com/p/combo-2230-norcee-140x190-sommier-colchon-respaldo-y-2-almohadas-de-regalo-espuma-alta-densidad-22708009/,3552337.0,1049000.0,1,True
FRA-conjunto-sommier-y-colchon-nap-franklin-,Fravega,OTRAS,Colchones y Sommiers,Conjunto Sommier y Colchón NAP Franklin 2 Plazas (140x190 cm) - Espuma Alta Densidad,https://www.fravega.com/p/conjunto-sommier-y-colchon-nap-franklin-2-plazas-140x190-cm-espuma-alta-densidad-610868/,539999.0,379999.0,1,True
FRA-sommier-y-colchon-2230-norcee-pillow-140,Fravega,OTRAS,Colchones y Sommiers,Sommier y Colchón 2230 Norcee Pillow 140x190 Espuma Alta Densidad con 2 Almohadas de Regalo,https://www.fravega.com/p/sommier-y-colchon-2230-norcee-pillow-140x190-espuma-alta-densidad-con-2-almohadas-de-regalo-22526253/,3989698.0,1199000.0,1,True
FRA-conjunto-sommier-y-colchon-elite-sonar-2,Fravega,OTRAS,Colchones y Sommiers,Conjunto Sommier y Colchón Elite Soñar 2 Plazas 140x190 cm,https://www.fravega.com/p/conjunto-sommier-y-colchon-elite-sonar-2-plazas-140x190-cm-610926/,710999.0,499999.0,1,True
FRA-conjunto-sommier-y-colchon-elite-everest,Fravega,OTRAS,Colchones y Sommiers,Conjunto Sommier y Colchón Elite Everest 2 Plazas (140x190 cm) - Espuma Alta Densidad,https://www.fravega.com/p/conjunto-sommier-y-colchon-elite-everest-2-plazas-140x190-cm-espuma-alta-densidad-610860/,699999.0,499999.0,1,True
FRA-conjunto-sommier-y-colchon-sueno-dorado-,Fravega,OTRAS,Colchones y Sommiers,Conjunto Sommier y Colchón Sueño Dorado Denver Plus Súper King Size (200x200 cm) - Espuma Alta Densidad,https://www.fravega.com/p/conjunto-sommier-y-colchon-sueno-dorado-denver-plus-super-king-size-200x200-cm-espuma-alta-densidad-610781/,1999999.0,1499999.0,1,True
FRA-sommier-sueno-dorado-dubai-queen-size-16,Fravega,OTRAS,Colchones y Sommiers,Sommier Sueño Dorado Dubái Queen Size 160 X 200 Cm,https://www.fravega.com/p/sommier-sueno-dorado-dubai-queen-size-160-x-200-cm-990042390/,3665200.0,1390999.0,1,True
FRA-combo-sommier-colchon-respaldo-y-2-almoh,Fravega,OTRAS,Colchones y Sommiers,Combo Sommier + Colchón + Respaldo y 2 almohadas de regalo 2230 SYRMA 140x190 Espuma Alta Densidad,https://www.fravega.com/p/combo-sommier-colchon-respaldo-y-2-almohadas-de-regalo-2230-syrma-140x190-espuma-alta-densidad-22652849/,2649076.0,720000.0,1,True
FRA-colchon-cannon-espuma-tropical-1-plaza-8,Fravega,OTRAS,Colchones y Sommiers,Colchón Cannon Espuma Tropical 1 Plaza 80x190x18,https://www.fravega.com/p/colchon-cannon-espuma-tropical-1-plaza-80x190x18-610638/,179999.0,119999.0,1,True
FRA-conjunto-sommier-y-colchon-elite-lanin-1,Fravega,OTRAS,Colchones y Sommiers,Conjunto Sommier y Colchón Elite Lanin 1 Plaza y Media 100x190 cm + Almohada de Regalo,https://www.fravega.com/p/conjunto-sommier-y-colchon-elite-lanin-1-plaza-y-media-100x190-cm-almohada-de-regalo-610794/,499999.0,329999.0,1,True
FRA-conjunto-sommier-y-colchon-elite-lanin-2,Fravega,OTRAS,Colchones y Sommiers,Conjunto Sommier y Colchón Elite Lanin 2 Plazas 140x190 cm,https://www.fravega.com/p/conjunto-sommier-y-colchon-elite-lanin-2-plazas-140x190-cm-610725/,799999.0,449999.0,1,True
FRA-conjunto-sommier-y-colchon-suavestar-spo,Fravega,OTRAS,Colchones y Sommiers,Conjunto Sommier y Colchón Suavestar Sport 2 Plazas 140x190 cm,https://www.fravega.com/p/conjunto-sommier-y-colchon-suavestar-sport-2-plazas-140x190-cm-610670/,929999.0,619999.0,1,True
FRA-colchon-gani-aquiles-3-0-190x080x25-1-pl,Fravega,OTRAS,Colchones y Sommiers,Colchón Gani Aquiles 3.0 190X080X25 1 Plaza,https://www.fravega.com/p/colchon-gani-aquiles-3-0-190x080x25-1-plaza-20032036/,523690.0,199002.0,1,True
FRA-colchon-suavestar-espuma-deluxe-1-plaza-,Fravega,OTRAS,Colchones y Sommiers,Colchón Suavestar Espuma Deluxe 1 Plaza 80x190 cm,https://www.fravega.com/p/colchon-suavestar-espuma-deluxe-1-plaza-80x190-cm-610495/,399999.0,199999.0,1,True
FRA-conjunto-sommier-y-colchon-elite-lanin-1,Fravega,OTRAS,Colchones y Sommiers,Conjunto Sommier y Colchón Elite Lanin 1 Plaza (80x190 cm) - Espuma + Almohada de Regalo,https://www.fravega.com/p/conjunto-sommier-y-colchon-elite-lanin-1-plaza-80x190-cm-espuma-almohada-de-regalo-610760/,399999.0,289999.0,1,True
FRA-colchon-estelar-spot-80x190-espuma--2164,Fravega,OTRAS,Colchones y Sommiers,Colchon Estelar Spot 80x190 Espuma,https://www.fravega.com/p/colchon-estelar-spot-80x190-espuma--21643609/,229900.0,99900.0,1,True
FRA-colchon-2-plazas-caja-190x140x23-resorte,Fravega,OTRAS,Colchones y Sommiers,Colchon 2 Plazas En Caja 190x140x23 Resortes Y Espuma Hybrid Premium Calidad Color Blanco,https://www.fravega.com/p/colchon-2-plazas-caja-190x140x23-resortes-y-espuma-hybrid-premium-calidad-color-blanco-22882136/,699441.0,359441.0,1,True
FRA-sommier-cl-estelar-140x190-espuma-2-almo,Fravega,OTRAS,Colchones y Sommiers,Sommier CL Estelar 140x190 Espuma + 2 Almohadas de Regalo,https://www.fravega.com/p/sommier-cl-estelar-140x190-espuma-2-almohadas-de-regalo-20046532/,899900.0,454900.0,1,True
FRA-colchon-caja-sueno-dorado-box-rolo-2-pla,Fravega,OTRAS,Colchones y Sommiers,Colchón en Caja Sueño Dorado Box Rolo 2 Plazas 140x190 cm,https://www.fravega.com/p/colchon-caja-sueno-dorado-box-rolo-2-plazas-140x190-cm-610783/,599999.0,399999.0,1,True
FRA-conjunto-sommier-y-colchon-de-espuma-kin,Fravega,OTRAS,Colchones y Sommiers,Conjunto Sommier y Colchón de espuma King Koil Bradford Super King 200x200 cm,https://www.fravega.com/p/conjunto-sommier-y-colchon-de-espuma-king-koil-bradford-super-king-200x200-cm-20027553/,2746665.0,1647999.0,1,True
FRA-estelar-descanso-sommier-2x2-king-pillow,Fravega,OTRAS,Colchones y Sommiers,Estelar Descanso Sommier 2x2 King Pillow Alta Densidad,https://www.fravega.com/p/estelar-descanso-sommier-2x2-king-pillow-alta-densidad-22514474/,1499900.0,899900.0,1,True
FRA-colchon-de-resortes-king-koil-lexington-,Fravega,OTRAS,Colchones y Sommiers,Colchón de resortes King Koil Lexington Queen Size 160x200 cm con SOMMIER DE REGALO,https://www.fravega.com/p/colchon-de-resortes-king-koil-lexington-queen-size-160x200-cm-con-sommier-de-regalo-50003050/,3976665.0,2385999.0,1,True
FRA-conjunto-sommier-y-colchon-suavestar-del,Fravega,OTRAS,Colchones y Sommiers,Conjunto Sommier y Colchón Suavestar Deluxe 2 Plazas 140x190 cm,https://www.fravega.com/p/conjunto-sommier-y-colchon-suavestar-deluxe-2-plazas-140x190-cm-610593/,799999.0,549999.0,1,True
FRA-colchon-y-sommier-arcoiris-rio-2-plazas-,Fravega,OTRAS,Colchones y Sommiers,Colchón y Sommier Arcoiris Rio 2 Plazas 140x190 Resortes,https://www.fravega.com/p/colchon-y-sommier-arcoiris-rio-2-plazas-140x190-resortes-20007026/,1337880.0,559900.0,1,True
FRA-combo-conjunto-sommier-elite-alumine-2-p,Fravega,OTRAS,Colchones y Sommiers,Combo Conjunto Sommier Elite Aluminé 2 Plazas (140x190 cm) + Respaldo Pana Velvet + 2 Almohadas de Regalo,https://www.fravega.com/p/combo-conjunto-sommier-elite-alumine-2-plazas-140x190-cm-respaldo-pana-velvet-2-almohadas-de-regalo-610825/,899999.0,629999.0,1,True
FRA-conjunto-sommier-y-colchon-de-resortes-k,Fravega,OTRAS,Colchones y Sommiers,Conjunto Sommier y Colchón de resortes King Koil 120 Gold - Luxury Pocket Super King 200x200 cm,https://www.fravega.com/p/conjunto-sommier-y-colchon-de-resortes-king-koil-120-gold-luxury-pocket-super-king-200x200-cm-22490798/,3438398.0,2148999.0,1,True
FRA-conjunto-sommier-y-colchon-suavestar-cen,Fravega,OTRAS,Colchones y Sommiers,Conjunto Sommier y Colchón Suavestar Centuria Queen (2 Plazas y Media) (160x200 cm) - Espuma 35 kg/m³,https://www.fravega.com/p/conjunto-sommier-y-colchon-suavestar-centuria-queen-2-plazas-y-media-160x200-cm-espuma-35-kg-m-610628/,1499999.0,949999.0,1,True
FRA-sommier-y-colchon-bicama-de-resortes-1-1,Fravega,OTRAS,Colchones y Sommiers,Sommier y Colchón Bicama de Resortes 1 1/2 Plaza Inducol Agra 100x200 Cm,https://www.fravega.com/p/sommier-y-colchon-bicama-de-resortes-1-1-2-plaza-inducol-agra-100x200-cm-20190986/,1559998.0,935999.0,1,True
FRA-conjunto-sommier-y-colchon-suavestar-spo,Fravega,OTRAS,Colchones y Sommiers,Conjunto Sommier y Colchón Suavestar Sport 1 Plaza y Media 100x190 cm,https://www.fravega.com/p/conjunto-sommier-y-colchon-suavestar-sport-1-plaza-y-media-100x190-cm-610923/,699999.0,515999.0,1,True
FRA-colchon-suavestar-sport-espuma-2-plazas-,Fravega,OTRAS,Colchones y Sommiers,Colchón Suavestar Sport  Espuma 2 Plazas 140x190 cm,https://www.fravega.com/p/colchon-suavestar-sport-espuma-2-plazas-140x190-cm-610657/,599999.0,449999.0,1,True
FRA-combo-2230-norcee-140x190-sommier-colcho,Fravega,OTRAS,Colchones y Sommiers,Combo 2230 NORCEE 140x190 Sommier + Colchón + Respaldo y 2 almohadas de regalo Espuma Alta Densidad,https://www.fravega.com/p/combo-2230-norcee-140x190-sommier-colchon-respaldo-y-2-almohadas-de-regalo-espuma-alta-densidad-22708009/,3552337.0,1049000.0,1,True
FRA-conjunto-sommier-y-colchon-nap-franklin-,Fravega,OTRAS,Colchones y Sommiers,Conjunto Sommier y Colchón NAP Franklin 2 Plazas (140x190 cm) - Espuma Alta Densidad,https://www.fravega.com/p/conjunto-sommier-y-colchon-nap-franklin-2-plazas-140x190-cm-espuma-alta-densidad-610868/,539999.0,379999.0,1,True
FRA-sommier-y-colchon-2230-norcee-pillow-140,Fravega,OTRAS,Colchones y Sommiers,Sommier y Colchón 2230 Norcee Pillow 140x190 Espuma Alta Densidad con 2 Almohadas de Regalo,https://www.fravega.com/p/sommier-y-colchon-2230-norcee-pillow-140x190-espuma-alta-densidad-con-2-almohadas-de-regalo-22526253/,3989698.0,1199000.0,1,True
FRA-conjunto-sommier-y-colchon-elite-sonar-2,Fravega,OTRAS,Colchones y Sommiers,Conjunto Sommier y Colchón Elite Soñar 2 Plazas 140x190 cm,https://www.fravega.com/p/conjunto-sommier-y-colchon-elite-sonar-2-plazas-140x190-cm-610926/,710999.0,499999.0,1,True
FRA-conjunto-sommier-y-colchon-elite-everest,Fravega,OTRAS,Colchones y Sommiers,Conjunto Sommier y Colchón Elite Everest 2 Plazas (140x190 cm) - Espuma Alta Densidad,https://www.fravega.com/p/conjunto-sommier-y-colchon-elite-everest-2-plazas-140x190-cm-espuma-alta-densidad-610860/,699999.0,499999.0,1,True
FRA-conjunto-sommier-y-colchon-sueno-dorado-,Fravega,OTRAS,Colchones y Sommiers,Conjunto Sommier y Colchón Sueño Dorado Denver Plus Súper King Size (200x200 cm) - Espuma Alta Densidad,https://www.fravega.com/p/conjunto-sommier-y-colchon-sueno-dorado-denver-plus-super-king-size-200x200-cm-espuma-alta-densidad-610781/,1999999.0,1499999.0,1,True
FRA-sommier-sueno-dorado-dubai-queen-size-16,Fravega,OTRAS,Colchones y Sommiers,Sommier Sueño Dorado Dubái Queen Size 160 X 200 Cm,https://www.fravega.com/p/sommier-sueno-dorado-dubai-queen-size-160-x-200-cm-990042390/,3665200.0,1390999.0,1,True
FRA-combo-sommier-colchon-respaldo-y-2-almoh,Fravega,OTRAS,Colchones y Sommiers,Combo Sommier + Colchón + Respaldo y 2 almohadas de regalo 2230 SYRMA 140x190 Espuma Alta Densidad,https://www.fravega.com/p/combo-sommier-colchon-respaldo-y-2-almohadas-de-regalo-2230-syrma-140x190-espuma-alta-densidad-22652849/,2649076.0,720000.0,1,True
FRA-colchon-cannon-espuma-tropical-1-plaza-8,Fravega,OTRAS,Colchones y Sommiers,Colchón Cannon Espuma Tropical 1 Plaza 80x190x18,https://www.fravega.com/p/colchon-cannon-espuma-tropical-1-plaza-80x190x18-610638/,179999.0,119999.0,1,True
FRA-conjunto-sommier-y-colchon-elite-lanin-1,Fravega,OTRAS,Colchones y Sommiers,Conjunto Sommier y Colchón Elite Lanin 1 Plaza y Media 100x190 cm + Almohada de Regalo,https://www.fravega.com/p/conjunto-sommier-y-colchon-elite-lanin-1-plaza-y-media-100x190-cm-almohada-de-regalo-610794/,499999.0,329999.0,1,True
FRA-conjunto-sommier-y-colchon-elite-lanin-2,Fravega,OTRAS,Colchones y Sommiers,Conjunto Sommier y Colchón Elite Lanin 2 Plazas 140x190 cm,https://www.fravega.com/p/conjunto-sommier-y-colchon-elite-lanin-2-plazas-140x190-cm-610725/,799999.0,449999.0,1,True
FRA-conjunto-sommier-y-colchon-suavestar-spo,Fravega,OTRAS,Colchones y Sommiers,Conjunto Sommier y Colchón Suavestar Sport 2 Plazas 140x190 cm,https://www.fravega.com/p/conjunto-sommier-y-colchon-suavestar-sport-2-plazas-140x190-cm-610670/,929999.0,619999.0,1,True
FRA-colchon-gani-aquiles-3-0-190x080x25-1-pl,Fravega,OTRAS,Colchones y Sommiers,Colchón Gani Aquiles 3.0 190X080X25 1 Plaza,https://www.fravega.com/p/colchon-gani-aquiles-3-0-190x080x25-1-plaza-20032036/,523690.0,199002.0,1,True
FRA-colchon-suavestar-espuma-deluxe-1-plaza-,Fravega,OTRAS,Colchones y Sommiers,Colchón Suavestar Espuma Deluxe 1 Plaza 80x190 cm,https://www.fravega.com/p/colchon-suavestar-espuma-deluxe-1-plaza-80x190-cm-610495/,399999.0,199999.0,1,True
FRA-conjunto-sommier-y-colchon-elite-lanin-1,Fravega,OTRAS,Colchones y Sommiers,Conjunto Sommier y Colchón Elite Lanin 1 Plaza (80x190 cm) - Espuma + Almohada de Regalo,https://www.fravega.com/p/conjunto-sommier-y-colchon-elite-lanin-1-plaza-80x190-cm-espuma-almohada-de-regalo-610760/,399999.0,289999.0,1,True
FRA-colchon-estelar-spot-80x190-espuma--2164,Fravega,OTRAS,Colchones y Sommiers,Colchon Estelar Spot 80x190 Espuma,https://www.fravega.com/p/colchon-estelar-spot-80x190-espuma--21643609/,229900.0,99900.0,1,True
FRA-colchon-2-plazas-caja-190x140x23-resorte,Fravega,OTRAS,Colchones y Sommiers,Colchon 2 Plazas En Caja 190x140x23 Resortes Y Espuma Hybrid Premium Calidad Color Blanco,https://www.fravega.com/p/colchon-2-plazas-caja-190x140x23-resortes-y-espuma-hybrid-premium-calidad-color-blanco-22882136/,699441.0,359441.0,1,True
FRA-sommier-cl-estelar-140x190-espuma-2-almo,Fravega,OTRAS,Colchones y Sommiers,Sommier CL Estelar 140x190 Espuma + 2 Almohadas de Regalo,https://www.fravega.com/p/sommier-cl-estelar-140x190-espuma-2-almohadas-de-regalo-20046532/,899900.0,454900.0,1,True
FRA-colchon-caja-sueno-dorado-box-rolo-2-pla,Fravega,OTRAS,Colchones y Sommiers,Colchón en Caja Sueño Dorado Box Rolo 2 Plazas 140x190 cm,https://www.fravega.com/p/colchon-caja-sueno-dorado-box-rolo-2-plazas-140x190-cm-610783/,599999.0,399999.0,1,True
FRA-conjunto-sommier-y-colchon-de-espuma-kin,Fravega,OTRAS,Colchones y Sommiers,Conjunto Sommier y Colchón de espuma King Koil Bradford Super King 200x200 cm,https://www.fravega.com/p/conjunto-sommier-y-colchon-de-espuma-king-koil-bradford-super-king-200x200-cm-20027553/,2746665.0,1647999.0,1,True
FRA-estelar-descanso-sommier-2x2-king-pillow,Fravega,OTRAS,Colchones y Sommiers,Estelar Descanso Sommier 2x2 King Pillow Alta Densidad,https://www.fravega.com/p/estelar-descanso-sommier-2x2-king-pillow-alta-densidad-22514474/,1499900.0,899900.0,1,True
FRA-colchon-de-resortes-king-koil-lexington-,Fravega,OTRAS,Colchones y Sommiers,Colchón de resortes King Koil Lexington Queen Size 160x200 cm con SOMMIER DE REGALO,https://www.fravega.com/p/colchon-de-resortes-king-koil-lexington-queen-size-160x200-cm-con-sommier-de-regalo-50003050/,3976665.0,2385999.0,1,True
FRA-conjunto-sommier-y-colchon-suavestar-del,Fravega,OTRAS,Colchones y Sommiers,Conjunto Sommier y Colchón Suavestar Deluxe 2 Plazas 140x190 cm,https://www.fravega.com/p/conjunto-sommier-y-colchon-suavestar-deluxe-2-plazas-140x190-cm-610593/,799999.0,549999.0,1,True
FRA-colchon-y-sommier-arcoiris-rio-2-plazas-,Fravega,OTRAS,Colchones y Sommiers,Colchón y Sommier Arcoiris Rio 2 Plazas 140x190 Resortes,https://www.fravega.com/p/colchon-y-sommier-arcoiris-rio-2-plazas-140x190-resortes-20007026/,1337880.0,559900.0,1,True
FRA-combo-conjunto-sommier-elite-alumine-2-p,Fravega,OTRAS,Colchones y Sommiers,Combo Conjunto Sommier Elite Aluminé 2 Plazas (140x190 cm) + Respaldo Pana Velvet + 2 Almohadas de Regalo,https://www.fravega.com/p/combo-conjunto-sommier-elite-alumine-2-plazas-140x190-cm-respaldo-pana-velvet-2-almohadas-de-regalo-610825/,899999.0,629999.0,1,True
FRA-conjunto-sommier-y-colchon-de-resortes-k,Fravega,OTRAS,Colchones y Sommiers,Conjunto Sommier y Colchón de resortes King Koil 120 Gold - Luxury Pocket Super King 200x200 cm,https://www.fravega.com/p/conjunto-sommier-y-colchon-de-resortes-king-koil-120-gold-luxury-pocket-super-king-200x200-cm-22490798/,3438398.0,2148999.0,1,True
FRA-conjunto-sommier-y-colchon-suavestar-cen,Fravega,OTRAS,Colchones y Sommiers,Conjunto Sommier y Colchón Suavestar Centuria Queen (2 Plazas y Media) (160x200 cm) - Espuma 35 kg/m³,https://www.fravega.com/p/conjunto-sommier-y-colchon-suavestar-centuria-queen-2-plazas-y-media-160x200-cm-espuma-35-kg-m-610628/,1499999.0,949999.0,1,True
FRA-sommier-y-colchon-bicama-de-resortes-1-1,Fravega,OTRAS,Colchones y Sommiers,Sommier y Colchón Bicama de Resortes 1 1/2 Plaza Inducol Agra 100x200 Cm,https://www.fravega.com/p/sommier-y-colchon-bicama-de-resortes-1-1-2-plaza-inducol-agra-100x200-cm-20190986/,1559998.0,935999.0,1,True
FRA-conjunto-sommier-y-colchon-suavestar-spo,Fravega,OTRAS,Colchones y Sommiers,Conjunto Sommier y Colchón Suavestar Sport 1 Plaza y Media 100x190 cm,https://www.fravega.com/p/conjunto-sommier-y-colchon-suavestar-sport-1-plaza-y-media-100x190-cm-610923/,699999.0,515999.0,1,True
FRA-colchon-suavestar-sport-espuma-2-plazas-,Fravega,OTRAS,Colchones y Sommiers,Colchón Suavestar Sport  Espuma 2 Plazas 140x190 cm,https://www.fravega.com/p/colchon-suavestar-sport-espuma-2-plazas-140x190-cm-610657/,599999.0,449999.0,1,True
FRA-combo-2230-norcee-140x190-sommier-colcho,Fravega,OTRAS,Colchones y Sommiers,Combo 2230 NORCEE 140x190 Sommier + Colchón + Respaldo y 2 almohadas de regalo Espuma Alta Densidad,https://www.fravega.com/p/combo-2230-norcee-140x190-sommier-colchon-respaldo-y-2-almohadas-de-regalo-espuma-alta-densidad-22708009/,3552337.0,1049000.0,1,True
FRA-conjunto-sommier-y-colchon-nap-franklin-,Fravega,OTRAS,Colchones y Sommiers,Conjunto Sommier y Colchón NAP Franklin 2 Plazas (140x190 cm) - Espuma Alta Densidad,https://www.fravega.com/p/conjunto-sommier-y-colchon-nap-franklin-2-plazas-140x190-cm-espuma-alta-densidad-610868/,539999.0,379999.0,1,True
FRA-sommier-y-colchon-2230-norcee-pillow-140,Fravega,OTRAS,Colchones y Sommiers,Sommier y Colchón 2230 Norcee Pillow 140x190 Espuma Alta Densidad con 2 Almohadas de Regalo,https://www.fravega.com/p/sommier-y-colchon-2230-norcee-pillow-140x190-espuma-alta-densidad-con-2-almohadas-de-regalo-22526253/,3989698.0,1199000.0,1,True
FRA-conjunto-sommier-y-colchon-elite-sonar-2,Fravega,OTRAS,Colchones y Sommiers,Conjunto Sommier y Colchón Elite Soñar 2 Plazas 140x190 cm,https://www.fravega.com/p/conjunto-sommier-y-colchon-elite-sonar-2-plazas-140x190-cm-610926/,710999.0,499999.0,1,True
FRA-conjunto-sommier-y-colchon-elite-everest,Fravega,OTRAS,Colchones y Sommiers,Conjunto Sommier y Colchón Elite Everest 2 Plazas (140x190 cm) - Espuma Alta Densidad,https://www.fravega.com/p/conjunto-sommier-y-colchon-elite-everest-2-plazas-140x190-cm-espuma-alta-densidad-610860/,699999.0,499999.0,1,True
FRA-conjunto-sommier-y-colchon-sueno-dorado-,Fravega,OTRAS,Colchones y Sommiers,Conjunto Sommier y Colchón Sueño Dorado Denver Plus Súper King Size (200x200 cm) - Espuma Alta Densidad,https://www.fravega.com/p/conjunto-sommier-y-colchon-sueno-dorado-denver-plus-super-king-size-200x200-cm-espuma-alta-densidad-610781/,1999999.0,1499999.0,1,True
FRA-sommier-sueno-dorado-dubai-queen-size-16,Fravega,OTRAS,Colchones y Sommiers,Sommier Sueño Dorado Dubái Queen Size 160 X 200 Cm,https://www.fravega.com/p/sommier-sueno-dorado-dubai-queen-size-160-x-200-cm-990042390/,3665200.0,1390999.0,1,True
FRA-combo-sommier-colchon-respaldo-y-2-almoh,Fravega,OTRAS,Colchones y Sommiers,Combo Sommier + Colchón + Respaldo y 2 almohadas de regalo 2230 SYRMA 140x190 Espuma Alta Densidad,https://www.fravega.com/p/combo-sommier-colchon-respaldo-y-2-almohadas-de-regalo-2230-syrma-140x190-espuma-alta-densidad-22652849/,2649076.0,720000.0,1,True
FRA-colchon-cannon-espuma-tropical-1-plaza-8,Fravega,OTRAS,Colchones y Sommiers,Colchón Cannon Espuma Tropical 1 Plaza 80x190x18,https://www.fravega.com/p/colchon-cannon-espuma-tropical-1-plaza-80x190x18-610638/,179999.0,119999.0,1,True
FRA-conjunto-sommier-y-colchon-elite-lanin-1,Fravega,OTRAS,Colchones y Sommiers,Conjunto Sommier y Colchón Elite Lanin 1 Plaza y Media 100x190 cm + Almohada de Regalo,https://www.fravega.com/p/conjunto-sommier-y-colchon-elite-lanin-1-plaza-y-media-100x190-cm-almohada-de-regalo-610794/,499999.0,329999.0,1,True
FRA-conjunto-sommier-y-colchon-elite-lanin-2,Fravega,OTRAS,Colchones y Sommiers,Conjunto Sommier y Colchón Elite Lanin 2 Plazas 140x190 cm,https://www.fravega.com/p/conjunto-sommier-y-colchon-elite-lanin-2-plazas-140x190-cm-610725/,799999.0,449999.0,1,True
FRA-conjunto-sommier-y-colchon-suavestar-spo,Fravega,OTRAS,Colchones y Sommiers,Conjunto Sommier y Colchón Suavestar Sport 2 Plazas 140x190 cm,https://www.fravega.com/p/conjunto-sommier-y-colchon-suavestar-sport-2-plazas-140x190-cm-610670/,929999.0,619999.0,1,True
FRA-colchon-gani-aquiles-3-0-190x080x25-1-pl,Fravega,OTRAS,Colchones y Sommiers,Colchón Gani Aquiles 3.0 190X080X25 1 Plaza,https://www.fravega.com/p/colchon-gani-aquiles-3-0-190x080x25-1-plaza-20032036/,523690.0,199002.0,1,True
FRA-colchon-suavestar-espuma-deluxe-1-plaza-,Fravega,OTRAS,Colchones y Sommiers,Colchón Suavestar Espuma Deluxe 1 Plaza 80x190 cm,https://www.fravega.com/p/colchon-suavestar-espuma-deluxe-1-plaza-80x190-cm-610495/,399999.0,199999.0,1,True
FRA-conjunto-sommier-y-colchon-elite-lanin-1,Fravega,OTRAS,Colchones y Sommiers,Conjunto Sommier y Colchón Elite Lanin 1 Plaza (80x190 cm) - Espuma + Almohada de Regalo,https://www.fravega.com/p/conjunto-sommier-y-colchon-elite-lanin-1-plaza-80x190-cm-espuma-almohada-de-regalo-610760/,399999.0,289999.0,1,True
FRA-colchon-estelar-spot-80x190-espuma--2164,Fravega,OTRAS,Colchones y Sommiers,Colchon Estelar Spot 80x190 Espuma,https://www.fravega.com/p/colchon-estelar-spot-80x190-espuma--21643609/,229900.0,99900.0,1,True
FRA-colchon-2-plazas-caja-190x140x23-resorte,Fravega,OTRAS,Colchones y Sommiers,Colchon 2 Plazas En Caja 190x140x23 Resortes Y Espuma Hybrid Premium Calidad Color Blanco,https://www.fravega.com/p/colchon-2-plazas-caja-190x140x23-resortes-y-espuma-hybrid-premium-calidad-color-blanco-22882136/,699441.0,359441.0,1,True
FRA-sommier-cl-estelar-140x190-espuma-2-almo,Fravega,OTRAS,Colchones y Sommiers,Sommier CL Estelar 140x190 Espuma + 2 Almohadas de Regalo,https://www.fravega.com/p/sommier-cl-estelar-140x190-espuma-2-almohadas-de-regalo-20046532/,899900.0,454900.0,1,True
FRA-cinta-de-correr-caminadora-admiral-ad-fc,Fravega,OTRAS,Deportes y Fitness,Cinta de correr caminadora Admiral AD-FCC12 12 km/h plana con barral,https://www.fravega.com/p/cinta-de-correr-caminadora-admiral-ad-fcc12-12-km-h-plana-con-barral-562486/,449999.0,379999.0,1,True
FRA-bicicleta-spinning-randers-arg-820sp-6-k,Fravega,OTRAS,Deportes y Fitness,Bicicleta Spinning Randers ARG-820SP 6 Kg,https://www.fravega.com/p/bicicleta-spinning-randers-arg-820sp-6-kg-990054591/,485156.0,299356.0,1,True
FRA-tabla-de-pilates-randers-arg-920vc-99027,Fravega,OTRAS,Deportes y Fitness,Tabla de Pilates Randers ARG-920VC,https://www.fravega.com/p/tabla-de-pilates-randers-arg-920vc-990274764/,154014.0,80941.99,1,True
FRA-multigimnasio-admiral-ad-fmg45-45-kg-mul,Fravega,OTRAS,Deportes y Fitness,Multigimnasio Admiral AD-FMG45 45 kg multigym,https://www.fravega.com/p/multigimnasio-admiral-ad-fmg45-45-kg-multigym-562252/,729999.0,499999.0,1,True
FRA-cinta-caminadora-motorizada-arg-360-ultr,Fravega,OTRAS,Deportes y Fitness,Cinta Caminadora Motorizada ARG-360 Ultraplana,https://www.fravega.com/p/cinta-caminadora-motorizada-arg-360-ultraplana-990051958/,720953.0,553974.0,1,True
FRA-guantes-profesionales-para-mma-gfitness-,Fravega,OTRAS,Deportes y Fitness,Guantes Profesionales para MMA Gfitness,https://www.fravega.com/p/guantes-profesionales-para-mma-gfitness-22516793/,101869.0,65999.0,1,True
FRA-multigimnasio-admiral-ad-fmg100-100-kg-m,Fravega,OTRAS,Deportes y Fitness,Multigimnasio Admiral AD-FMG100 100 kg multigym,https://www.fravega.com/p/multigimnasio-admiral-ad-fmg100-100-kg-multigym-562264/,1199999.0,899999.0,1,True
FRA-bicicleta-fija-energy-fit-shock-rider-sp,Fravega,OTRAS,Deportes y Fitness,Bicicleta Fija Energy Fit Shock Rider Spinning Con App Bluetooth,https://www.fravega.com/p/bicicleta-fija-energy-fit-shock-rider-spinning-con-app-bluetooth-22128586/,700000.0,500000.0,1,True
FRA-kit-mancuernas-barra-y-pesas-trexa-tx-fb,Fravega,OTRAS,Deportes y Fitness,"Kit Mancuernas, Barra y Pesas Trexa TX-FBM20 20 kg",https://www.fravega.com/p/kit-mancuernas-barra-y-pesas-trexa-tx-fbm20-20-kg-562150/,69999.0,39999.0,1,True
FRA-bicicleta-magnetica-vertical-te2455hp-se,Fravega,HP,Deportes y Fitness,Bicicleta Magnetica Vertical TE2455HP Semikon,https://www.fravega.com/p/bicicleta-magnetica-vertical-te2455hp-semikon-20111010/,536827.0,472407.0,1,True
FRA-bicicleta-spinning-fija-admiral-ad-fbs4-,Fravega,OTRAS,Deportes y Fitness,Bicicleta Spinning Fija Admiral AD-FBS4 4 kg,https://www.fravega.com/p/bicicleta-spinning-fija-admiral-ad-fbs4-4-kg-562179/,249999.0,179999.0,1,True
FRA-yoga-mat-trexa-tx-fym10g-10mm-gris-56210,Fravega,OTRAS,Deportes y Fitness,Yoga Mat Trexa TX-FYM10G 10mm Gris,https://www.fravega.com/p/yoga-mat-trexa-tx-fym10g-10mm-gris-562108/,29999.0,15999.0,1,True
FRA-bicicleta-fija-admiral-ad-fbm1-mecanica-,Fravega,OTRAS,Deportes y Fitness,Bicicleta Fija Admiral AD-FBM1 mecánica,https://www.fravega.com/p/bicicleta-fija-admiral-ad-fbm1-mecanica-561939/,199999.0,119999.0,1,True
FRA-kit-mancuernas-barra-y-pesas-trexa-tx-fb,Fravega,OTRAS,Deportes y Fitness,"Kit Mancuernas, Barra y Pesas Trexa TX-FBM30 30 kg",https://www.fravega.com/p/kit-mancuernas-barra-y-pesas-trexa-tx-fbm30-30-kg-562617/,79999.0,59999.0,1,True
FRA-bicicleta-ghepard-x1-mountain-bike-rodad,Fravega,OTRAS,Deportes y Fitness,Bicicleta Ghepard x1 Mountain Bike Rodado 29 Talle 18 NEGRO BLANCO ROJO,https://www.fravega.com/p/bicicleta-ghepard-x1-mountain-bike-rodado-29-talle-18-negro-blanco-rojo-562905/,499999.0,244999.0,1,True
FRA-bicicleta-peretti-azul-mtb-rodado-26-dob,Fravega,OTRAS,Deportes y Fitness,Bicicleta Peretti Azul MTB Rodado 26 Doble Suspension 21 Velocidades,https://www.fravega.com/p/bicicleta-peretti-azul-mtb-rodado-26-doble-suspension-21-velocidades-561117/,399999.0,149999.0,1,True
FRA-bicicleta-ghepard-x1-mountain-bike-rodad,Fravega,OTRAS,Deportes y Fitness,Bicicleta Ghepard x1 Mountain Bike Rodado 29 Talle 20 NEGRO BLANCO ROJO,https://www.fravega.com/p/bicicleta-ghepard-x1-mountain-bike-rodado-29-talle-20-negro-blanco-rojo-562909/,499999.0,199999.0,1,True
FRA-bicicleta-spinning-fija-admiral-ad-fbs6-,Fravega,OTRAS,Deportes y Fitness,Bicicleta Spinning Fija Admiral AD-FBS6 6 kg,https://www.fravega.com/p/bicicleta-spinning-fija-admiral-ad-fbs6-6-kg-562558/,459999.0,259999.0,1,True
FRA-bicicleta-peretti-roja-mtb-rodado-26-dob,Fravega,OTRAS,Deportes y Fitness,Bicicleta Peretti Roja MTB Rodado 26 Doble Suspensión 21 Velocidades,https://www.fravega.com/p/bicicleta-peretti-roja-mtb-rodado-26-doble-suspension-21-velocidades-561116/,299999.0,149999.0,1,True
FRA-bicicleta-ghepard-x1-mountain-bike-rodad,Fravega,OTRAS,Deportes y Fitness,Bicicleta Ghepard x1 Mountain Bike Rodado 29 Talle 20 NEGRO BLANCO GRIS,https://www.fravega.com/p/bicicleta-ghepard-x1-mountain-bike-rodado-29-talle-20-negro-blanco-gris-562910/,499999.0,224999.0,1,True
FRA-bicicleta-infantil-flower-nathor-rodado-,Fravega,OTRAS,Deportes y Fitness,Bicicleta Infantil Flower Nathor Rodado 12 Rosa,https://www.fravega.com/p/bicicleta-infantil-flower-nathor-rodado-12-rosa--563074/,149999.0,89999.0,1,True
FRA-bicicleta-olmo-mint-r24-blanco-562614,Fravega,OTRAS,Deportes y Fitness,Bicicleta Olmo Mint R24 Blanco,https://www.fravega.com/p/bicicleta-olmo-mint-r24-blanco-562614/,459999.0,319999.0,1,True
FRA-mat-de-yoga-enrollable-color-rosa-gfitne,Fravega,OTRAS,Deportes y Fitness,Mat de Yoga enrollable Color Rosa Gfitness,https://www.fravega.com/p/mat-de-yoga-enrollable-color-rosa-gfitness-21916759/,45655.0,15999.0,1,True
FRA-cinta-de-correr-caminadora-admiral-ad-fc,Fravega,OTRAS,Deportes y Fitness,Cinta de correr caminadora Admiral AD-FCC12 12 km/h plana con barral,https://www.fravega.com/p/cinta-de-correr-caminadora-admiral-ad-fcc12-12-km-h-plana-con-barral-562486/,449999.0,379999.0,1,True
FRA-bicicleta-spinning-randers-arg-820sp-6-k,Fravega,OTRAS,Deportes y Fitness,Bicicleta Spinning Randers ARG-820SP 6 Kg,https://www.fravega.com/p/bicicleta-spinning-randers-arg-820sp-6-kg-990054591/,485156.0,299356.0,1,True
FRA-tabla-de-pilates-randers-arg-920vc-99027,Fravega,OTRAS,Deportes y Fitness,Tabla de Pilates Randers ARG-920VC,https://www.fravega.com/p/tabla-de-pilates-randers-arg-920vc-990274764/,154014.0,80941.99,1,True
FRA-multigimnasio-admiral-ad-fmg45-45-kg-mul,Fravega,OTRAS,Deportes y Fitness,Multigimnasio Admiral AD-FMG45 45 kg multigym,https://www.fravega.com/p/multigimnasio-admiral-ad-fmg45-45-kg-multigym-562252/,729999.0,499999.0,1,True
FRA-cinta-caminadora-motorizada-arg-360-ultr,Fravega,OTRAS,Deportes y Fitness,Cinta Caminadora Motorizada ARG-360 Ultraplana,https://www.fravega.com/p/cinta-caminadora-motorizada-arg-360-ultraplana-990051958/,720953.0,553974.0,1,True
FRA-guantes-profesionales-para-mma-gfitness-,Fravega,OTRAS,Deportes y Fitness,Guantes Profesionales para MMA Gfitness,https://www.fravega.com/p/guantes-profesionales-para-mma-gfitness-22516793/,101869.0,65999.0,1,True
FRA-multigimnasio-admiral-ad-fmg100-100-kg-m,Fravega,OTRAS,Deportes y Fitness,Multigimnasio Admiral AD-FMG100 100 kg multigym,https://www.fravega.com/p/multigimnasio-admiral-ad-fmg100-100-kg-multigym-562264/,1199999.0,899999.0,1,True
FRA-bicicleta-fija-energy-fit-shock-rider-sp,Fravega,OTRAS,Deportes y Fitness,Bicicleta Fija Energy Fit Shock Rider Spinning Con App Bluetooth,https://www.fravega.com/p/bicicleta-fija-energy-fit-shock-rider-spinning-con-app-bluetooth-22128586/,700000.0,500000.0,1,True
FRA-kit-mancuernas-barra-y-pesas-trexa-tx-fb,Fravega,OTRAS,Deportes y Fitness,"Kit Mancuernas, Barra y Pesas Trexa TX-FBM20 20 kg",https://www.fravega.com/p/kit-mancuernas-barra-y-pesas-trexa-tx-fbm20-20-kg-562150/,69999.0,39999.0,1,True
FRA-bicicleta-magnetica-vertical-te2455hp-se,Fravega,HP,Deportes y Fitness,Bicicleta Magnetica Vertical TE2455HP Semikon,https://www.fravega.com/p/bicicleta-magnetica-vertical-te2455hp-semikon-20111010/,536827.0,472407.0,1,True
FRA-bicicleta-spinning-fija-admiral-ad-fbs4-,Fravega,OTRAS,Deportes y Fitness,Bicicleta Spinning Fija Admiral AD-FBS4 4 kg,https://www.fravega.com/p/bicicleta-spinning-fija-admiral-ad-fbs4-4-kg-562179/,249999.0,179999.0,1,True
FRA-bicicleta-mountain-bike-slp-10-pro-lady-,Fravega,OTRAS,Deportes y Fitness,Bicicleta Mountain Bike SLP 10 Pro Lady Talle 18,https://www.fravega.com/p/bicicleta-mountain-bike-slp-10-pro-lady-talle-18-563146/,499999.0,309999.0,1,True
FRA-arco-de-futbol-exahome-200x150-20001593,Fravega,OTRAS,Deportes y Fitness,Arco de Fútbol Exahome 200x150,https://www.fravega.com/p/arco-de-futbol-exahome-200x150-20001593/,86990.0,76990.0,1,True
FRA-inflador-portatil-digital-compresor-aire,Fravega,OTRAS,Deportes y Fitness,Inflador Portátil Digital Compresor Aire 2600mAh Auto Moto Bici LED USB,https://www.fravega.com/p/inflador-portatil-digital-compresor-aire-2600mah-auto-moto-bici-led-usb-563001/,69999.0,49999.0,1,True
FRA-bicicleta-olmo-mint-r24-ng-fc-562653,Fravega,OTRAS,Deportes y Fitness,Bicicleta Olmo Mint R24 NG/FC,https://www.fravega.com/p/bicicleta-olmo-mint-r24-ng-fc-562653/,599999.0,319999.0,1,True
FRA-bicicleta-infantil-apollo-nathor-rodado-,Fravega,OTRAS,Deportes y Fitness,Bicicleta Infantil Apollo Nathor Rodado 16 Negra y Verde,https://www.fravega.com/p/bicicleta-infantil-apollo-nathor-rodado-16-negra-y-verde--563075/,299999.0,199999.0,1,True
FRA-bicicleta-infantil-slp-max-r16-afa-rodad,Fravega,OTRAS,Deportes y Fitness,Bicicleta Infantil SLP MAX R16 AFA Rodado 16 con Estabilizadores,https://www.fravega.com/p/bicicleta-infantil-slp-max-r16-afa-rodado-16-con-estabilizadores-562652/,249999.0,149999.0,1,True
FRA-bicicleta-olmo-tiny-r16-rosa--562597,Fravega,OTRAS,Deportes y Fitness,Bicicleta Olmo Tiny R16 Rosa,https://www.fravega.com/p/bicicleta-olmo-tiny-r16-rosa--562597/,599999.0,299999.0,1,True
FRA-bicicleta-infantil-nathor-r12-mechanic-5,Fravega,OTRAS,Deportes y Fitness,Bicicleta Infantil Nathor R12 Mechanic,https://www.fravega.com/p/bicicleta-infantil-nathor-r12-mechanic-562601/,149999.0,79999.0,1,True
FRA-bicicleta-mountain-bike-slp-5-pro-rodado,Fravega,OTRAS,Deportes y Fitness,Bicicleta Mountain Bike SLP 5 Pro Rodado 29” T20 VR7NG11VR8,https://www.fravega.com/p/bicicleta-mountain-bike-slp-5-pro-rodado-29-t20-vr7ng11vr8-562447/,499999.0,289999.0,1,True
FRA-monopatin-electrico-kanji-scooter-350w-2,Fravega,OTRAS,Deportes y Fitness,Monopatín Eléctrico Kanji Scooter 350W 25km/h,https://www.fravega.com/p/monopatin-electrico-kanji-scooter-350w-25km-h-562410/,999999.0,599999.0,1,True
FRA-bicicleta-mountain-bike-slp-5-pro-lady-r,Fravega,OTRAS,Deportes y Fitness,Bicicleta Mountain Bike SLP 5 Pro Lady Rodado 29 Talle 18 Shimano Violeta,https://www.fravega.com/p/bicicleta-mountain-bike-slp-5-pro-lady-rodado-29-talle-18-shimano-violeta-563145/,499999.0,289999.0,1,True
FRA-banco-de-pesas-admiral-reclinable-ejerci,Fravega,OTRAS,Deportes y Fitness,Banco de Pesas Admiral Reclinable Ejercicio Fitness Gym,https://www.fravega.com/p/banco-de-pesas-admiral-reclinable-ejercicio-fitness-gym-563728/,199999.0,179999.0,1,True
FRA-bicicleta-mtb-overtech-mountain-bike-q6-,Fravega,OTRAS,Deportes y Fitness,Bicicleta Mtb Overtech Mountain Bike Q6 R29 Aluminio 21v Freno A Disco Talle M Negro/Rojo/Rojo,https://www.fravega.com/p/bicicleta-mtb-overtech-mountain-bike-q6-r29-aluminio-21v-freno-a-disco-talle-m-negro-rojo-rojo-21302709/,599999.0,289999.0,1,True
FRA-cinta-de-correr-caminadora-admiral-ad-fc,Fravega,OTRAS,Deportes y Fitness,Cinta de correr caminadora Admiral AD-FCC12 12 km/h plana con barral,https://www.fravega.com/p/cinta-de-correr-caminadora-admiral-ad-fcc12-12-km-h-plana-con-barral-562486/,449999.0,379999.0,1,True
FRA-bicicleta-spinning-randers-arg-820sp-6-k,Fravega,OTRAS,Deportes y Fitness,Bicicleta Spinning Randers ARG-820SP 6 Kg,https://www.fravega.com/p/bicicleta-spinning-randers-arg-820sp-6-kg-990054591/,485156.0,299356.0,1,True
FRA-tabla-de-pilates-randers-arg-920vc-99027,Fravega,OTRAS,Deportes y Fitness,Tabla de Pilates Randers ARG-920VC,https://www.fravega.com/p/tabla-de-pilates-randers-arg-920vc-990274764/,154014.0,80941.99,1,True
FRA-multigimnasio-admiral-ad-fmg45-45-kg-mul,Fravega,OTRAS,Deportes y Fitness,Multigimnasio Admiral AD-FMG45 45 kg multigym,https://www.fravega.com/p/multigimnasio-admiral-ad-fmg45-45-kg-multigym-562252/,729999.0,499999.0,1,True
FRA-cinta-caminadora-motorizada-arg-360-ultr,Fravega,OTRAS,Deportes y Fitness,Cinta Caminadora Motorizada ARG-360 Ultraplana,https://www.fravega.com/p/cinta-caminadora-motorizada-arg-360-ultraplana-990051958/,720953.0,553974.0,1,True
FRA-guantes-profesionales-para-mma-gfitness-,Fravega,OTRAS,Deportes y Fitness,Guantes Profesionales para MMA Gfitness,https://www.fravega.com/p/guantes-profesionales-para-mma-gfitness-22516793/,101869.0,65999.0,1,True
FRA-multigimnasio-admiral-ad-fmg100-100-kg-m,Fravega,OTRAS,Deportes y Fitness,Multigimnasio Admiral AD-FMG100 100 kg multigym,https://www.fravega.com/p/multigimnasio-admiral-ad-fmg100-100-kg-multigym-562264/,1199999.0,899999.0,1,True
FRA-bicicleta-fija-energy-fit-shock-rider-sp,Fravega,OTRAS,Deportes y Fitness,Bicicleta Fija Energy Fit Shock Rider Spinning Con App Bluetooth,https://www.fravega.com/p/bicicleta-fija-energy-fit-shock-rider-spinning-con-app-bluetooth-22128586/,700000.0,500000.0,1,True
FRA-kit-mancuernas-barra-y-pesas-trexa-tx-fb,Fravega,OTRAS,Deportes y Fitness,"Kit Mancuernas, Barra y Pesas Trexa TX-FBM20 20 kg",https://www.fravega.com/p/kit-mancuernas-barra-y-pesas-trexa-tx-fbm20-20-kg-562150/,69999.0,39999.0,1,True
FRA-bicicleta-magnetica-vertical-te2455hp-se,Fravega,HP,Deportes y Fitness,Bicicleta Magnetica Vertical TE2455HP Semikon,https://www.fravega.com/p/bicicleta-magnetica-vertical-te2455hp-semikon-20111010/,536827.0,472407.0,1,True
FRA-bicicleta-spinning-fija-admiral-ad-fbs4-,Fravega,OTRAS,Deportes y Fitness,Bicicleta Spinning Fija Admiral AD-FBS4 4 kg,https://www.fravega.com/p/bicicleta-spinning-fija-admiral-ad-fbs4-4-kg-562179/,249999.0,179999.0,1,True
FRA-bicicleta-mountain-bike-nordic-x2-0-roda,Fravega,OTRAS,Deportes y Fitness,Bicicleta Mountain Bike Nordic X2.0 Rodado 29 T20,https://www.fravega.com/p/bicicleta-mountain-bike-nordic-x2-0-rodado-29-t20-562999/,599999.0,279999.0,1,True
FRA-bicicleta-mountain-bike-slp-5-pro-rodado,Fravega,OTRAS,Deportes y Fitness,Bicicleta Mountain Bike SLP 5 Pro Rodado 29” T20 BA5NG7RJ8,https://www.fravega.com/p/bicicleta-mountain-bike-slp-5-pro-rodado-29-t20-ba5ng7rj8-562375/,499999.0,289999.0,1,True
FRA-bicicleta-infantil-rodado-20-acero-olmo-,Fravega,ACER,Deportes y Fitness,Bicicleta Infantil Rodado 20” Acero Olmo Tiny 20 Rosa,https://www.fravega.com/p/bicicleta-infantil-rodado-20-acero-olmo-tiny-20-rosa-562719/,499999.0,299999.0,1,True
FRA-monopatin-plegable-alien-tech-aluminio-a,Fravega,OTRAS,Deportes y Fitness,Monopatin Plegable Alien Tech Aluminio Alta Resistencia,https://www.fravega.com/p/monopatin-plegable-alien-tech-aluminio-alta-resistencia-22884178/,109999.0,72999.0,1,True
FRA-bandas-elasticas-isometricas-de-resisten,Fravega,OTRAS,Deportes y Fitness,Bandas Elasticas Isometricas de Resistencia Waggs Set x 5,https://www.fravega.com/p/bandas-elasticas-isometricas-de-resistencia-waggs-set-x-5-21182263/,17997.98,8999.0,1,True
FRA-bicicleta-peretti-rodado-12-acero-cross-,Fravega,ACER,Deportes y Fitness,Bicicleta Peretti Rodado 12 Acero CROSS Blanco,https://www.fravega.com/p/bicicleta-peretti-rodado-12-acero-cross-blanco-561776/,149999.0,69999.0,1,True
FRA-bicicleta-spinning-fija-admiral-ad-fbs10,Fravega,OTRAS,Deportes y Fitness,Bicicleta Spinning Fija Admiral AD-FBS10 10 kg,https://www.fravega.com/p/bicicleta-spinning-fija-admiral-ad-fbs10-10-kg-562691/,599999.0,449999.0,1,True
FRA-porta-celular-accesorio-para-bicicleta-a,Fravega,OTRAS,Deportes y Fitness,Porta Celular Accesorio Para Bicicleta Arrow MB-02,https://www.fravega.com/p/porta-celular-accesorio-para-bicicleta-arrow-mb-02-990258396/,78099.0,12999.01,1,True
FRA-bicicleta-fija-gadnic-b-18-hogarena-regu,Fravega,OTRAS,Deportes y Fitness,Bicicleta Fija Gadnic B-18 Hogareña Regulable 5 Programas Hasta 100kg Magnética,https://www.fravega.com/p/bicicleta-fija-gadnic-b-18-hogarena-regulable-5-programas-hasta-100kg-magnetica-20049282/,250249.0,192498.98,1,True
FRA-bicicleta-jeico-mtb-k1-r24-acero-21v-v-b,Fravega,ACER,Deportes y Fitness,Bicicleta Jeico MTB K1 R24 Acero 21v V-Brake Talle M Azul,https://www.fravega.com/p/bicicleta-jeico-mtb-k1-r24-acero-21v-v-brake-talle-m-azul-990244464/,405053.0,245064.0,1,True
FRA-banco-de-pesas-y-abdominales-admiral-ad-,Fravega,OTRAS,Deportes y Fitness,Banco de pesas y abdominales Admiral AD-FBP1 curvo,https://www.fravega.com/p/banco-de-pesas-y-abdominales-admiral-ad-fbp1-curvo-562744/,149999.0,79999.0,1,True
FRA-bicicleta-gross-mtb-rodado-29-mountain-b,Fravega,OTRAS,Deportes y Fitness,Bicicleta Gross MTB Rodado 29 Mountain Bike Aluminio 21v Cambios Shimano Negro Blanco,https://www.fravega.com/p/bicicleta-gross-mtb-rodado-29-mountain-bike-aluminio-21v-cambios-shimano-negro-blanco-562848/,599999.0,329999.0,1,True
FRA-bicicleta-mtb-overtech-q3-r29-gris-negro,Fravega,OTRAS,Deportes y Fitness,Bicicleta Mtb Overtech Q3 R29 Gris/Negro M,https://www.fravega.com/p/bicicleta-mtb-overtech-q3-r29-gris-negro-m-22885581/,449999.0,229999.0,1,True
FRA-pelota-de-futbol-con-efecto-kicker-ball-,Fravega,OTRAS,Deportes y Fitness,Pelota de Fútbol con efecto Kicker Ball,https://www.fravega.com/p/pelota-de-futbol-con-efecto-kicker-ball-990075536/,39900.0,19900.0,1,True
FRA-bicicleta-infantil-nathor-r12-mechanic-5,Fravega,OTRAS,Deportes y Fitness,Bicicleta Infantil Nathor R12 Mechanic,https://www.fravega.com/p/bicicleta-infantil-nathor-r12-mechanic-563073/,149999.0,89999.0,1,True
FRA-cinta-de-correr-caminadora-admiral-ad-fc,Fravega,OTRAS,Deportes y Fitness,Cinta de correr caminadora Admiral AD-FCC12 12 km/h plana con barral,https://www.fravega.com/p/cinta-de-correr-caminadora-admiral-ad-fcc12-12-km-h-plana-con-barral-562486/,449999.0,379999.0,1,True
FRA-bicicleta-spinning-randers-arg-820sp-6-k,Fravega,OTRAS,Deportes y Fitness,Bicicleta Spinning Randers ARG-820SP 6 Kg,https://www.fravega.com/p/bicicleta-spinning-randers-arg-820sp-6-kg-990054591/,485156.0,299356.0,1,True
FRA-tabla-de-pilates-randers-arg-920vc-99027,Fravega,OTRAS,Deportes y Fitness,Tabla de Pilates Randers ARG-920VC,https://www.fravega.com/p/tabla-de-pilates-randers-arg-920vc-990274764/,154014.0,80941.99,1,True
FRA-multigimnasio-admiral-ad-fmg45-45-kg-mul,Fravega,OTRAS,Deportes y Fitness,Multigimnasio Admiral AD-FMG45 45 kg multigym,https://www.fravega.com/p/multigimnasio-admiral-ad-fmg45-45-kg-multigym-562252/,729999.0,499999.0,1,True
FRA-cinta-caminadora-motorizada-arg-360-ultr,Fravega,OTRAS,Deportes y Fitness,Cinta Caminadora Motorizada ARG-360 Ultraplana,https://www.fravega.com/p/cinta-caminadora-motorizada-arg-360-ultraplana-990051958/,720953.0,553974.0,1,True
FRA-guantes-profesionales-para-mma-gfitness-,Fravega,OTRAS,Deportes y Fitness,Guantes Profesionales para MMA Gfitness,https://www.fravega.com/p/guantes-profesionales-para-mma-gfitness-22516793/,101869.0,65999.0,1,True
FRA-multigimnasio-admiral-ad-fmg100-100-kg-m,Fravega,OTRAS,Deportes y Fitness,Multigimnasio Admiral AD-FMG100 100 kg multigym,https://www.fravega.com/p/multigimnasio-admiral-ad-fmg100-100-kg-multigym-562264/,1199999.0,899999.0,1,True
FRA-bicicleta-fija-energy-fit-shock-rider-sp,Fravega,OTRAS,Deportes y Fitness,Bicicleta Fija Energy Fit Shock Rider Spinning Con App Bluetooth,https://www.fravega.com/p/bicicleta-fija-energy-fit-shock-rider-spinning-con-app-bluetooth-22128586/,700000.0,500000.0,1,True
FRA-kit-mancuernas-barra-y-pesas-trexa-tx-fb,Fravega,OTRAS,Deportes y Fitness,"Kit Mancuernas, Barra y Pesas Trexa TX-FBM20 20 kg",https://www.fravega.com/p/kit-mancuernas-barra-y-pesas-trexa-tx-fbm20-20-kg-562150/,69999.0,39999.0,1,True
FRA-bicicleta-magnetica-vertical-te2455hp-se,Fravega,HP,Deportes y Fitness,Bicicleta Magnetica Vertical TE2455HP Semikon,https://www.fravega.com/p/bicicleta-magnetica-vertical-te2455hp-semikon-20111010/,536827.0,472407.0,1,True
FRA-bicicleta-spinning-fija-admiral-ad-fbs4-,Fravega,OTRAS,Deportes y Fitness,Bicicleta Spinning Fija Admiral AD-FBS4 4 kg,https://www.fravega.com/p/bicicleta-spinning-fija-admiral-ad-fbs4-4-kg-562179/,249999.0,179999.0,1,True
FRA-cinta-de-correr-caminadora-admiral-ad-fc,Fravega,OTRAS,Deportes y Fitness,Cinta de correr caminadora Admiral AD-FCC12 12 km/h plana con barral,https://www.fravega.com/p/cinta-de-correr-caminadora-admiral-ad-fcc12-12-km-h-plana-con-barral-562486/,449999.0,379999.0,1,True
FRA-bicicleta-spinning-randers-arg-820sp-6-k,Fravega,OTRAS,Deportes y Fitness,Bicicleta Spinning Randers ARG-820SP 6 Kg,https://www.fravega.com/p/bicicleta-spinning-randers-arg-820sp-6-kg-990054591/,485156.0,299356.0,1,True
FRA-tabla-de-pilates-randers-arg-920vc-99027,Fravega,OTRAS,Deportes y Fitness,Tabla de Pilates Randers ARG-920VC,https://www.fravega.com/p/tabla-de-pilates-randers-arg-920vc-990274764/,154014.0,80941.99,1,True
FRA-multigimnasio-admiral-ad-fmg45-45-kg-mul,Fravega,OTRAS,Deportes y Fitness,Multigimnasio Admiral AD-FMG45 45 kg multigym,https://www.fravega.com/p/multigimnasio-admiral-ad-fmg45-45-kg-multigym-562252/,729999.0,499999.0,1,True
FRA-cinta-caminadora-motorizada-arg-360-ultr,Fravega,OTRAS,Deportes y Fitness,Cinta Caminadora Motorizada ARG-360 Ultraplana,https://www.fravega.com/p/cinta-caminadora-motorizada-arg-360-ultraplana-990051958/,720953.0,553974.0,1,True
FRA-guantes-profesionales-para-mma-gfitness-,Fravega,OTRAS,Deportes y Fitness,Guantes Profesionales para MMA Gfitness,https://www.fravega.com/p/guantes-profesionales-para-mma-gfitness-22516793/,101869.0,65999.0,1,True
FRA-multigimnasio-admiral-ad-fmg100-100-kg-m,Fravega,OTRAS,Deportes y Fitness,Multigimnasio Admiral AD-FMG100 100 kg multigym,https://www.fravega.com/p/multigimnasio-admiral-ad-fmg100-100-kg-multigym-562264/,1199999.0,899999.0,1,True
FRA-bicicleta-fija-energy-fit-shock-rider-sp,Fravega,OTRAS,Deportes y Fitness,Bicicleta Fija Energy Fit Shock Rider Spinning Con App Bluetooth,https://www.fravega.com/p/bicicleta-fija-energy-fit-shock-rider-spinning-con-app-bluetooth-22128586/,700000.0,500000.0,1,True
FRA-kit-mancuernas-barra-y-pesas-trexa-tx-fb,Fravega,OTRAS,Deportes y Fitness,"Kit Mancuernas, Barra y Pesas Trexa TX-FBM20 20 kg",https://www.fravega.com/p/kit-mancuernas-barra-y-pesas-trexa-tx-fbm20-20-kg-562150/,69999.0,39999.0,1,True
FRA-bicicleta-magnetica-vertical-te2455hp-se,Fravega,HP,Deportes y Fitness,Bicicleta Magnetica Vertical TE2455HP Semikon,https://www.fravega.com/p/bicicleta-magnetica-vertical-te2455hp-semikon-20111010/,536827.0,472407.0,1,True
FRA-bicicleta-spinning-fija-admiral-ad-fbs4-,Fravega,OTRAS,Deportes y Fitness,Bicicleta Spinning Fija Admiral AD-FBS4 4 kg,https://www.fravega.com/p/bicicleta-spinning-fija-admiral-ad-fbs4-4-kg-562179/,249999.0,179999.0,1,True
FRA-bicicleta-mountain-bike-slp-5-pro-rodado,Fravega,OTRAS,Deportes y Fitness,Bicicleta Mountain Bike SLP 5 Pro Rodado 29” T18 NG7VR4VR5,https://www.fravega.com/p/bicicleta-mountain-bike-slp-5-pro-rodado-29-t18-ng7vr4vr5-562287/,499999.0,289999.0,1,True
FRA-bicicleta-mtb-overtech-r29-q3-con-suspen,Fravega,OTRAS,Deportes y Fitness,Bicicleta Mtb Overtech R29 Q3 Con Suspensión Tamaño Del Cuadro L Negro/rojo/blanco,https://www.fravega.com/p/bicicleta-mtb-overtech-r29-q3-con-suspension-tamano-del-cuadro-l-negro-rojo-blanco-22104452/,449999.0,229999.0,1,True
FRA-bicicleta-mtb-overtech-r29-q3-con-suspen,Fravega,OTRAS,Deportes y Fitness,Bicicleta Mtb Overtech R29 Q3 Con Suspensión Tamaño Del Cuadro S Negro/rosa/blanco,https://www.fravega.com/p/bicicleta-mtb-overtech-r29-q3-con-suspension-tamano-del-cuadro-s-negro-rosa-blanco-22104558/,449999.0,229999.0,1,True
FRA-bicicleta-trexa-trx-6-0-mtb-r29-t20-alum,Fravega,OTRAS,Deportes y Fitness,Bicicleta Trexa TRX 6.0 MTB R29 T20 Aluminio Blanca,https://www.fravega.com/p/bicicleta-trexa-trx-6-0-mtb-r29-t20-aluminio-blanca-563007/,599999.0,279999.0,1,True
FRA-auricular-inalambrico-bluetooth-vincha-n,Fravega,OTRAS,Deportes y Fitness,Auricular Inalambrico Bluetooth Vincha Noga A915bt Negro Negro,https://www.fravega.com/p/auricular-inalambrico-bluetooth-vincha-noga-a915bt-negro-negro-22713330/,20479.0,18299.0,1,True
FRA-bicicleta-mtb-overtech-q6-lady-r29-alumi,Fravega,OTRAS,Deportes y Fitness,"Bicicleta Mtb Overtech Q6 Lady R29 Aluminio, 21v Con Shimano, Freno A Disco, Con Suspensión, Rosa/Violeta M",https://www.fravega.com/p/bicicleta-mtb-overtech-q6-lady-r29-aluminio-21v-con-shimano-freno-a-disco-con-suspension-rosa-violeta-m-22873860/,599999.0,299999.0,1,True
FRA-bicicleta-mountain-bike-nordic-x2-0-roda,Fravega,OTRAS,Deportes y Fitness,Bicicleta Mountain Bike Nordic X2.0 Rodado 29 T20 Rojo - Gris,https://www.fravega.com/p/bicicleta-mountain-bike-nordic-x2-0-rodado-29-t20-rojo-gris-561441/,399999.0,279999.0,1,True
FRA-pelota-de-futbol-con-efecto-kicker-ball-,Fravega,OTRAS,Deportes y Fitness,Pelota de Fútbol con Efecto Kicker Ball,https://www.fravega.com/p/pelota-de-futbol-con-efecto-kicker-ball-990075720/,39900.0,19900.0,1,True
FRA-guantes-tacticos-gadnic-touchscreen-cicl,Fravega,OTRAS,Deportes y Fitness,Guantes Tácticos Gadnic Touchscreen Ciclismo Moto - Talle L,https://www.fravega.com/p/guantes-tacticos-gadnic-touchscreen-ciclismo-moto-talle-l-990164390/,17029.0,13099.0,1,True
FRA-bicicleta-mtb-overtech-r29-q3-con-suspen,Fravega,OTRAS,Deportes y Fitness,Bicicleta Mtb Overtech R29 Q3 Con Suspensión Tamaño Del Cuadro Xl Negro/azul/blanco,https://www.fravega.com/p/bicicleta-mtb-overtech-r29-q3-con-suspension-tamano-del-cuadro-xl-negro-azul-blanco-22104483/,449999.0,229999.0,1,True
FRA-patineta-electrica-naranja-gadnic-hoverb,Fravega,LG,Deportes y Fitness,Patineta Eléctrica Naranja Gadnic Hoverboard Blth 8 Pulgadas,https://www.fravega.com/p/patineta-electrica-naranja-gadnic-hoverboard-blth-8-pulgadas--990219816/,318499.0,244999.0,1,True
FRA-bicicleta-infantil-butterfly-nathor-roda,Fravega,OTRAS,Deportes y Fitness,Bicicleta Infantil Butterfly Nathor Rodado 16 Negra y Violeta,https://www.fravega.com/p/bicicleta-infantil-butterfly-nathor-rodado-16-negra-y-violeta--563076/,299999.0,199999.0,1,True
FRA-bicicleta-mtb-overtech-q5-r29-21v-con-sh,Fravega,OTRAS,Deportes y Fitness,"Bicicleta Mtb Overtech Q5 R29, 21V con Shimano, Con suspensión, Azul/Azul/Blanco L",https://www.fravega.com/p/bicicleta-mtb-overtech-q5-r29-21v-con-shimano-con-suspension-azul-azul-blanco-l-22491752/,499999.0,269999.0,1,True
FRA-lubricante-profesional-ugnis-fit-para-ci,Fravega,OTRAS,Deportes y Fitness,Lubricante Profesional Ugnis Fit Para Cintas de Caminar y Correr de Silicona Premium en Aerosol 440 cc,https://www.fravega.com/p/lubricante-profesional-ugnis-fit-para-cintas-de-caminar-y-correr-de-silicona-premium-aerosol-440-cc-22513716/,14900.0,13900.0,1,True
FRA-trampolin-de-entrenamiento-trexa-tx-ft1-,Fravega,OTRAS,Deportes y Fitness,Trampolín de entrenamiento Trexa TX-FT1 cama elástica,https://www.fravega.com/p/trampolin-de-entrenamiento-trexa-tx-ft1-cama-elastica-562763/,139999.0,89999.0,1,True
FRA-secador-de-pelo-gama-mistral-ceramic-ion,Fravega,GAMA,Belleza y Cuidado Personal,Secador de Pelo GAMA Mistral Ceramic Ion,https://www.fravega.com/p/secador-de-pelo-gama-mistral-ceramic-ion-13349/,74999.0,56499.0,1,True
FRA-planchita-de-pelo-allure-pl1010ap-titani,Fravega,OTRAS,Belleza y Cuidado Personal,Planchita de Pelo Allure PL1010AP Titanium Ion,https://www.fravega.com/p/planchita-de-pelo-allure-pl1010ap-titanium-ion-13892/,34999.0,21999.0,1,True
FRA-depiladora-ipl-philips-lumea-prestige-br,Fravega,PHILIPS,Belleza y Cuidado Personal,Depiladora IPL Philips Lumea Prestige BRI947/30,https://www.fravega.com/p/depiladora-ipl-philips-lumea-prestige-bri947-30-13275/,999999.0,699999.0,1,True
FRA-secador-de-pelo-profesional-remington-si,Fravega,REMINGTON,Belleza y Cuidado Personal,Secador de Pelo Profesional Remington Silk AC9096 2400W,https://www.fravega.com/p/secador-de-pelo-profesional-remington-silk-ac9096-2400w-11933/,104999.0,84799.0,1,True
FRA-planchita-de-pelo-admiral-ad-pl001-ceram,Fravega,OTRAS,Belleza y Cuidado Personal,Planchita de Pelo Admiral AD-PL001 Ceramic 230,https://www.fravega.com/p/planchita-de-pelo-admiral-ad-pl001-ceramic-230-14214/,39999.0,19999.0,1,True
FRA-depiladora-electrica-philips-bre227-00-1,Fravega,PHILIPS,Belleza y Cuidado Personal,Depiladora Eléctrica Philips BRE227/00,https://www.fravega.com/p/depiladora-electrica-philips-bre227-00-14404/,76999.0,58399.0,1,True
FRA-secador-de-pelo-gama-professional-ultra-,Fravega,GAMA,Belleza y Cuidado Personal,Secador de Pelo Gama Professional Ultra AC 2200W,https://www.fravega.com/p/secador-de-pelo-gama-professional-ultra-ac-2200w-14437/,99999.0,78499.0,1,True
FRA-planchita-de-pelo-gama-elegance-bella-to,Fravega,GAMA,Belleza y Cuidado Personal,Planchita de Pelo GAMA Elegance Bella Tourmaline ION 230°C,https://www.fravega.com/p/planchita-de-pelo-gama-elegance-bella-tourmaline-ion-230c-13040/,77999.0,54999.0,1,True
FRA-depiladora-facial-philips-serie-5000-brr,Fravega,PHILIPS,Belleza y Cuidado Personal,Depiladora Facial Philips Serie 5000 Brr454/00 Rosa,https://www.fravega.com/p/depiladora-facial-philips-serie-5000-brr454-00-rosa-14421/,65999.0,44999.0,1,True
FRA-set-secador-de-pelo-planchita-ceramica-2,Fravega,OTRAS,Belleza y Cuidado Personal,Set Secador De Pelo + Planchita Ceramica 2200w Ultracomb,https://www.fravega.com/p/set-secador-de-pelo-planchita-ceramica-2200w-ultracomb-22630360/,99999.0,57119.0,1,True
FRA-planchita-de-pelo-revlon-titanio-rose-go,Fravega,OTRAS,Belleza y Cuidado Personal,Planchita De Pelo Revlon Titanio Rose Gold Wide Rvst2182rg,https://www.fravega.com/p/planchita-de-pelo-revlon-titanio-rose-gold-wide-rvst2182rg-14465/,69999.0,59999.0,1,True
FRA-depiladora-ipl-philips-lumea-lumea-advan,Fravega,PHILIPS,Belleza y Cuidado Personal,Depiladora IPL Philips Lumea Lumea Advanced BRI920/30 + Recortador,https://www.fravega.com/p/depiladora-ipl-philips-lumea-lumea-advanced-bri920-30-recortador-13149/,699999.0,439999.0,1,True
FRA-secador-de-pelo-remington-on-the-go-d150,Fravega,REMINGTON,Belleza y Cuidado Personal,Secador de Pelo Remington On The Go D1500,https://www.fravega.com/p/secador-de-pelo-remington-on-the-go-d1500-12408/,54999.0,34999.0,1,True
FRA-planchita-de-pelo-remington-wet2straight,Fravega,REMINGTON,Belleza y Cuidado Personal,Planchita de Pelo Remington Wet2Straight S27A,https://www.fravega.com/p/planchita-de-pelo-remington-wet2straight-s27a-14242/,79999.0,64999.0,1,True
FRA-depiladora-facial-con-luz-recargable-usb,Fravega,OTRAS,Belleza y Cuidado Personal,Depiladora Facial Con Luz Recargable Usb Vellos Finos RJ3740 Blanco,https://www.fravega.com/p/depiladora-facial-con-luz-recargable-usb-vellos-finos-rj3740-blanco-22709024/,12829.69,8980.78,1,True
FRA-difusor-de-aire-para-rulos-bellissima-di,Fravega,OTRAS,Belleza y Cuidado Personal,Difusor de Aire para Rulos Bellissima Diffon Ion Ceramic,https://www.fravega.com/p/difusor-de-aire-para-rulos-bellissima-diffon-ion-ceramic-14584/,112999.0,94999.0,1,True
FRA-planchita-de-pelo-atma-pl8862np--13415,Fravega,ATMA,Belleza y Cuidado Personal,Planchita de pelo Atma PL8862NP,https://www.fravega.com/p/planchita-de-pelo-atma-pl8862np--13415/,74999.0,49999.0,1,True
FRA-depiladora-electrica-corporal-gadnic-2-v,Fravega,OTRAS,Belleza y Cuidado Personal,Depiladora Electrica Corporal Gadnic 2 Velocidades,https://www.fravega.com/p/depiladora-electrica-corporal-gadnic-2-velocidades-20057895/,114399.0,87999.0,1,True
FRA-secador-de-pelo-gama-diamond-ceramic-129,Fravega,GAMA,Belleza y Cuidado Personal,Secador de Pelo GAMA Diamond Ceramic,https://www.fravega.com/p/secador-de-pelo-gama-diamond-ceramic-12982/,99999.0,78499.0,1,True
FRA-planchita-de-pelo-philips-essential-care,Fravega,PHILIPS,Belleza y Cuidado Personal,Planchita de Pelo Philips Essential Care HP832100,https://www.fravega.com/p/planchita-de-pelo-philips-essential-care-hp832100-12497/,62099.0,55999.0,1,True
FRA-repuesto-cuchillas-x2-para-cortabarba-ph,Fravega,PHILIPS,Belleza y Cuidado Personal,Repuesto Cuchillas x2 para Cortabarba Philips OneBlade,https://www.fravega.com/p/repuesto-cuchillas-x2-para-cortabarba-philips-oneblade-30460/,31499.0,29999.0,1,True
FRA-afeitadora-electrica-inalambrica-philco-,Fravega,PHILCO,Belleza y Cuidado Personal,Afeitadora Eléctrica Inalámbrica Philco AE5105,https://www.fravega.com/p/afeitadora-electrica-inalambrica-philco-ae5105-30464/,54999.0,38999.0,1,True
FRA-afeitadora-philips-s1881-00-serie-1000-u,Fravega,PHILIPS,Belleza y Cuidado Personal,Afeitadora Philips S1881/00 Serie 1000 uso en Húmedo y Seco,https://www.fravega.com/p/afeitadora-philips-s1881-00-serie-1000-uso-humedo-y-seco-30625/,89999.0,65599.0,1,True
FRA-afeitadora-electrica-philips-serie-7000-,Fravega,PHILIPS,Belleza y Cuidado Personal,Afeitadora Eléctrica Philips Serie 7000,https://www.fravega.com/p/afeitadora-electrica-philips-serie-7000-30617/,251999.0,199999.0,1,True
FRA-afeitadora-philips-serie-5000-x5012-05-3,Fravega,PHILIPS,Belleza y Cuidado Personal,Afeitadora Philips Serie 5000 X5012/05,https://www.fravega.com/p/afeitadora-philips-serie-5000-x5012-05-30374/,139999.0,96999.0,1,True
FRA-afeitadora-de-cabeza-remington-balder-pr,Fravega,REMINGTON,Belleza y Cuidado Personal,Afeitadora de cabeza Remington Balder PRO XR7001,https://www.fravega.com/p/afeitadora-de-cabeza-remington-balder-pro-xr7001-30353/,149999.0,109999.0,1,True
FRA-recortadora-afeitar-cejas-barba-vk-4803-,Fravega,OTRAS,Belleza y Cuidado Personal,Recortadora Afeitar Cejas Barba Vk-4803 Ultracomb  3 en 1,https://www.fravega.com/p/recortadora-afeitar-cejas-barba-vk-4803-ultracomb-3-1-990275803/,19379.83,11595.9,1,True
FRA-recortadora-de-pelo-para-nariz-y-oreja-p,Fravega,PHILIPS,Belleza y Cuidado Personal,Recortadora de Pelo para Nariz y Oreja Philips NT1620/15,https://www.fravega.com/p/recortadora-de-pelo-para-nariz-y-oreja-philips-nt1620-15-30269/,24999.0,22999.0,1,True
FRA-trimmer-gama-italy-c-800-afeitadora-nari,Fravega,GAMA,Belleza y Cuidado Personal,Trimmer Gama Italy C-800 Afeitadora Nariz Oreja Inalámbrica a Pilas Con Base,https://www.fravega.com/p/trimmer-gama-italy-c-800-afeitadora-nariz-oreja-inalambrica-a-pilas-con-base-21961116/,34165.0,20499.0,1,True
FRA-afeitadora-philco-turbo-ae5305-30319,Fravega,PHILCO,Belleza y Cuidado Personal,Afeitadora Philco Turbo AE5305,https://www.fravega.com/p/afeitadora-philco-turbo-ae5305-30319/,74999.0,59999.0,1,True
FRA-afeitadora-philips-serie-3000-s3882-00-w,Fravega,PHILIPS,Belleza y Cuidado Personal,Afeitadora Philips Serie 3000 S3882/00 Wet & Dry,https://www.fravega.com/p/afeitadora-philips-serie-3000-s3882-00-wet--dry-30616/,143999.0,83999.0,1,True
FRA-razor-body-blanca-afeitadora-zonas-intim,Fravega,OTRAS,Belleza y Cuidado Personal,"Razor Body Blanca - Afeitadora Zonas Íntimas, cuerpo, barba y pelo",https://www.fravega.com/p/razor-body-blanca-afeitadora-zonas-intimas-cuerpo-barba-y-pelo-21351092/,119990.0,95992.0,1,True
FRA-afeitadora-philips-s5898-17-30315,Fravega,PHILIPS,Belleza y Cuidado Personal,Afeitadora Philips S5898/17,https://www.fravega.com/p/afeitadora-philips-s5898-17-30315/,194999.0,184999.0,1,True
FRA-afeitadora-philco-ae5305pp-inalambrica-w,Fravega,PHILCO,Belleza y Cuidado Personal,Afeitadora Philco Ae5305pp Inalámbrica Wet & Dry 360°,https://www.fravega.com/p/afeitadora-philco-ae5305pp-inalambrica-wet--dry-360-990048849/,74799.0,67999.0,1,True
FRA-trimmer-gama-italy-gt430-gris-corta-barb,Fravega,GAMA,Belleza y Cuidado Personal,Trimmer Gama Italy Gt430 Gris Corta Barba Y Pelo Compacta De Viaje Inalámbrica Con Peine Regulable,https://www.fravega.com/p/trimmer-gama-italy-gt430-gris-corta-barba-y-pelo-compacta-de-viaje-inalambrica-con-peine-regulable-21961112/,37665.0,22599.0,1,True
FRA-razor-body-pro-bacan-by-mantra-afeitador,Fravega,OTRAS,Belleza y Cuidado Personal,Razor Body Pro Bacan By Mantra Afeitadora Zonas Intimas Men,https://www.fravega.com/p/razor-body-pro-bacan-by-mantra-afeitadora-zonas-intimas-men-22301719/,169990.0,135992.0,1,True
FRA-afeitadora-barbasol-cbt1-3104-cara-y-cue,Fravega,OTRAS,Belleza y Cuidado Personal,Afeitadora Barbasol CBT1-3104 Cara Y Cuerpo Con Base Display Lcd Y Luz,https://www.fravega.com/p/afeitadora-barbasol-cbt1-3104-cara-y-cuerpo-con-base-display-lcd-y-luz-22499572/,68248.0,33999.0,1,True
FRA-recortadora-trimmer-gama-italy-gnt-512-c,Fravega,GAMA,Belleza y Cuidado Personal,Recortadora Trimmer Gama Italy GNT 512 Color Negro Inalambrico,https://www.fravega.com/p/recortadora-trimmer-gama-italy-gnt-512-color-negro-inalambrico-22560070/,28165.0,16899.0,1,True
FRA-afeitadora-wahl-travel-shaver-negra--226,Fravega,OTRAS,Belleza y Cuidado Personal,Afeitadora Wahl Travel Shaver Negra,https://www.fravega.com/p/afeitadora-wahl-travel-shaver-negra--22635264/,49999.0,33000.0,1,True
FRA-winco-w816-recortador-afeitadora-de-barb,Fravega,ACER,Belleza y Cuidado Personal,Winco W816 Recortador Afeitadora De Barba Cuchilla Acero,https://www.fravega.com/p/winco-w816-recortador-afeitadora-de-barba-cuchilla-acero-22657748/,32999.0,24899.0,1,True
FRA-perfume-revlon-charlie-blue-edt-para-muj,Fravega,OTRAS,Belleza y Cuidado Personal,Perfume Revlon Charlie Blue EDT para mujer 100 ml/3.4 fl.oz,https://www.fravega.com/p/perfume-revlon-charlie-blue-edt-para-mujer-100-ml-3-4-fl-oz-22826743/,62026.0,52722.1,1,True
FRA-combo-alisado-luminoliss-250gr-shampoo-l,Fravega,OTRAS,Belleza y Cuidado Personal,Combo Alisado Luminoliss 250gr + Shampoo Luminoclean 300gr,https://www.fravega.com/p/combo-alisado-luminoliss-250gr-shampoo-luminoclean-300gr-22859950/,31910.0,25530.0,1,True
FRA-l-eau-d-issey-pour-homme-eau--cedre-edt-,Fravega,OTRAS,Belleza y Cuidado Personal,L'eau d'Issey pour Homme Eau & Cèdre EDT,https://www.fravega.com/p/l-eau-d-issey-pour-homme-eau--cedre-edt-990283321/,268000.0,221487.6,1,True
FRA-fidelite-shampoo-y-acondicionador-230-ma,Fravega,OTRAS,Belleza y Cuidado Personal,Fidelite Shampoo Y Acondicionador 230 + Mascara 270 Keratina,https://www.fravega.com/p/fidelite-shampoo-y-acondicionador-230-mascara-270-keratina-21229607/,18290.0,14630.0,1,True
FRA-montale-arabians-tonka-eau-de-parfum-3-4,Fravega,OTRAS,Belleza y Cuidado Personal,Montale Arabians Tonka Eau De Parfum 3.4 Onzas,https://www.fravega.com/p/montale-arabians-tonka-eau-de-parfum-3-4-onzas-22597445/,751216.0,488290.0,1,True
FRA-ds-laboratories-revita-shampoo-champu-pa,Fravega,OTRAS,Belleza y Cuidado Personal,DS Laboratories Revita Shampoo - Champú para el,https://www.fravega.com/p/ds-laboratories-revita-shampoo-champu-para-el-22662562/,104052.0,72836.0,1,True
FRA-perfume-montale-arabians-tonka-eau-de-pa,Fravega,OTRAS,Belleza y Cuidado Personal,Perfume MONTALE Arabians Tonka Eau De Parfum 100 ml para hom,https://www.fravega.com/p/perfume-montale-arabians-tonka-eau-de-parfum-100-ml-para-hom-22826641/,330082.0,306976.26,1,True
FRA-removedor-de-tinte-para-cabello-color-oo,Fravega,OTRAS,Belleza y Cuidado Personal,Removedor de Tinte para Cabello Color Oops con Acondicionador Extra,https://www.fravega.com/p/removedor-de-tinte-para-cabello-color-oops-con-acondicionador-extra-22721279/,91369.0,77663.65,1,True
FRA-perfume-jean-paul-gaultier-le-male-elixi,Fravega,OTRAS,Belleza y Cuidado Personal,Perfume Jean Paul Gaultier Le Male Elixir Parfum 125ml,https://www.fravega.com/p/perfume-jean-paul-gaultier-le-male-elixir-parfum-125ml-990153115/,351000.0,350999.99,1,True
FRA-texture-dust-polvo-texturizador-mate-dus,Fravega,OTRAS,Belleza y Cuidado Personal,Texture Dust Polvo Texturizador Mate Dust It Volumen 10 Gr,https://www.fravega.com/p/texture-dust-polvo-texturizador-mate-dust-it-volumen-10-gr-22127191/,12999.0,10999.0,1,True
FRA-givenchy-organza-3-3-oz-eau-de-parfum-sp,Fravega,OTRAS,Belleza y Cuidado Personal,Givenchy ORGANZA 3.3 OZ EAU DE PARFUM SPRAY NUEVO,https://www.fravega.com/p/givenchy-organza-3-3-oz-eau-de-parfum-spray-nuevo-22711682/,252671.0,164236.0,1,True
FRA-aceite-de-ricino-puro-organico-prensado-,Fravega,OTRAS,Belleza y Cuidado Personal,Aceite de ricino puro orgánico prensado en frío,https://www.fravega.com/p/aceite-de-ricino-puro-organico-prensado-frio-22670424/,111592.0,78114.0,1,True
FRA-perfume-estee-lauder-pleasures-eau-de-pa,Fravega,OTRAS,Belleza y Cuidado Personal,Perfume Estée Lauder Pleasures Eau de Parfum 100 ml,https://www.fravega.com/p/perfume-estee-lauder-pleasures-eau-de-parfum-100-ml-22923067/,167506.0,155780.58,1,True
FRA-champu-anticaspa-medicinal-selsun-blue-d,Fravega,OTRAS,Belleza y Cuidado Personal,Champú anticaspa medicinal Selsun Blue de 325 ml de máxima p,https://www.fravega.com/p/champu-anticaspa-medicinal-selsun-blue-de-325-ml-de-maxima-p-22833632/,79647.0,67699.95,1,True
FRA-perfume-afnan-supremacy-collectors-editi,Fravega,OTRAS,Belleza y Cuidado Personal,Perfume Afnan Supremacy Collectors Edition Eau De,https://www.fravega.com/p/perfume-afnan-supremacy-collectors-edition-eau-de-22879154/,236756.0,165729.0,1,True
FRA-color-para-barba-indus-valley-hipoalerge,Fravega,OTRAS,Belleza y Cuidado Personal,Color para Barba INDUS VALLEY Hipoalergénico Botánico Negro 115g,https://www.fravega.com/p/color-para-barba-indus-valley-hipoalergenico-botanico-negro-115g-22866514/,86916.0,71831.4,1,True
FRA-perfume-liquid-brun-french-avenue-100ml-,Fravega,OTRAS,Belleza y Cuidado Personal,Perfume Liquid Brun French Avenue 100ml Edp Arabe,https://www.fravega.com/p/perfume-liquid-brun-french-avenue-100ml-edp-arabe-22599035/,137999.0,103499.0,1,True
FRA-fidelite-caja-de-ampollas-tratamiento-re,Fravega,OTRAS,Belleza y Cuidado Personal,Fidelite Caja De Ampollas Tratamiento Restaurador Argan X 12,https://www.fravega.com/p/fidelite-caja-de-ampollas-tratamiento-restaurador-argan-x-12-21229611/,35910.0,28730.0,1,True
FRA-caro-cuore-edt-990283318,Fravega,OTRAS,Belleza y Cuidado Personal,Caro Cuore EDT,https://www.fravega.com/p/caro-cuore-edt-990283318/,39900.0,32975.21,1,True
FRA-dercos-anticaspa-shampoo-cabello-normal-,Fravega,OTRAS,Belleza y Cuidado Personal,Dercos Anticaspa Shampoo Cabello Normal A Graso X 200Ml,https://www.fravega.com/p/dercos-anticaspa-shampoo-cabello-normal-a-graso-x-200ml-21402461/,45024.0,37209.92,1,True
FRA-secador-de-pelo-gama-mistral-ceramic-ion,Fravega,GAMA,Belleza y Cuidado Personal,Secador de Pelo GAMA Mistral Ceramic Ion,https://www.fravega.com/p/secador-de-pelo-gama-mistral-ceramic-ion-13349/,74999.0,56499.0,1,True
FRA-planchita-de-pelo-allure-pl1010ap-titani,Fravega,OTRAS,Belleza y Cuidado Personal,Planchita de Pelo Allure PL1010AP Titanium Ion,https://www.fravega.com/p/planchita-de-pelo-allure-pl1010ap-titanium-ion-13892/,34999.0,21999.0,1,True
FRA-depiladora-ipl-philips-lumea-prestige-br,Fravega,PHILIPS,Belleza y Cuidado Personal,Depiladora IPL Philips Lumea Prestige BRI947/30,https://www.fravega.com/p/depiladora-ipl-philips-lumea-prestige-bri947-30-13275/,999999.0,699999.0,1,True
FRA-secador-de-pelo-profesional-remington-si,Fravega,REMINGTON,Belleza y Cuidado Personal,Secador de Pelo Profesional Remington Silk AC9096 2400W,https://www.fravega.com/p/secador-de-pelo-profesional-remington-silk-ac9096-2400w-11933/,104999.0,84799.0,1,True
FRA-planchita-de-pelo-admiral-ad-pl001-ceram,Fravega,OTRAS,Belleza y Cuidado Personal,Planchita de Pelo Admiral AD-PL001 Ceramic 230,https://www.fravega.com/p/planchita-de-pelo-admiral-ad-pl001-ceramic-230-14214/,39999.0,19999.0,1,True
FRA-depiladora-electrica-philips-bre227-00-1,Fravega,PHILIPS,Belleza y Cuidado Personal,Depiladora Eléctrica Philips BRE227/00,https://www.fravega.com/p/depiladora-electrica-philips-bre227-00-14404/,76999.0,58399.0,1,True
FRA-secador-de-pelo-gama-professional-ultra-,Fravega,GAMA,Belleza y Cuidado Personal,Secador de Pelo Gama Professional Ultra AC 2200W,https://www.fravega.com/p/secador-de-pelo-gama-professional-ultra-ac-2200w-14437/,99999.0,78499.0,1,True
FRA-planchita-de-pelo-gama-elegance-bella-to,Fravega,GAMA,Belleza y Cuidado Personal,Planchita de Pelo GAMA Elegance Bella Tourmaline ION 230°C,https://www.fravega.com/p/planchita-de-pelo-gama-elegance-bella-tourmaline-ion-230c-13040/,77999.0,54999.0,1,True
FRA-depiladora-facial-philips-serie-5000-brr,Fravega,PHILIPS,Belleza y Cuidado Personal,Depiladora Facial Philips Serie 5000 Brr454/00 Rosa,https://www.fravega.com/p/depiladora-facial-philips-serie-5000-brr454-00-rosa-14421/,65999.0,44999.0,1,True
FRA-set-secador-de-pelo-planchita-ceramica-2,Fravega,OTRAS,Belleza y Cuidado Personal,Set Secador De Pelo + Planchita Ceramica 2200w Ultracomb,https://www.fravega.com/p/set-secador-de-pelo-planchita-ceramica-2200w-ultracomb-22630360/,99999.0,57119.0,1,True
FRA-planchita-de-pelo-revlon-titanio-rose-go,Fravega,OTRAS,Belleza y Cuidado Personal,Planchita De Pelo Revlon Titanio Rose Gold Wide Rvst2182rg,https://www.fravega.com/p/planchita-de-pelo-revlon-titanio-rose-gold-wide-rvst2182rg-14465/,69999.0,59999.0,1,True
FRA-depiladora-ipl-philips-lumea-lumea-advan,Fravega,PHILIPS,Belleza y Cuidado Personal,Depiladora IPL Philips Lumea Lumea Advanced BRI920/30 + Recortador,https://www.fravega.com/p/depiladora-ipl-philips-lumea-lumea-advanced-bri920-30-recortador-13149/,699999.0,439999.0,1,True
FRA-secador-de-pelo-remington-on-the-go-d150,Fravega,REMINGTON,Belleza y Cuidado Personal,Secador de Pelo Remington On The Go D1500,https://www.fravega.com/p/secador-de-pelo-remington-on-the-go-d1500-12408/,54999.0,34999.0,1,True
FRA-planchita-de-pelo-remington-wet2straight,Fravega,REMINGTON,Belleza y Cuidado Personal,Planchita de Pelo Remington Wet2Straight S27A,https://www.fravega.com/p/planchita-de-pelo-remington-wet2straight-s27a-14242/,79999.0,64999.0,1,True
FRA-depiladora-facial-con-luz-recargable-usb,Fravega,OTRAS,Belleza y Cuidado Personal,Depiladora Facial Con Luz Recargable Usb Vellos Finos RJ3740 Blanco,https://www.fravega.com/p/depiladora-facial-con-luz-recargable-usb-vellos-finos-rj3740-blanco-22709024/,12829.69,8980.78,1,True
FRA-difusor-de-aire-para-rulos-bellissima-di,Fravega,OTRAS,Belleza y Cuidado Personal,Difusor de Aire para Rulos Bellissima Diffon Ion Ceramic,https://www.fravega.com/p/difusor-de-aire-para-rulos-bellissima-diffon-ion-ceramic-14584/,112999.0,94999.0,1,True
FRA-planchita-de-pelo-atma-pl8862np--13415,Fravega,ATMA,Belleza y Cuidado Personal,Planchita de pelo Atma PL8862NP,https://www.fravega.com/p/planchita-de-pelo-atma-pl8862np--13415/,74999.0,49999.0,1,True
FRA-depiladora-electrica-corporal-gadnic-2-v,Fravega,OTRAS,Belleza y Cuidado Personal,Depiladora Electrica Corporal Gadnic 2 Velocidades,https://www.fravega.com/p/depiladora-electrica-corporal-gadnic-2-velocidades-20057895/,114399.0,87999.0,1,True
FRA-secador-de-pelo-gama-diamond-ceramic-129,Fravega,GAMA,Belleza y Cuidado Personal,Secador de Pelo GAMA Diamond Ceramic,https://www.fravega.com/p/secador-de-pelo-gama-diamond-ceramic-12982/,99999.0,78499.0,1,True
FRA-planchita-de-pelo-philips-essential-care,Fravega,PHILIPS,Belleza y Cuidado Personal,Planchita de Pelo Philips Essential Care HP832100,https://www.fravega.com/p/planchita-de-pelo-philips-essential-care-hp832100-12497/,62099.0,55999.0,1,True
FRA-repuesto-cuchillas-x2-para-cortabarba-ph,Fravega,PHILIPS,Belleza y Cuidado Personal,Repuesto Cuchillas x2 para Cortabarba Philips OneBlade,https://www.fravega.com/p/repuesto-cuchillas-x2-para-cortabarba-philips-oneblade-30460/,31499.0,29999.0,1,True
FRA-afeitadora-electrica-inalambrica-philco-,Fravega,PHILCO,Belleza y Cuidado Personal,Afeitadora Eléctrica Inalámbrica Philco AE5105,https://www.fravega.com/p/afeitadora-electrica-inalambrica-philco-ae5105-30464/,54999.0,38999.0,1,True
FRA-afeitadora-philips-s1881-00-serie-1000-u,Fravega,PHILIPS,Belleza y Cuidado Personal,Afeitadora Philips S1881/00 Serie 1000 uso en Húmedo y Seco,https://www.fravega.com/p/afeitadora-philips-s1881-00-serie-1000-uso-humedo-y-seco-30625/,89999.0,65599.0,1,True
FRA-afeitadora-electrica-philips-serie-7000-,Fravega,PHILIPS,Belleza y Cuidado Personal,Afeitadora Eléctrica Philips Serie 7000,https://www.fravega.com/p/afeitadora-electrica-philips-serie-7000-30617/,251999.0,199999.0,1,True
FRA-afeitadora-philips-serie-5000-x5012-05-3,Fravega,PHILIPS,Belleza y Cuidado Personal,Afeitadora Philips Serie 5000 X5012/05,https://www.fravega.com/p/afeitadora-philips-serie-5000-x5012-05-30374/,139999.0,96999.0,1,True
FRA-afeitadora-de-cabeza-remington-balder-pr,Fravega,REMINGTON,Belleza y Cuidado Personal,Afeitadora de cabeza Remington Balder PRO XR7001,https://www.fravega.com/p/afeitadora-de-cabeza-remington-balder-pro-xr7001-30353/,149999.0,109999.0,1,True
FRA-recortadora-afeitar-cejas-barba-vk-4803-,Fravega,OTRAS,Belleza y Cuidado Personal,Recortadora Afeitar Cejas Barba Vk-4803 Ultracomb  3 en 1,https://www.fravega.com/p/recortadora-afeitar-cejas-barba-vk-4803-ultracomb-3-1-990275803/,19379.83,11595.9,1,True
FRA-recortadora-de-pelo-para-nariz-y-oreja-p,Fravega,PHILIPS,Belleza y Cuidado Personal,Recortadora de Pelo para Nariz y Oreja Philips NT1620/15,https://www.fravega.com/p/recortadora-de-pelo-para-nariz-y-oreja-philips-nt1620-15-30269/,24999.0,22999.0,1,True
FRA-trimmer-gama-italy-c-800-afeitadora-nari,Fravega,GAMA,Belleza y Cuidado Personal,Trimmer Gama Italy C-800 Afeitadora Nariz Oreja Inalámbrica a Pilas Con Base,https://www.fravega.com/p/trimmer-gama-italy-c-800-afeitadora-nariz-oreja-inalambrica-a-pilas-con-base-21961116/,34165.0,20499.0,1,True
FRA-afeitadora-philco-turbo-ae5305-30319,Fravega,PHILCO,Belleza y Cuidado Personal,Afeitadora Philco Turbo AE5305,https://www.fravega.com/p/afeitadora-philco-turbo-ae5305-30319/,74999.0,59999.0,1,True
FRA-afeitadora-philips-serie-3000-s3882-00-w,Fravega,PHILIPS,Belleza y Cuidado Personal,Afeitadora Philips Serie 3000 S3882/00 Wet & Dry,https://www.fravega.com/p/afeitadora-philips-serie-3000-s3882-00-wet--dry-30616/,143999.0,83999.0,1,True
FRA-razor-body-blanca-afeitadora-zonas-intim,Fravega,OTRAS,Belleza y Cuidado Personal,"Razor Body Blanca - Afeitadora Zonas Íntimas, cuerpo, barba y pelo",https://www.fravega.com/p/razor-body-blanca-afeitadora-zonas-intimas-cuerpo-barba-y-pelo-21351092/,119990.0,95992.0,1,True
FRA-afeitadora-philips-s5898-17-30315,Fravega,PHILIPS,Belleza y Cuidado Personal,Afeitadora Philips S5898/17,https://www.fravega.com/p/afeitadora-philips-s5898-17-30315/,194999.0,184999.0,1,True
FRA-afeitadora-philco-ae5305pp-inalambrica-w,Fravega,PHILCO,Belleza y Cuidado Personal,Afeitadora Philco Ae5305pp Inalámbrica Wet & Dry 360°,https://www.fravega.com/p/afeitadora-philco-ae5305pp-inalambrica-wet--dry-360-990048849/,74799.0,67999.0,1,True
FRA-trimmer-gama-italy-gt430-gris-corta-barb,Fravega,GAMA,Belleza y Cuidado Personal,Trimmer Gama Italy Gt430 Gris Corta Barba Y Pelo Compacta De Viaje Inalámbrica Con Peine Regulable,https://www.fravega.com/p/trimmer-gama-italy-gt430-gris-corta-barba-y-pelo-compacta-de-viaje-inalambrica-con-peine-regulable-21961112/,37665.0,22599.0,1,True
FRA-razor-body-pro-bacan-by-mantra-afeitador,Fravega,OTRAS,Belleza y Cuidado Personal,Razor Body Pro Bacan By Mantra Afeitadora Zonas Intimas Men,https://www.fravega.com/p/razor-body-pro-bacan-by-mantra-afeitadora-zonas-intimas-men-22301719/,169990.0,135992.0,1,True
FRA-afeitadora-barbasol-cbt1-3104-cara-y-cue,Fravega,OTRAS,Belleza y Cuidado Personal,Afeitadora Barbasol CBT1-3104 Cara Y Cuerpo Con Base Display Lcd Y Luz,https://www.fravega.com/p/afeitadora-barbasol-cbt1-3104-cara-y-cuerpo-con-base-display-lcd-y-luz-22499572/,68248.0,33999.0,1,True
FRA-recortadora-trimmer-gama-italy-gnt-512-c,Fravega,GAMA,Belleza y Cuidado Personal,Recortadora Trimmer Gama Italy GNT 512 Color Negro Inalambrico,https://www.fravega.com/p/recortadora-trimmer-gama-italy-gnt-512-color-negro-inalambrico-22560070/,28165.0,16899.0,1,True
FRA-afeitadora-wahl-travel-shaver-negra--226,Fravega,OTRAS,Belleza y Cuidado Personal,Afeitadora Wahl Travel Shaver Negra,https://www.fravega.com/p/afeitadora-wahl-travel-shaver-negra--22635264/,49999.0,33000.0,1,True
FRA-winco-w816-recortador-afeitadora-de-barb,Fravega,ACER,Belleza y Cuidado Personal,Winco W816 Recortador Afeitadora De Barba Cuchilla Acero,https://www.fravega.com/p/winco-w816-recortador-afeitadora-de-barba-cuchilla-acero-22657748/,32999.0,24899.0,1,True
FRA-perfume-revlon-charlie-blue-edt-para-muj,Fravega,OTRAS,Belleza y Cuidado Personal,Perfume Revlon Charlie Blue EDT para mujer 100 ml/3.4 fl.oz,https://www.fravega.com/p/perfume-revlon-charlie-blue-edt-para-mujer-100-ml-3-4-fl-oz-22826743/,62026.0,52722.1,1,True
FRA-combo-alisado-luminoliss-250gr-shampoo-l,Fravega,OTRAS,Belleza y Cuidado Personal,Combo Alisado Luminoliss 250gr + Shampoo Luminoclean 300gr,https://www.fravega.com/p/combo-alisado-luminoliss-250gr-shampoo-luminoclean-300gr-22859950/,31910.0,25530.0,1,True
FRA-l-eau-d-issey-pour-homme-eau--cedre-edt-,Fravega,OTRAS,Belleza y Cuidado Personal,L'eau d'Issey pour Homme Eau & Cèdre EDT,https://www.fravega.com/p/l-eau-d-issey-pour-homme-eau--cedre-edt-990283321/,268000.0,221487.6,1,True
FRA-fidelite-shampoo-y-acondicionador-230-ma,Fravega,OTRAS,Belleza y Cuidado Personal,Fidelite Shampoo Y Acondicionador 230 + Mascara 270 Keratina,https://www.fravega.com/p/fidelite-shampoo-y-acondicionador-230-mascara-270-keratina-21229607/,18290.0,14630.0,1,True
FRA-montale-arabians-tonka-eau-de-parfum-3-4,Fravega,OTRAS,Belleza y Cuidado Personal,Montale Arabians Tonka Eau De Parfum 3.4 Onzas,https://www.fravega.com/p/montale-arabians-tonka-eau-de-parfum-3-4-onzas-22597445/,751216.0,488290.0,1,True
FRA-ds-laboratories-revita-shampoo-champu-pa,Fravega,OTRAS,Belleza y Cuidado Personal,DS Laboratories Revita Shampoo - Champú para el,https://www.fravega.com/p/ds-laboratories-revita-shampoo-champu-para-el-22662562/,104052.0,72836.0,1,True
FRA-perfume-montale-arabians-tonka-eau-de-pa,Fravega,OTRAS,Belleza y Cuidado Personal,Perfume MONTALE Arabians Tonka Eau De Parfum 100 ml para hom,https://www.fravega.com/p/perfume-montale-arabians-tonka-eau-de-parfum-100-ml-para-hom-22826641/,330082.0,306976.26,1,True
FRA-removedor-de-tinte-para-cabello-color-oo,Fravega,OTRAS,Belleza y Cuidado Personal,Removedor de Tinte para Cabello Color Oops con Acondicionador Extra,https://www.fravega.com/p/removedor-de-tinte-para-cabello-color-oops-con-acondicionador-extra-22721279/,91369.0,77663.65,1,True
FRA-perfume-jean-paul-gaultier-le-male-elixi,Fravega,OTRAS,Belleza y Cuidado Personal,Perfume Jean Paul Gaultier Le Male Elixir Parfum 125ml,https://www.fravega.com/p/perfume-jean-paul-gaultier-le-male-elixir-parfum-125ml-990153115/,351000.0,350999.99,1,True
FRA-texture-dust-polvo-texturizador-mate-dus,Fravega,OTRAS,Belleza y Cuidado Personal,Texture Dust Polvo Texturizador Mate Dust It Volumen 10 Gr,https://www.fravega.com/p/texture-dust-polvo-texturizador-mate-dust-it-volumen-10-gr-22127191/,12999.0,10999.0,1,True
FRA-givenchy-organza-3-3-oz-eau-de-parfum-sp,Fravega,OTRAS,Belleza y Cuidado Personal,Givenchy ORGANZA 3.3 OZ EAU DE PARFUM SPRAY NUEVO,https://www.fravega.com/p/givenchy-organza-3-3-oz-eau-de-parfum-spray-nuevo-22711682/,252671.0,164236.0,1,True
FRA-aceite-de-ricino-puro-organico-prensado-,Fravega,OTRAS,Belleza y Cuidado Personal,Aceite de ricino puro orgánico prensado en frío,https://www.fravega.com/p/aceite-de-ricino-puro-organico-prensado-frio-22670424/,111592.0,78114.0,1,True
FRA-perfume-estee-lauder-pleasures-eau-de-pa,Fravega,OTRAS,Belleza y Cuidado Personal,Perfume Estée Lauder Pleasures Eau de Parfum 100 ml,https://www.fravega.com/p/perfume-estee-lauder-pleasures-eau-de-parfum-100-ml-22923067/,167506.0,155780.58,1,True
FRA-champu-anticaspa-medicinal-selsun-blue-d,Fravega,OTRAS,Belleza y Cuidado Personal,Champú anticaspa medicinal Selsun Blue de 325 ml de máxima p,https://www.fravega.com/p/champu-anticaspa-medicinal-selsun-blue-de-325-ml-de-maxima-p-22833632/,79647.0,67699.95,1,True
FRA-perfume-afnan-supremacy-collectors-editi,Fravega,OTRAS,Belleza y Cuidado Personal,Perfume Afnan Supremacy Collectors Edition Eau De,https://www.fravega.com/p/perfume-afnan-supremacy-collectors-edition-eau-de-22879154/,236756.0,165729.0,1,True
FRA-color-para-barba-indus-valley-hipoalerge,Fravega,OTRAS,Belleza y Cuidado Personal,Color para Barba INDUS VALLEY Hipoalergénico Botánico Negro 115g,https://www.fravega.com/p/color-para-barba-indus-valley-hipoalergenico-botanico-negro-115g-22866514/,86916.0,71831.4,1,True
FRA-perfume-liquid-brun-french-avenue-100ml-,Fravega,OTRAS,Belleza y Cuidado Personal,Perfume Liquid Brun French Avenue 100ml Edp Arabe,https://www.fravega.com/p/perfume-liquid-brun-french-avenue-100ml-edp-arabe-22599035/,137999.0,103499.0,1,True
FRA-fidelite-caja-de-ampollas-tratamiento-re,Fravega,OTRAS,Belleza y Cuidado Personal,Fidelite Caja De Ampollas Tratamiento Restaurador Argan X 12,https://www.fravega.com/p/fidelite-caja-de-ampollas-tratamiento-restaurador-argan-x-12-21229611/,35910.0,28730.0,1,True
FRA-caro-cuore-edt-990283318,Fravega,OTRAS,Belleza y Cuidado Personal,Caro Cuore EDT,https://www.fravega.com/p/caro-cuore-edt-990283318/,39900.0,32975.21,1,True
FRA-dercos-anticaspa-shampoo-cabello-normal-,Fravega,OTRAS,Belleza y Cuidado Personal,Dercos Anticaspa Shampoo Cabello Normal A Graso X 200Ml,https://www.fravega.com/p/dercos-anticaspa-shampoo-cabello-normal-a-graso-x-200ml-21402461/,45024.0,37209.92,1,True
FRA-secador-de-pelo-gama-mistral-ceramic-ion,Fravega,GAMA,Belleza y Cuidado Personal,Secador de Pelo GAMA Mistral Ceramic Ion,https://www.fravega.com/p/secador-de-pelo-gama-mistral-ceramic-ion-13349/,74999.0,56499.0,1,True
FRA-planchita-de-pelo-allure-pl1010ap-titani,Fravega,OTRAS,Belleza y Cuidado Personal,Planchita de Pelo Allure PL1010AP Titanium Ion,https://www.fravega.com/p/planchita-de-pelo-allure-pl1010ap-titanium-ion-13892/,34999.0,21999.0,1,True
FRA-depiladora-ipl-philips-lumea-prestige-br,Fravega,PHILIPS,Belleza y Cuidado Personal,Depiladora IPL Philips Lumea Prestige BRI947/30,https://www.fravega.com/p/depiladora-ipl-philips-lumea-prestige-bri947-30-13275/,999999.0,699999.0,1,True
FRA-secador-de-pelo-profesional-remington-si,Fravega,REMINGTON,Belleza y Cuidado Personal,Secador de Pelo Profesional Remington Silk AC9096 2400W,https://www.fravega.com/p/secador-de-pelo-profesional-remington-silk-ac9096-2400w-11933/,104999.0,84799.0,1,True
FRA-planchita-de-pelo-admiral-ad-pl001-ceram,Fravega,OTRAS,Belleza y Cuidado Personal,Planchita de Pelo Admiral AD-PL001 Ceramic 230,https://www.fravega.com/p/planchita-de-pelo-admiral-ad-pl001-ceramic-230-14214/,39999.0,19999.0,1,True
FRA-depiladora-electrica-philips-bre227-00-1,Fravega,PHILIPS,Belleza y Cuidado Personal,Depiladora Eléctrica Philips BRE227/00,https://www.fravega.com/p/depiladora-electrica-philips-bre227-00-14404/,76999.0,58399.0,1,True
FRA-secador-de-pelo-gama-professional-ultra-,Fravega,GAMA,Belleza y Cuidado Personal,Secador de Pelo Gama Professional Ultra AC 2200W,https://www.fravega.com/p/secador-de-pelo-gama-professional-ultra-ac-2200w-14437/,99999.0,78499.0,1,True
FRA-planchita-de-pelo-gama-elegance-bella-to,Fravega,GAMA,Belleza y Cuidado Personal,Planchita de Pelo GAMA Elegance Bella Tourmaline ION 230°C,https://www.fravega.com/p/planchita-de-pelo-gama-elegance-bella-tourmaline-ion-230c-13040/,77999.0,54999.0,1,True
FRA-depiladora-facial-philips-serie-5000-brr,Fravega,PHILIPS,Belleza y Cuidado Personal,Depiladora Facial Philips Serie 5000 Brr454/00 Rosa,https://www.fravega.com/p/depiladora-facial-philips-serie-5000-brr454-00-rosa-14421/,65999.0,44999.0,1,True
FRA-set-secador-de-pelo-planchita-ceramica-2,Fravega,OTRAS,Belleza y Cuidado Personal,Set Secador De Pelo + Planchita Ceramica 2200w Ultracomb,https://www.fravega.com/p/set-secador-de-pelo-planchita-ceramica-2200w-ultracomb-22630360/,99999.0,57119.0,1,True
FRA-planchita-de-pelo-revlon-titanio-rose-go,Fravega,OTRAS,Belleza y Cuidado Personal,Planchita De Pelo Revlon Titanio Rose Gold Wide Rvst2182rg,https://www.fravega.com/p/planchita-de-pelo-revlon-titanio-rose-gold-wide-rvst2182rg-14465/,69999.0,59999.0,1,True
FRA-depiladora-ipl-philips-lumea-lumea-advan,Fravega,PHILIPS,Belleza y Cuidado Personal,Depiladora IPL Philips Lumea Lumea Advanced BRI920/30 + Recortador,https://www.fravega.com/p/depiladora-ipl-philips-lumea-lumea-advanced-bri920-30-recortador-13149/,699999.0,439999.0,1,True
FRA-secador-de-pelo-remington-on-the-go-d150,Fravega,REMINGTON,Belleza y Cuidado Personal,Secador de Pelo Remington On The Go D1500,https://www.fravega.com/p/secador-de-pelo-remington-on-the-go-d1500-12408/,54999.0,34999.0,1,True
FRA-planchita-de-pelo-remington-wet2straight,Fravega,REMINGTON,Belleza y Cuidado Personal,Planchita de Pelo Remington Wet2Straight S27A,https://www.fravega.com/p/planchita-de-pelo-remington-wet2straight-s27a-14242/,79999.0,64999.0,1,True
FRA-depiladora-facial-con-luz-recargable-usb,Fravega,OTRAS,Belleza y Cuidado Personal,Depiladora Facial Con Luz Recargable Usb Vellos Finos RJ3740 Blanco,https://www.fravega.com/p/depiladora-facial-con-luz-recargable-usb-vellos-finos-rj3740-blanco-22709024/,12829.69,8980.78,1,True
FRA-difusor-de-aire-para-rulos-bellissima-di,Fravega,OTRAS,Belleza y Cuidado Personal,Difusor de Aire para Rulos Bellissima Diffon Ion Ceramic,https://www.fravega.com/p/difusor-de-aire-para-rulos-bellissima-diffon-ion-ceramic-14584/,112999.0,94999.0,1,True
FRA-planchita-de-pelo-atma-pl8862np--13415,Fravega,ATMA,Belleza y Cuidado Personal,Planchita de pelo Atma PL8862NP,https://www.fravega.com/p/planchita-de-pelo-atma-pl8862np--13415/,74999.0,49999.0,1,True
FRA-depiladora-electrica-corporal-gadnic-2-v,Fravega,OTRAS,Belleza y Cuidado Personal,Depiladora Electrica Corporal Gadnic 2 Velocidades,https://www.fravega.com/p/depiladora-electrica-corporal-gadnic-2-velocidades-20057895/,114399.0,87999.0,1,True
FRA-secador-de-pelo-gama-diamond-ceramic-129,Fravega,GAMA,Belleza y Cuidado Personal,Secador de Pelo GAMA Diamond Ceramic,https://www.fravega.com/p/secador-de-pelo-gama-diamond-ceramic-12982/,99999.0,78499.0,1,True
FRA-planchita-de-pelo-philips-essential-care,Fravega,PHILIPS,Belleza y Cuidado Personal,Planchita de Pelo Philips Essential Care HP832100,https://www.fravega.com/p/planchita-de-pelo-philips-essential-care-hp832100-12497/,62099.0,55999.0,1,True
FRA-repuesto-cuchillas-x2-para-cortabarba-ph,Fravega,PHILIPS,Belleza y Cuidado Personal,Repuesto Cuchillas x2 para Cortabarba Philips OneBlade,https://www.fravega.com/p/repuesto-cuchillas-x2-para-cortabarba-philips-oneblade-30460/,31499.0,29999.0,1,True
FRA-afeitadora-electrica-inalambrica-philco-,Fravega,PHILCO,Belleza y Cuidado Personal,Afeitadora Eléctrica Inalámbrica Philco AE5105,https://www.fravega.com/p/afeitadora-electrica-inalambrica-philco-ae5105-30464/,54999.0,38999.0,1,True
FRA-afeitadora-philips-s1881-00-serie-1000-u,Fravega,PHILIPS,Belleza y Cuidado Personal,Afeitadora Philips S1881/00 Serie 1000 uso en Húmedo y Seco,https://www.fravega.com/p/afeitadora-philips-s1881-00-serie-1000-uso-humedo-y-seco-30625/,89999.0,65599.0,1,True
FRA-afeitadora-electrica-philips-serie-7000-,Fravega,PHILIPS,Belleza y Cuidado Personal,Afeitadora Eléctrica Philips Serie 7000,https://www.fravega.com/p/afeitadora-electrica-philips-serie-7000-30617/,251999.0,199999.0,1,True
FRA-afeitadora-philips-serie-5000-x5012-05-3,Fravega,PHILIPS,Belleza y Cuidado Personal,Afeitadora Philips Serie 5000 X5012/05,https://www.fravega.com/p/afeitadora-philips-serie-5000-x5012-05-30374/,139999.0,96999.0,1,True
FRA-afeitadora-de-cabeza-remington-balder-pr,Fravega,REMINGTON,Belleza y Cuidado Personal,Afeitadora de cabeza Remington Balder PRO XR7001,https://www.fravega.com/p/afeitadora-de-cabeza-remington-balder-pro-xr7001-30353/,149999.0,109999.0,1,True
FRA-recortadora-afeitar-cejas-barba-vk-4803-,Fravega,OTRAS,Belleza y Cuidado Personal,Recortadora Afeitar Cejas Barba Vk-4803 Ultracomb  3 en 1,https://www.fravega.com/p/recortadora-afeitar-cejas-barba-vk-4803-ultracomb-3-1-990275803/,19379.83,11595.9,1,True
FRA-recortadora-de-pelo-para-nariz-y-oreja-p,Fravega,PHILIPS,Belleza y Cuidado Personal,Recortadora de Pelo para Nariz y Oreja Philips NT1620/15,https://www.fravega.com/p/recortadora-de-pelo-para-nariz-y-oreja-philips-nt1620-15-30269/,24999.0,22999.0,1,True
FRA-trimmer-gama-italy-c-800-afeitadora-nari,Fravega,GAMA,Belleza y Cuidado Personal,Trimmer Gama Italy C-800 Afeitadora Nariz Oreja Inalámbrica a Pilas Con Base,https://www.fravega.com/p/trimmer-gama-italy-c-800-afeitadora-nariz-oreja-inalambrica-a-pilas-con-base-21961116/,34165.0,20499.0,1,True
FRA-afeitadora-philco-turbo-ae5305-30319,Fravega,PHILCO,Belleza y Cuidado Personal,Afeitadora Philco Turbo AE5305,https://www.fravega.com/p/afeitadora-philco-turbo-ae5305-30319/,74999.0,59999.0,1,True
FRA-afeitadora-philips-serie-3000-s3882-00-w,Fravega,PHILIPS,Belleza y Cuidado Personal,Afeitadora Philips Serie 3000 S3882/00 Wet & Dry,https://www.fravega.com/p/afeitadora-philips-serie-3000-s3882-00-wet--dry-30616/,143999.0,83999.0,1,True
FRA-razor-body-blanca-afeitadora-zonas-intim,Fravega,OTRAS,Belleza y Cuidado Personal,"Razor Body Blanca - Afeitadora Zonas Íntimas, cuerpo, barba y pelo",https://www.fravega.com/p/razor-body-blanca-afeitadora-zonas-intimas-cuerpo-barba-y-pelo-21351092/,119990.0,95992.0,1,True
FRA-afeitadora-philips-s5898-17-30315,Fravega,PHILIPS,Belleza y Cuidado Personal,Afeitadora Philips S5898/17,https://www.fravega.com/p/afeitadora-philips-s5898-17-30315/,194999.0,184999.0,1,True
FRA-afeitadora-philco-ae5305pp-inalambrica-w,Fravega,PHILCO,Belleza y Cuidado Personal,Afeitadora Philco Ae5305pp Inalámbrica Wet & Dry 360°,https://www.fravega.com/p/afeitadora-philco-ae5305pp-inalambrica-wet--dry-360-990048849/,74799.0,67999.0,1,True
FRA-trimmer-gama-italy-gt430-gris-corta-barb,Fravega,GAMA,Belleza y Cuidado Personal,Trimmer Gama Italy Gt430 Gris Corta Barba Y Pelo Compacta De Viaje Inalámbrica Con Peine Regulable,https://www.fravega.com/p/trimmer-gama-italy-gt430-gris-corta-barba-y-pelo-compacta-de-viaje-inalambrica-con-peine-regulable-21961112/,37665.0,22599.0,1,True
FRA-razor-body-pro-bacan-by-mantra-afeitador,Fravega,OTRAS,Belleza y Cuidado Personal,Razor Body Pro Bacan By Mantra Afeitadora Zonas Intimas Men,https://www.fravega.com/p/razor-body-pro-bacan-by-mantra-afeitadora-zonas-intimas-men-22301719/,169990.0,135992.0,1,True
FRA-afeitadora-barbasol-cbt1-3104-cara-y-cue,Fravega,OTRAS,Belleza y Cuidado Personal,Afeitadora Barbasol CBT1-3104 Cara Y Cuerpo Con Base Display Lcd Y Luz,https://www.fravega.com/p/afeitadora-barbasol-cbt1-3104-cara-y-cuerpo-con-base-display-lcd-y-luz-22499572/,68248.0,33999.0,1,True
FRA-recortadora-trimmer-gama-italy-gnt-512-c,Fravega,GAMA,Belleza y Cuidado Personal,Recortadora Trimmer Gama Italy GNT 512 Color Negro Inalambrico,https://www.fravega.com/p/recortadora-trimmer-gama-italy-gnt-512-color-negro-inalambrico-22560070/,28165.0,16899.0,1,True
FRA-afeitadora-wahl-travel-shaver-negra--226,Fravega,OTRAS,Belleza y Cuidado Personal,Afeitadora Wahl Travel Shaver Negra,https://www.fravega.com/p/afeitadora-wahl-travel-shaver-negra--22635264/,49999.0,33000.0,1,True
FRA-winco-w816-recortador-afeitadora-de-barb,Fravega,ACER,Belleza y Cuidado Personal,Winco W816 Recortador Afeitadora De Barba Cuchilla Acero,https://www.fravega.com/p/winco-w816-recortador-afeitadora-de-barba-cuchilla-acero-22657748/,32999.0,24899.0,1,True
FRA-perfume-revlon-charlie-blue-edt-para-muj,Fravega,OTRAS,Belleza y Cuidado Personal,Perfume Revlon Charlie Blue EDT para mujer 100 ml/3.4 fl.oz,https://www.fravega.com/p/perfume-revlon-charlie-blue-edt-para-mujer-100-ml-3-4-fl-oz-22826743/,62026.0,52722.1,1,True
FRA-combo-alisado-luminoliss-250gr-shampoo-l,Fravega,OTRAS,Belleza y Cuidado Personal,Combo Alisado Luminoliss 250gr + Shampoo Luminoclean 300gr,https://www.fravega.com/p/combo-alisado-luminoliss-250gr-shampoo-luminoclean-300gr-22859950/,31910.0,25530.0,1,True
FRA-l-eau-d-issey-pour-homme-eau--cedre-edt-,Fravega,OTRAS,Belleza y Cuidado Personal,L'eau d'Issey pour Homme Eau & Cèdre EDT,https://www.fravega.com/p/l-eau-d-issey-pour-homme-eau--cedre-edt-990283321/,268000.0,221487.6,1,True
FRA-fidelite-shampoo-y-acondicionador-230-ma,Fravega,OTRAS,Belleza y Cuidado Personal,Fidelite Shampoo Y Acondicionador 230 + Mascara 270 Keratina,https://www.fravega.com/p/fidelite-shampoo-y-acondicionador-230-mascara-270-keratina-21229607/,18290.0,14630.0,1,True
FRA-montale-arabians-tonka-eau-de-parfum-3-4,Fravega,OTRAS,Belleza y Cuidado Personal,Montale Arabians Tonka Eau De Parfum 3.4 Onzas,https://www.fravega.com/p/montale-arabians-tonka-eau-de-parfum-3-4-onzas-22597445/,751216.0,488290.0,1,True
FRA-ds-laboratories-revita-shampoo-champu-pa,Fravega,OTRAS,Belleza y Cuidado Personal,DS Laboratories Revita Shampoo - Champú para el,https://www.fravega.com/p/ds-laboratories-revita-shampoo-champu-para-el-22662562/,104052.0,72836.0,1,True
FRA-perfume-montale-arabians-tonka-eau-de-pa,Fravega,OTRAS,Belleza y Cuidado Personal,Perfume MONTALE Arabians Tonka Eau De Parfum 100 ml para hom,https://www.fravega.com/p/perfume-montale-arabians-tonka-eau-de-parfum-100-ml-para-hom-22826641/,330082.0,306976.26,1,True
FRA-removedor-de-tinte-para-cabello-color-oo,Fravega,OTRAS,Belleza y Cuidado Personal,Removedor de Tinte para Cabello Color Oops con Acondicionador Extra,https://www.fravega.com/p/removedor-de-tinte-para-cabello-color-oops-con-acondicionador-extra-22721279/,91369.0,77663.65,1,True
FRA-perfume-jean-paul-gaultier-le-male-elixi,Fravega,OTRAS,Belleza y Cuidado Personal,Perfume Jean Paul Gaultier Le Male Elixir Parfum 125ml,https://www.fravega.com/p/perfume-jean-paul-gaultier-le-male-elixir-parfum-125ml-990153115/,351000.0,350999.99,1,True
FRA-texture-dust-polvo-texturizador-mate-dus,Fravega,OTRAS,Belleza y Cuidado Personal,Texture Dust Polvo Texturizador Mate Dust It Volumen 10 Gr,https://www.fravega.com/p/texture-dust-polvo-texturizador-mate-dust-it-volumen-10-gr-22127191/,12999.0,10999.0,1,True
FRA-givenchy-organza-3-3-oz-eau-de-parfum-sp,Fravega,OTRAS,Belleza y Cuidado Personal,Givenchy ORGANZA 3.3 OZ EAU DE PARFUM SPRAY NUEVO,https://www.fravega.com/p/givenchy-organza-3-3-oz-eau-de-parfum-spray-nuevo-22711682/,252671.0,164236.0,1,True
FRA-aceite-de-ricino-puro-organico-prensado-,Fravega,OTRAS,Belleza y Cuidado Personal,Aceite de ricino puro orgánico prensado en frío,https://www.fravega.com/p/aceite-de-ricino-puro-organico-prensado-frio-22670424/,111592.0,78114.0,1,True
FRA-perfume-estee-lauder-pleasures-eau-de-pa,Fravega,OTRAS,Belleza y Cuidado Personal,Perfume Estée Lauder Pleasures Eau de Parfum 100 ml,https://www.fravega.com/p/perfume-estee-lauder-pleasures-eau-de-parfum-100-ml-22923067/,167506.0,155780.58,1,True
FRA-champu-anticaspa-medicinal-selsun-blue-d,Fravega,OTRAS,Belleza y Cuidado Personal,Champú anticaspa medicinal Selsun Blue de 325 ml de máxima p,https://www.fravega.com/p/champu-anticaspa-medicinal-selsun-blue-de-325-ml-de-maxima-p-22833632/,79647.0,67699.95,1,True
FRA-perfume-afnan-supremacy-collectors-editi,Fravega,OTRAS,Belleza y Cuidado Personal,Perfume Afnan Supremacy Collectors Edition Eau De,https://www.fravega.com/p/perfume-afnan-supremacy-collectors-edition-eau-de-22879154/,236756.0,165729.0,1,True
FRA-color-para-barba-indus-valley-hipoalerge,Fravega,OTRAS,Belleza y Cuidado Personal,Color para Barba INDUS VALLEY Hipoalergénico Botánico Negro 115g,https://www.fravega.com/p/color-para-barba-indus-valley-hipoalergenico-botanico-negro-115g-22866514/,86916.0,71831.4,1,True
FRA-perfume-liquid-brun-french-avenue-100ml-,Fravega,OTRAS,Belleza y Cuidado Personal,Perfume Liquid Brun French Avenue 100ml Edp Arabe,https://www.fravega.com/p/perfume-liquid-brun-french-avenue-100ml-edp-arabe-22599035/,137999.0,103499.0,1,True
FRA-fidelite-caja-de-ampollas-tratamiento-re,Fravega,OTRAS,Belleza y Cuidado Personal,Fidelite Caja De Ampollas Tratamiento Restaurador Argan X 12,https://www.fravega.com/p/fidelite-caja-de-ampollas-tratamiento-restaurador-argan-x-12-21229611/,35910.0,28730.0,1,True
FRA-caro-cuore-edt-990283318,Fravega,OTRAS,Belleza y Cuidado Personal,Caro Cuore EDT,https://www.fravega.com/p/caro-cuore-edt-990283318/,39900.0,32975.21,1,True
FRA-dercos-anticaspa-shampoo-cabello-normal-,Fravega,OTRAS,Belleza y Cuidado Personal,Dercos Anticaspa Shampoo Cabello Normal A Graso X 200Ml,https://www.fravega.com/p/dercos-anticaspa-shampoo-cabello-normal-a-graso-x-200ml-21402461/,45024.0,37209.92,1,True
FRA-secador-de-pelo-gama-mistral-ceramic-ion,Fravega,GAMA,Belleza y Cuidado Personal,Secador de Pelo GAMA Mistral Ceramic Ion,https://www.fravega.com/p/secador-de-pelo-gama-mistral-ceramic-ion-13349/,74999.0,56499.0,1,True
FRA-planchita-de-pelo-allure-pl1010ap-titani,Fravega,OTRAS,Belleza y Cuidado Personal,Planchita de Pelo Allure PL1010AP Titanium Ion,https://www.fravega.com/p/planchita-de-pelo-allure-pl1010ap-titanium-ion-13892/,34999.0,21999.0,1,True
FRA-depiladora-ipl-philips-lumea-prestige-br,Fravega,PHILIPS,Belleza y Cuidado Personal,Depiladora IPL Philips Lumea Prestige BRI947/30,https://www.fravega.com/p/depiladora-ipl-philips-lumea-prestige-bri947-30-13275/,999999.0,699999.0,1,True
FRA-secador-de-pelo-profesional-remington-si,Fravega,REMINGTON,Belleza y Cuidado Personal,Secador de Pelo Profesional Remington Silk AC9096 2400W,https://www.fravega.com/p/secador-de-pelo-profesional-remington-silk-ac9096-2400w-11933/,104999.0,84799.0,1,True
FRA-planchita-de-pelo-admiral-ad-pl001-ceram,Fravega,OTRAS,Belleza y Cuidado Personal,Planchita de Pelo Admiral AD-PL001 Ceramic 230,https://www.fravega.com/p/planchita-de-pelo-admiral-ad-pl001-ceramic-230-14214/,39999.0,19999.0,1,True
FRA-depiladora-electrica-philips-bre227-00-1,Fravega,PHILIPS,Belleza y Cuidado Personal,Depiladora Eléctrica Philips BRE227/00,https://www.fravega.com/p/depiladora-electrica-philips-bre227-00-14404/,76999.0,58399.0,1,True
FRA-secador-de-pelo-gama-professional-ultra-,Fravega,GAMA,Belleza y Cuidado Personal,Secador de Pelo Gama Professional Ultra AC 2200W,https://www.fravega.com/p/secador-de-pelo-gama-professional-ultra-ac-2200w-14437/,99999.0,78499.0,1,True
FRA-planchita-de-pelo-gama-elegance-bella-to,Fravega,GAMA,Belleza y Cuidado Personal,Planchita de Pelo GAMA Elegance Bella Tourmaline ION 230°C,https://www.fravega.com/p/planchita-de-pelo-gama-elegance-bella-tourmaline-ion-230c-13040/,77999.0,54999.0,1,True
FRA-depiladora-facial-philips-serie-5000-brr,Fravega,PHILIPS,Belleza y Cuidado Personal,Depiladora Facial Philips Serie 5000 Brr454/00 Rosa,https://www.fravega.com/p/depiladora-facial-philips-serie-5000-brr454-00-rosa-14421/,65999.0,44999.0,1,True
FRA-set-secador-de-pelo-planchita-ceramica-2,Fravega,OTRAS,Belleza y Cuidado Personal,Set Secador De Pelo + Planchita Ceramica 2200w Ultracomb,https://www.fravega.com/p/set-secador-de-pelo-planchita-ceramica-2200w-ultracomb-22630360/,99999.0,57119.0,1,True
FRA-planchita-de-pelo-revlon-titanio-rose-go,Fravega,OTRAS,Belleza y Cuidado Personal,Planchita De Pelo Revlon Titanio Rose Gold Wide Rvst2182rg,https://www.fravega.com/p/planchita-de-pelo-revlon-titanio-rose-gold-wide-rvst2182rg-14465/,69999.0,59999.0,1,True
FRA-depiladora-ipl-philips-lumea-lumea-advan,Fravega,PHILIPS,Belleza y Cuidado Personal,Depiladora IPL Philips Lumea Lumea Advanced BRI920/30 + Recortador,https://www.fravega.com/p/depiladora-ipl-philips-lumea-lumea-advanced-bri920-30-recortador-13149/,699999.0,439999.0,1,True
FRA-secador-de-pelo-remington-on-the-go-d150,Fravega,REMINGTON,Belleza y Cuidado Personal,Secador de Pelo Remington On The Go D1500,https://www.fravega.com/p/secador-de-pelo-remington-on-the-go-d1500-12408/,54999.0,34999.0,1,True
FRA-planchita-de-pelo-remington-wet2straight,Fravega,REMINGTON,Belleza y Cuidado Personal,Planchita de Pelo Remington Wet2Straight S27A,https://www.fravega.com/p/planchita-de-pelo-remington-wet2straight-s27a-14242/,79999.0,64999.0,1,True
FRA-depiladora-facial-con-luz-recargable-usb,Fravega,OTRAS,Belleza y Cuidado Personal,Depiladora Facial Con Luz Recargable Usb Vellos Finos RJ3740 Blanco,https://www.fravega.com/p/depiladora-facial-con-luz-recargable-usb-vellos-finos-rj3740-blanco-22709024/,12829.69,8980.78,1,True
FRA-difusor-de-aire-para-rulos-bellissima-di,Fravega,OTRAS,Belleza y Cuidado Personal,Difusor de Aire para Rulos Bellissima Diffon Ion Ceramic,https://www.fravega.com/p/difusor-de-aire-para-rulos-bellissima-diffon-ion-ceramic-14584/,112999.0,94999.0,1,True
FRA-planchita-de-pelo-atma-pl8862np--13415,Fravega,ATMA,Belleza y Cuidado Personal,Planchita de pelo Atma PL8862NP,https://www.fravega.com/p/planchita-de-pelo-atma-pl8862np--13415/,74999.0,49999.0,1,True
FRA-depiladora-electrica-corporal-gadnic-2-v,Fravega,OTRAS,Belleza y Cuidado Personal,Depiladora Electrica Corporal Gadnic 2 Velocidades,https://www.fravega.com/p/depiladora-electrica-corporal-gadnic-2-velocidades-20057895/,114399.0,87999.0,1,True
FRA-secador-de-pelo-gama-diamond-ceramic-129,Fravega,GAMA,Belleza y Cuidado Personal,Secador de Pelo GAMA Diamond Ceramic,https://www.fravega.com/p/secador-de-pelo-gama-diamond-ceramic-12982/,99999.0,78499.0,1,True
FRA-planchita-de-pelo-philips-essential-care,Fravega,PHILIPS,Belleza y Cuidado Personal,Planchita de Pelo Philips Essential Care HP832100,https://www.fravega.com/p/planchita-de-pelo-philips-essential-care-hp832100-12497/,62099.0,55999.0,1,True
FRA-repuesto-cuchillas-x2-para-cortabarba-ph,Fravega,PHILIPS,Belleza y Cuidado Personal,Repuesto Cuchillas x2 para Cortabarba Philips OneBlade,https://www.fravega.com/p/repuesto-cuchillas-x2-para-cortabarba-philips-oneblade-30460/,31499.0,29999.0,1,True
FRA-afeitadora-electrica-inalambrica-philco-,Fravega,PHILCO,Belleza y Cuidado Personal,Afeitadora Eléctrica Inalámbrica Philco AE5105,https://www.fravega.com/p/afeitadora-electrica-inalambrica-philco-ae5105-30464/,54999.0,38999.0,1,True
FRA-afeitadora-philips-s1881-00-serie-1000-u,Fravega,PHILIPS,Belleza y Cuidado Personal,Afeitadora Philips S1881/00 Serie 1000 uso en Húmedo y Seco,https://www.fravega.com/p/afeitadora-philips-s1881-00-serie-1000-uso-humedo-y-seco-30625/,89999.0,65599.0,1,True
FRA-afeitadora-electrica-philips-serie-7000-,Fravega,PHILIPS,Belleza y Cuidado Personal,Afeitadora Eléctrica Philips Serie 7000,https://www.fravega.com/p/afeitadora-electrica-philips-serie-7000-30617/,251999.0,199999.0,1,True
FRA-afeitadora-philips-serie-5000-x5012-05-3,Fravega,PHILIPS,Belleza y Cuidado Personal,Afeitadora Philips Serie 5000 X5012/05,https://www.fravega.com/p/afeitadora-philips-serie-5000-x5012-05-30374/,139999.0,96999.0,1,True
FRA-afeitadora-de-cabeza-remington-balder-pr,Fravega,REMINGTON,Belleza y Cuidado Personal,Afeitadora de cabeza Remington Balder PRO XR7001,https://www.fravega.com/p/afeitadora-de-cabeza-remington-balder-pro-xr7001-30353/,149999.0,109999.0,1,True
FRA-recortadora-afeitar-cejas-barba-vk-4803-,Fravega,OTRAS,Belleza y Cuidado Personal,Recortadora Afeitar Cejas Barba Vk-4803 Ultracomb  3 en 1,https://www.fravega.com/p/recortadora-afeitar-cejas-barba-vk-4803-ultracomb-3-1-990275803/,19379.83,11595.9,1,True
FRA-recortadora-de-pelo-para-nariz-y-oreja-p,Fravega,PHILIPS,Belleza y Cuidado Personal,Recortadora de Pelo para Nariz y Oreja Philips NT1620/15,https://www.fravega.com/p/recortadora-de-pelo-para-nariz-y-oreja-philips-nt1620-15-30269/,24999.0,22999.0,1,True
FRA-trimmer-gama-italy-c-800-afeitadora-nari,Fravega,GAMA,Belleza y Cuidado Personal,Trimmer Gama Italy C-800 Afeitadora Nariz Oreja Inalámbrica a Pilas Con Base,https://www.fravega.com/p/trimmer-gama-italy-c-800-afeitadora-nariz-oreja-inalambrica-a-pilas-con-base-21961116/,34165.0,20499.0,1,True
FRA-afeitadora-philco-turbo-ae5305-30319,Fravega,PHILCO,Belleza y Cuidado Personal,Afeitadora Philco Turbo AE5305,https://www.fravega.com/p/afeitadora-philco-turbo-ae5305-30319/,74999.0,59999.0,1,True
FRA-afeitadora-philips-serie-3000-s3882-00-w,Fravega,PHILIPS,Belleza y Cuidado Personal,Afeitadora Philips Serie 3000 S3882/00 Wet & Dry,https://www.fravega.com/p/afeitadora-philips-serie-3000-s3882-00-wet--dry-30616/,143999.0,83999.0,1,True
FRA-razor-body-blanca-afeitadora-zonas-intim,Fravega,OTRAS,Belleza y Cuidado Personal,"Razor Body Blanca - Afeitadora Zonas Íntimas, cuerpo, barba y pelo",https://www.fravega.com/p/razor-body-blanca-afeitadora-zonas-intimas-cuerpo-barba-y-pelo-21351092/,119990.0,95992.0,1,True
FRA-afeitadora-philips-s5898-17-30315,Fravega,PHILIPS,Belleza y Cuidado Personal,Afeitadora Philips S5898/17,https://www.fravega.com/p/afeitadora-philips-s5898-17-30315/,194999.0,184999.0,1,True
FRA-afeitadora-philco-ae5305pp-inalambrica-w,Fravega,PHILCO,Belleza y Cuidado Personal,Afeitadora Philco Ae5305pp Inalámbrica Wet & Dry 360°,https://www.fravega.com/p/afeitadora-philco-ae5305pp-inalambrica-wet--dry-360-990048849/,74799.0,67999.0,1,True
FRA-trimmer-gama-italy-gt430-gris-corta-barb,Fravega,GAMA,Belleza y Cuidado Personal,Trimmer Gama Italy Gt430 Gris Corta Barba Y Pelo Compacta De Viaje Inalámbrica Con Peine Regulable,https://www.fravega.com/p/trimmer-gama-italy-gt430-gris-corta-barba-y-pelo-compacta-de-viaje-inalambrica-con-peine-regulable-21961112/,37665.0,22599.0,1,True
FRA-razor-body-pro-bacan-by-mantra-afeitador,Fravega,OTRAS,Belleza y Cuidado Personal,Razor Body Pro Bacan By Mantra Afeitadora Zonas Intimas Men,https://www.fravega.com/p/razor-body-pro-bacan-by-mantra-afeitadora-zonas-intimas-men-22301719/,169990.0,135992.0,1,True
FRA-afeitadora-barbasol-cbt1-3104-cara-y-cue,Fravega,OTRAS,Belleza y Cuidado Personal,Afeitadora Barbasol CBT1-3104 Cara Y Cuerpo Con Base Display Lcd Y Luz,https://www.fravega.com/p/afeitadora-barbasol-cbt1-3104-cara-y-cuerpo-con-base-display-lcd-y-luz-22499572/,68248.0,33999.0,1,True
FRA-recortadora-trimmer-gama-italy-gnt-512-c,Fravega,GAMA,Belleza y Cuidado Personal,Recortadora Trimmer Gama Italy GNT 512 Color Negro Inalambrico,https://www.fravega.com/p/recortadora-trimmer-gama-italy-gnt-512-color-negro-inalambrico-22560070/,28165.0,16899.0,1,True
FRA-afeitadora-wahl-travel-shaver-negra--226,Fravega,OTRAS,Belleza y Cuidado Personal,Afeitadora Wahl Travel Shaver Negra,https://www.fravega.com/p/afeitadora-wahl-travel-shaver-negra--22635264/,49999.0,33000.0,1,True
FRA-winco-w816-recortador-afeitadora-de-barb,Fravega,ACER,Belleza y Cuidado Personal,Winco W816 Recortador Afeitadora De Barba Cuchilla Acero,https://www.fravega.com/p/winco-w816-recortador-afeitadora-de-barba-cuchilla-acero-22657748/,32999.0,24899.0,1,True
FRA-perfume-revlon-charlie-blue-edt-para-muj,Fravega,OTRAS,Belleza y Cuidado Personal,Perfume Revlon Charlie Blue EDT para mujer 100 ml/3.4 fl.oz,https://www.fravega.com/p/perfume-revlon-charlie-blue-edt-para-mujer-100-ml-3-4-fl-oz-22826743/,62026.0,52722.1,1,True
FRA-combo-alisado-luminoliss-250gr-shampoo-l,Fravega,OTRAS,Belleza y Cuidado Personal,Combo Alisado Luminoliss 250gr + Shampoo Luminoclean 300gr,https://www.fravega.com/p/combo-alisado-luminoliss-250gr-shampoo-luminoclean-300gr-22859950/,31910.0,25530.0,1,True
FRA-l-eau-d-issey-pour-homme-eau--cedre-edt-,Fravega,OTRAS,Belleza y Cuidado Personal,L'eau d'Issey pour Homme Eau & Cèdre EDT,https://www.fravega.com/p/l-eau-d-issey-pour-homme-eau--cedre-edt-990283321/,268000.0,221487.6,1,True
FRA-fidelite-shampoo-y-acondicionador-230-ma,Fravega,OTRAS,Belleza y Cuidado Personal,Fidelite Shampoo Y Acondicionador 230 + Mascara 270 Keratina,https://www.fravega.com/p/fidelite-shampoo-y-acondicionador-230-mascara-270-keratina-21229607/,18290.0,14630.0,1,True
FRA-montale-arabians-tonka-eau-de-parfum-3-4,Fravega,OTRAS,Belleza y Cuidado Personal,Montale Arabians Tonka Eau De Parfum 3.4 Onzas,https://www.fravega.com/p/montale-arabians-tonka-eau-de-parfum-3-4-onzas-22597445/,751216.0,488290.0,1,True
FRA-ds-laboratories-revita-shampoo-champu-pa,Fravega,OTRAS,Belleza y Cuidado Personal,DS Laboratories Revita Shampoo - Champú para el,https://www.fravega.com/p/ds-laboratories-revita-shampoo-champu-para-el-22662562/,104052.0,72836.0,1,True
FRA-perfume-montale-arabians-tonka-eau-de-pa,Fravega,OTRAS,Belleza y Cuidado Personal,Perfume MONTALE Arabians Tonka Eau De Parfum 100 ml para hom,https://www.fravega.com/p/perfume-montale-arabians-tonka-eau-de-parfum-100-ml-para-hom-22826641/,330082.0,306976.26,1,True
FRA-removedor-de-tinte-para-cabello-color-oo,Fravega,OTRAS,Belleza y Cuidado Personal,Removedor de Tinte para Cabello Color Oops con Acondicionador Extra,https://www.fravega.com/p/removedor-de-tinte-para-cabello-color-oops-con-acondicionador-extra-22721279/,91369.0,77663.65,1,True
FRA-perfume-jean-paul-gaultier-le-male-elixi,Fravega,OTRAS,Belleza y Cuidado Personal,Perfume Jean Paul Gaultier Le Male Elixir Parfum 125ml,https://www.fravega.com/p/perfume-jean-paul-gaultier-le-male-elixir-parfum-125ml-990153115/,351000.0,350999.99,1,True
FRA-texture-dust-polvo-texturizador-mate-dus,Fravega,OTRAS,Belleza y Cuidado Personal,Texture Dust Polvo Texturizador Mate Dust It Volumen 10 Gr,https://www.fravega.com/p/texture-dust-polvo-texturizador-mate-dust-it-volumen-10-gr-22127191/,12999.0,10999.0,1,True
FRA-givenchy-organza-3-3-oz-eau-de-parfum-sp,Fravega,OTRAS,Belleza y Cuidado Personal,Givenchy ORGANZA 3.3 OZ EAU DE PARFUM SPRAY NUEVO,https://www.fravega.com/p/givenchy-organza-3-3-oz-eau-de-parfum-spray-nuevo-22711682/,252671.0,164236.0,1,True
FRA-aceite-de-ricino-puro-organico-prensado-,Fravega,OTRAS,Belleza y Cuidado Personal,Aceite de ricino puro orgánico prensado en frío,https://www.fravega.com/p/aceite-de-ricino-puro-organico-prensado-frio-22670424/,111592.0,78114.0,1,True
FRA-perfume-estee-lauder-pleasures-eau-de-pa,Fravega,OTRAS,Belleza y Cuidado Personal,Perfume Estée Lauder Pleasures Eau de Parfum 100 ml,https://www.fravega.com/p/perfume-estee-lauder-pleasures-eau-de-parfum-100-ml-22923067/,167506.0,155780.58,1,True
FRA-champu-anticaspa-medicinal-selsun-blue-d,Fravega,OTRAS,Belleza y Cuidado Personal,Champú anticaspa medicinal Selsun Blue de 325 ml de máxima p,https://www.fravega.com/p/champu-anticaspa-medicinal-selsun-blue-de-325-ml-de-maxima-p-22833632/,79647.0,67699.95,1,True
FRA-perfume-afnan-supremacy-collectors-editi,Fravega,OTRAS,Belleza y Cuidado Personal,Perfume Afnan Supremacy Collectors Edition Eau De,https://www.fravega.com/p/perfume-afnan-supremacy-collectors-edition-eau-de-22879154/,236756.0,165729.0,1,True
FRA-color-para-barba-indus-valley-hipoalerge,Fravega,OTRAS,Belleza y Cuidado Personal,Color para Barba INDUS VALLEY Hipoalergénico Botánico Negro 115g,https://www.fravega.com/p/color-para-barba-indus-valley-hipoalergenico-botanico-negro-115g-22866514/,86916.0,71831.4,1,True
FRA-perfume-liquid-brun-french-avenue-100ml-,Fravega,OTRAS,Belleza y Cuidado Personal,Perfume Liquid Brun French Avenue 100ml Edp Arabe,https://www.fravega.com/p/perfume-liquid-brun-french-avenue-100ml-edp-arabe-22599035/,137999.0,103499.0,1,True
FRA-fidelite-caja-de-ampollas-tratamiento-re,Fravega,OTRAS,Belleza y Cuidado Personal,Fidelite Caja De Ampollas Tratamiento Restaurador Argan X 12,https://www.fravega.com/p/fidelite-caja-de-ampollas-tratamiento-restaurador-argan-x-12-21229611/,35910.0,28730.0,1,True
FRA-caro-cuore-edt-990283318,Fravega,OTRAS,Belleza y Cuidado Personal,Caro Cuore EDT,https://www.fravega.com/p/caro-cuore-edt-990283318/,39900.0,32975.21,1,True
FRA-dercos-anticaspa-shampoo-cabello-normal-,Fravega,OTRAS,Belleza y Cuidado Personal,Dercos Anticaspa Shampoo Cabello Normal A Graso X 200Ml,https://www.fravega.com/p/dercos-anticaspa-shampoo-cabello-normal-a-graso-x-200ml-21402461/,45024.0,37209.92,1,True
FRA-secador-de-pelo-gama-mistral-ceramic-ion,Fravega,GAMA,Belleza y Cuidado Personal,Secador de Pelo GAMA Mistral Ceramic Ion,https://www.fravega.com/p/secador-de-pelo-gama-mistral-ceramic-ion-13349/,74999.0,56499.0,1,True
FRA-planchita-de-pelo-allure-pl1010ap-titani,Fravega,OTRAS,Belleza y Cuidado Personal,Planchita de Pelo Allure PL1010AP Titanium Ion,https://www.fravega.com/p/planchita-de-pelo-allure-pl1010ap-titanium-ion-13892/,34999.0,21999.0,1,True
FRA-depiladora-ipl-philips-lumea-prestige-br,Fravega,PHILIPS,Belleza y Cuidado Personal,Depiladora IPL Philips Lumea Prestige BRI947/30,https://www.fravega.com/p/depiladora-ipl-philips-lumea-prestige-bri947-30-13275/,999999.0,699999.0,1,True
FRA-secador-de-pelo-profesional-remington-si,Fravega,REMINGTON,Belleza y Cuidado Personal,Secador de Pelo Profesional Remington Silk AC9096 2400W,https://www.fravega.com/p/secador-de-pelo-profesional-remington-silk-ac9096-2400w-11933/,104999.0,84799.0,1,True
FRA-planchita-de-pelo-admiral-ad-pl001-ceram,Fravega,OTRAS,Belleza y Cuidado Personal,Planchita de Pelo Admiral AD-PL001 Ceramic 230,https://www.fravega.com/p/planchita-de-pelo-admiral-ad-pl001-ceramic-230-14214/,39999.0,19999.0,1,True
FRA-depiladora-electrica-philips-bre227-00-1,Fravega,PHILIPS,Belleza y Cuidado Personal,Depiladora Eléctrica Philips BRE227/00,https://www.fravega.com/p/depiladora-electrica-philips-bre227-00-14404/,76999.0,58399.0,1,True
FRA-secador-de-pelo-gama-professional-ultra-,Fravega,GAMA,Belleza y Cuidado Personal,Secador de Pelo Gama Professional Ultra AC 2200W,https://www.fravega.com/p/secador-de-pelo-gama-professional-ultra-ac-2200w-14437/,99999.0,78499.0,1,True
FRA-planchita-de-pelo-gama-elegance-bella-to,Fravega,GAMA,Belleza y Cuidado Personal,Planchita de Pelo GAMA Elegance Bella Tourmaline ION 230°C,https://www.fravega.com/p/planchita-de-pelo-gama-elegance-bella-tourmaline-ion-230c-13040/,77999.0,54999.0,1,True
FRA-depiladora-facial-philips-serie-5000-brr,Fravega,PHILIPS,Belleza y Cuidado Personal,Depiladora Facial Philips Serie 5000 Brr454/00 Rosa,https://www.fravega.com/p/depiladora-facial-philips-serie-5000-brr454-00-rosa-14421/,65999.0,44999.0,1,True
FRA-set-secador-de-pelo-planchita-ceramica-2,Fravega,OTRAS,Belleza y Cuidado Personal,Set Secador De Pelo + Planchita Ceramica 2200w Ultracomb,https://www.fravega.com/p/set-secador-de-pelo-planchita-ceramica-2200w-ultracomb-22630360/,99999.0,57119.0,1,True
FRA-planchita-de-pelo-revlon-titanio-rose-go,Fravega,OTRAS,Belleza y Cuidado Personal,Planchita De Pelo Revlon Titanio Rose Gold Wide Rvst2182rg,https://www.fravega.com/p/planchita-de-pelo-revlon-titanio-rose-gold-wide-rvst2182rg-14465/,69999.0,59999.0,1,True
FRA-depiladora-ipl-philips-lumea-lumea-advan,Fravega,PHILIPS,Belleza y Cuidado Personal,Depiladora IPL Philips Lumea Lumea Advanced BRI920/30 + Recortador,https://www.fravega.com/p/depiladora-ipl-philips-lumea-lumea-advanced-bri920-30-recortador-13149/,699999.0,439999.0,1,True
FRA-secador-de-pelo-remington-on-the-go-d150,Fravega,REMINGTON,Belleza y Cuidado Personal,Secador de Pelo Remington On The Go D1500,https://www.fravega.com/p/secador-de-pelo-remington-on-the-go-d1500-12408/,54999.0,34999.0,1,True
FRA-planchita-de-pelo-remington-wet2straight,Fravega,REMINGTON,Belleza y Cuidado Personal,Planchita de Pelo Remington Wet2Straight S27A,https://www.fravega.com/p/planchita-de-pelo-remington-wet2straight-s27a-14242/,79999.0,64999.0,1,True
FRA-depiladora-facial-con-luz-recargable-usb,Fravega,OTRAS,Belleza y Cuidado Personal,Depiladora Facial Con Luz Recargable Usb Vellos Finos RJ3740 Blanco,https://www.fravega.com/p/depiladora-facial-con-luz-recargable-usb-vellos-finos-rj3740-blanco-22709024/,12829.69,8980.78,1,True
FRA-difusor-de-aire-para-rulos-bellissima-di,Fravega,OTRAS,Belleza y Cuidado Personal,Difusor de Aire para Rulos Bellissima Diffon Ion Ceramic,https://www.fravega.com/p/difusor-de-aire-para-rulos-bellissima-diffon-ion-ceramic-14584/,112999.0,94999.0,1,True
FRA-planchita-de-pelo-atma-pl8862np--13415,Fravega,ATMA,Belleza y Cuidado Personal,Planchita de pelo Atma PL8862NP,https://www.fravega.com/p/planchita-de-pelo-atma-pl8862np--13415/,74999.0,49999.0,1,True
FRA-depiladora-electrica-corporal-gadnic-2-v,Fravega,OTRAS,Belleza y Cuidado Personal,Depiladora Electrica Corporal Gadnic 2 Velocidades,https://www.fravega.com/p/depiladora-electrica-corporal-gadnic-2-velocidades-20057895/,114399.0,87999.0,1,True
FRA-secador-de-pelo-gama-diamond-ceramic-129,Fravega,GAMA,Belleza y Cuidado Personal,Secador de Pelo GAMA Diamond Ceramic,https://www.fravega.com/p/secador-de-pelo-gama-diamond-ceramic-12982/,99999.0,78499.0,1,True
FRA-planchita-de-pelo-philips-essential-care,Fravega,PHILIPS,Belleza y Cuidado Personal,Planchita de Pelo Philips Essential Care HP832100,https://www.fravega.com/p/planchita-de-pelo-philips-essential-care-hp832100-12497/,62099.0,55999.0,1,True
FRA-repuesto-cuchillas-x2-para-cortabarba-ph,Fravega,PHILIPS,Belleza y Cuidado Personal,Repuesto Cuchillas x2 para Cortabarba Philips OneBlade,https://www.fravega.com/p/repuesto-cuchillas-x2-para-cortabarba-philips-oneblade-30460/,31499.0,29999.0,1,True
FRA-afeitadora-electrica-inalambrica-philco-,Fravega,PHILCO,Belleza y Cuidado Personal,Afeitadora Eléctrica Inalámbrica Philco AE5105,https://www.fravega.com/p/afeitadora-electrica-inalambrica-philco-ae5105-30464/,54999.0,38999.0,1,True
FRA-afeitadora-philips-s1881-00-serie-1000-u,Fravega,PHILIPS,Belleza y Cuidado Personal,Afeitadora Philips S1881/00 Serie 1000 uso en Húmedo y Seco,https://www.fravega.com/p/afeitadora-philips-s1881-00-serie-1000-uso-humedo-y-seco-30625/,89999.0,65599.0,1,True
FRA-afeitadora-electrica-philips-serie-7000-,Fravega,PHILIPS,Belleza y Cuidado Personal,Afeitadora Eléctrica Philips Serie 7000,https://www.fravega.com/p/afeitadora-electrica-philips-serie-7000-30617/,251999.0,199999.0,1,True
FRA-afeitadora-philips-serie-5000-x5012-05-3,Fravega,PHILIPS,Belleza y Cuidado Personal,Afeitadora Philips Serie 5000 X5012/05,https://www.fravega.com/p/afeitadora-philips-serie-5000-x5012-05-30374/,139999.0,96999.0,1,True
FRA-afeitadora-de-cabeza-remington-balder-pr,Fravega,REMINGTON,Belleza y Cuidado Personal,Afeitadora de cabeza Remington Balder PRO XR7001,https://www.fravega.com/p/afeitadora-de-cabeza-remington-balder-pro-xr7001-30353/,149999.0,109999.0,1,True
FRA-recortadora-afeitar-cejas-barba-vk-4803-,Fravega,OTRAS,Belleza y Cuidado Personal,Recortadora Afeitar Cejas Barba Vk-4803 Ultracomb  3 en 1,https://www.fravega.com/p/recortadora-afeitar-cejas-barba-vk-4803-ultracomb-3-1-990275803/,19379.83,11595.9,1,True
FRA-recortadora-de-pelo-para-nariz-y-oreja-p,Fravega,PHILIPS,Belleza y Cuidado Personal,Recortadora de Pelo para Nariz y Oreja Philips NT1620/15,https://www.fravega.com/p/recortadora-de-pelo-para-nariz-y-oreja-philips-nt1620-15-30269/,24999.0,22999.0,1,True
FRA-trimmer-gama-italy-c-800-afeitadora-nari,Fravega,GAMA,Belleza y Cuidado Personal,Trimmer Gama Italy C-800 Afeitadora Nariz Oreja Inalámbrica a Pilas Con Base,https://www.fravega.com/p/trimmer-gama-italy-c-800-afeitadora-nariz-oreja-inalambrica-a-pilas-con-base-21961116/,34165.0,20499.0,1,True
FRA-afeitadora-philco-turbo-ae5305-30319,Fravega,PHILCO,Belleza y Cuidado Personal,Afeitadora Philco Turbo AE5305,https://www.fravega.com/p/afeitadora-philco-turbo-ae5305-30319/,74999.0,59999.0,1,True
FRA-afeitadora-philips-serie-3000-s3882-00-w,Fravega,PHILIPS,Belleza y Cuidado Personal,Afeitadora Philips Serie 3000 S3882/00 Wet & Dry,https://www.fravega.com/p/afeitadora-philips-serie-3000-s3882-00-wet--dry-30616/,143999.0,83999.0,1,True
FRA-razor-body-blanca-afeitadora-zonas-intim,Fravega,OTRAS,Belleza y Cuidado Personal,"Razor Body Blanca - Afeitadora Zonas Íntimas, cuerpo, barba y pelo",https://www.fravega.com/p/razor-body-blanca-afeitadora-zonas-intimas-cuerpo-barba-y-pelo-21351092/,119990.0,95992.0,1,True
FRA-afeitadora-philips-s5898-17-30315,Fravega,PHILIPS,Belleza y Cuidado Personal,Afeitadora Philips S5898/17,https://www.fravega.com/p/afeitadora-philips-s5898-17-30315/,194999.0,184999.0,1,True
FRA-afeitadora-philco-ae5305pp-inalambrica-w,Fravega,PHILCO,Belleza y Cuidado Personal,Afeitadora Philco Ae5305pp Inalámbrica Wet & Dry 360°,https://www.fravega.com/p/afeitadora-philco-ae5305pp-inalambrica-wet--dry-360-990048849/,74799.0,67999.0,1,True
FRA-trimmer-gama-italy-gt430-gris-corta-barb,Fravega,GAMA,Belleza y Cuidado Personal,Trimmer Gama Italy Gt430 Gris Corta Barba Y Pelo Compacta De Viaje Inalámbrica Con Peine Regulable,https://www.fravega.com/p/trimmer-gama-italy-gt430-gris-corta-barba-y-pelo-compacta-de-viaje-inalambrica-con-peine-regulable-21961112/,37665.0,22599.0,1,True
FRA-razor-body-pro-bacan-by-mantra-afeitador,Fravega,OTRAS,Belleza y Cuidado Personal,Razor Body Pro Bacan By Mantra Afeitadora Zonas Intimas Men,https://www.fravega.com/p/razor-body-pro-bacan-by-mantra-afeitadora-zonas-intimas-men-22301719/,169990.0,135992.0,1,True
FRA-afeitadora-barbasol-cbt1-3104-cara-y-cue,Fravega,OTRAS,Belleza y Cuidado Personal,Afeitadora Barbasol CBT1-3104 Cara Y Cuerpo Con Base Display Lcd Y Luz,https://www.fravega.com/p/afeitadora-barbasol-cbt1-3104-cara-y-cuerpo-con-base-display-lcd-y-luz-22499572/,68248.0,33999.0,1,True
FRA-recortadora-trimmer-gama-italy-gnt-512-c,Fravega,GAMA,Belleza y Cuidado Personal,Recortadora Trimmer Gama Italy GNT 512 Color Negro Inalambrico,https://www.fravega.com/p/recortadora-trimmer-gama-italy-gnt-512-color-negro-inalambrico-22560070/,28165.0,16899.0,1,True
FRA-afeitadora-wahl-travel-shaver-negra--226,Fravega,OTRAS,Belleza y Cuidado Personal,Afeitadora Wahl Travel Shaver Negra,https://www.fravega.com/p/afeitadora-wahl-travel-shaver-negra--22635264/,49999.0,33000.0,1,True
FRA-winco-w816-recortador-afeitadora-de-barb,Fravega,ACER,Belleza y Cuidado Personal,Winco W816 Recortador Afeitadora De Barba Cuchilla Acero,https://www.fravega.com/p/winco-w816-recortador-afeitadora-de-barba-cuchilla-acero-22657748/,32999.0,24899.0,1,True
FRA-perfume-revlon-charlie-blue-edt-para-muj,Fravega,OTRAS,Belleza y Cuidado Personal,Perfume Revlon Charlie Blue EDT para mujer 100 ml/3.4 fl.oz,https://www.fravega.com/p/perfume-revlon-charlie-blue-edt-para-mujer-100-ml-3-4-fl-oz-22826743/,62026.0,52722.1,1,True
FRA-combo-alisado-luminoliss-250gr-shampoo-l,Fravega,OTRAS,Belleza y Cuidado Personal,Combo Alisado Luminoliss 250gr + Shampoo Luminoclean 300gr,https://www.fravega.com/p/combo-alisado-luminoliss-250gr-shampoo-luminoclean-300gr-22859950/,31910.0,25530.0,1,True
FRA-l-eau-d-issey-pour-homme-eau--cedre-edt-,Fravega,OTRAS,Belleza y Cuidado Personal,L'eau d'Issey pour Homme Eau & Cèdre EDT,https://www.fravega.com/p/l-eau-d-issey-pour-homme-eau--cedre-edt-990283321/,268000.0,221487.6,1,True
FRA-fidelite-shampoo-y-acondicionador-230-ma,Fravega,OTRAS,Belleza y Cuidado Personal,Fidelite Shampoo Y Acondicionador 230 + Mascara 270 Keratina,https://www.fravega.com/p/fidelite-shampoo-y-acondicionador-230-mascara-270-keratina-21229607/,18290.0,14630.0,1,True
FRA-montale-arabians-tonka-eau-de-parfum-3-4,Fravega,OTRAS,Belleza y Cuidado Personal,Montale Arabians Tonka Eau De Parfum 3.4 Onzas,https://www.fravega.com/p/montale-arabians-tonka-eau-de-parfum-3-4-onzas-22597445/,751216.0,488290.0,1,True
FRA-ds-laboratories-revita-shampoo-champu-pa,Fravega,OTRAS,Belleza y Cuidado Personal,DS Laboratories Revita Shampoo - Champú para el,https://www.fravega.com/p/ds-laboratories-revita-shampoo-champu-para-el-22662562/,104052.0,72836.0,1,True
FRA-perfume-montale-arabians-tonka-eau-de-pa,Fravega,OTRAS,Belleza y Cuidado Personal,Perfume MONTALE Arabians Tonka Eau De Parfum 100 ml para hom,https://www.fravega.com/p/perfume-montale-arabians-tonka-eau-de-parfum-100-ml-para-hom-22826641/,330082.0,306976.26,1,True
FRA-removedor-de-tinte-para-cabello-color-oo,Fravega,OTRAS,Belleza y Cuidado Personal,Removedor de Tinte para Cabello Color Oops con Acondicionador Extra,https://www.fravega.com/p/removedor-de-tinte-para-cabello-color-oops-con-acondicionador-extra-22721279/,91369.0,77663.65,1,True
FRA-perfume-jean-paul-gaultier-le-male-elixi,Fravega,OTRAS,Belleza y Cuidado Personal,Perfume Jean Paul Gaultier Le Male Elixir Parfum 125ml,https://www.fravega.com/p/perfume-jean-paul-gaultier-le-male-elixir-parfum-125ml-990153115/,351000.0,350999.99,1,True
FRA-texture-dust-polvo-texturizador-mate-dus,Fravega,OTRAS,Belleza y Cuidado Personal,Texture Dust Polvo Texturizador Mate Dust It Volumen 10 Gr,https://www.fravega.com/p/texture-dust-polvo-texturizador-mate-dust-it-volumen-10-gr-22127191/,12999.0,10999.0,1,True
FRA-givenchy-organza-3-3-oz-eau-de-parfum-sp,Fravega,OTRAS,Belleza y Cuidado Personal,Givenchy ORGANZA 3.3 OZ EAU DE PARFUM SPRAY NUEVO,https://www.fravega.com/p/givenchy-organza-3-3-oz-eau-de-parfum-spray-nuevo-22711682/,252671.0,164236.0,1,True
FRA-aceite-de-ricino-puro-organico-prensado-,Fravega,OTRAS,Belleza y Cuidado Personal,Aceite de ricino puro orgánico prensado en frío,https://www.fravega.com/p/aceite-de-ricino-puro-organico-prensado-frio-22670424/,111592.0,78114.0,1,True
FRA-perfume-estee-lauder-pleasures-eau-de-pa,Fravega,OTRAS,Belleza y Cuidado Personal,Perfume Estée Lauder Pleasures Eau de Parfum 100 ml,https://www.fravega.com/p/perfume-estee-lauder-pleasures-eau-de-parfum-100-ml-22923067/,167506.0,155780.58,1,True
FRA-champu-anticaspa-medicinal-selsun-blue-d,Fravega,OTRAS,Belleza y Cuidado Personal,Champú anticaspa medicinal Selsun Blue de 325 ml de máxima p,https://www.fravega.com/p/champu-anticaspa-medicinal-selsun-blue-de-325-ml-de-maxima-p-22833632/,79647.0,67699.95,1,True
FRA-perfume-afnan-supremacy-collectors-editi,Fravega,OTRAS,Belleza y Cuidado Personal,Perfume Afnan Supremacy Collectors Edition Eau De,https://www.fravega.com/p/perfume-afnan-supremacy-collectors-edition-eau-de-22879154/,236756.0,165729.0,1,True
FRA-color-para-barba-indus-valley-hipoalerge,Fravega,OTRAS,Belleza y Cuidado Personal,Color para Barba INDUS VALLEY Hipoalergénico Botánico Negro 115g,https://www.fravega.com/p/color-para-barba-indus-valley-hipoalergenico-botanico-negro-115g-22866514/,86916.0,71831.4,1,True
FRA-perfume-liquid-brun-french-avenue-100ml-,Fravega,OTRAS,Belleza y Cuidado Personal,Perfume Liquid Brun French Avenue 100ml Edp Arabe,https://www.fravega.com/p/perfume-liquid-brun-french-avenue-100ml-edp-arabe-22599035/,137999.0,103499.0,1,True
FRA-fidelite-caja-de-ampollas-tratamiento-re,Fravega,OTRAS,Belleza y Cuidado Personal,Fidelite Caja De Ampollas Tratamiento Restaurador Argan X 12,https://www.fravega.com/p/fidelite-caja-de-ampollas-tratamiento-restaurador-argan-x-12-21229611/,35910.0,28730.0,1,True
FRA-caro-cuore-edt-990283318,Fravega,OTRAS,Belleza y Cuidado Personal,Caro Cuore EDT,https://www.fravega.com/p/caro-cuore-edt-990283318/,39900.0,32975.21,1,True
FRA-dercos-anticaspa-shampoo-cabello-normal-,Fravega,OTRAS,Belleza y Cuidado Personal,Dercos Anticaspa Shampoo Cabello Normal A Graso X 200Ml,https://www.fravega.com/p/dercos-anticaspa-shampoo-cabello-normal-a-graso-x-200ml-21402461/,45024.0,37209.92,1,True
FRA-nivel-laser-verde-10-metros-tripode-pleg,Fravega,OTRAS,Herramientas,Nivel Laser Verde 10 Metros + Tripode Plegable Lusqtoff,https://www.fravega.com/p/nivel-laser-verde-10-metros-tripode-plegable-lusqtoff-22880691/,127639.0,68079.0,1,True
FRA-combo-argus-inodoro-largo-deposito-tapa-,Fravega,OTRAS,Herramientas,Combo Argus Inodoro Largo + Depósito + Tapa Asiento Caída amortiguada + Bidet 1 agujero sin transferencia,https://www.fravega.com/p/combo-argus-inodoro-largo-deposito-tapa-asiento-caida-amortiguada-bidet-1-agujero-sin-transferencia-22478768/,1335000.0,795000.0,1,True
FRA-griferia-eurogrif-monocomando-cocina-roc,Fravega,OTRAS,Herramientas,Griferia Eurogrif Monocomando Cocina Rociador Flexible Gourmet,https://www.fravega.com/p/griferia-eurogrif-monocomando-cocina-rociador-flexible-gourmet-311354/,59999.0,49999.0,1,True
FRA-griferia-mezcladora-pico-curva-abieta-es,Fravega,OTRAS,Herramientas,Griferia Mezcladora Pico Curva Abieta Estrella GF032,https://www.fravega.com/p/griferia-mezcladora-pico-curva-abieta-estrella-gf032-22742469/,27500.0,19000.0,1,True
FRA-kit-de-herramientas-daewoo-set-108-pzs-d,Fravega,OTRAS,Herramientas,Kit de Herramientas Daewoo Set 108 Pzs DWS108B Llaves Tubo Criquet,https://www.fravega.com/p/kit-de-herramientas-daewoo-set-108-pzs-dws108b-llaves-tubo-criquet-311001/,124999.0,99999.0,1,True
FRA-rollo-vinilo-autoadhesivo-3d-simil-wall-,Fravega,OTRAS,Herramientas,Rollo Vinilo Autoadhesivo 3D Símil Wall Panel 60x300cm MARRÓN,https://www.fravega.com/p/rollo-vinilo-autoadhesivo-3d-simil-wall-panel-60x300cm-marron-22864948/,77841.0,36499.0,1,True
FRA-griferia-bano-lavatorio-mesada-temporiza,Fravega,OTRAS,Herramientas,Griferia Bano Lavatorio Mesada Temporizado Piazza Matic Cromado Cromo,https://www.fravega.com/p/griferia-bano-lavatorio-mesada-temporizado-piazza-matic-cromado-cromo-22618642/,122409.0,65479.0,1,True
FRA-rotomartillo-stanley-sthr1232k-ar-311124,Fravega,OTRAS,Herramientas,Rotomartillo Stanley STHR1232K-AR,https://www.fravega.com/p/rotomartillo-stanley-sthr1232k-ar-311124/,399999.0,299999.0,1,True
FRA-revestimiento-wall-panel-varillado-eps-s,Fravega,OTRAS,Herramientas,Revestimiento Wall Panel Varillado EPS Sólido 12mm x 290cm Gris,https://www.fravega.com/p/revestimiento-wall-panel-varillado-eps-solido-12mm-x-290cm-gris-22864393/,16534.39,13599.0,1,True
FRA-pistola-de-pintura-daewoo-hvlp-600ml-dw9,Fravega,OTRAS,Herramientas,Pistola de Pintura Daewoo HVLP 600ml DW9U,https://www.fravega.com/p/pistola-de-pintura-daewoo-hvlp-600ml-dw9u-310771/,69999.0,39999.0,1,True
FRA-set-herramientas-manuales-black--decker-,Fravega,OTRAS,Herramientas,Set Herramientas Manuales Black & Decker 152 Pzs BMT152C-AR,https://www.fravega.com/p/set-herramientas-manuales-black--decker-152-pzs-bmt152c-ar-310584/,94999.0,69999.0,1,True
FRA-amoladora-angular-black--decker-g720n-ar,Fravega,OTRAS,Herramientas,Amoladora Angular Black & Decker G720N-AR,https://www.fravega.com/p/amoladora-angular-black--decker-g720n-ar-310339/,89999.0,67999.0,1,True
FRA-hidrolavadora-karcher-1300w-k-compacta-2,Fravega,OTRAS,Herramientas,Hidrolavadora Karcher 1300w K Compacta 220v Alta Presión Autostop,https://www.fravega.com/p/hidrolavadora-karcher-1300w-k-compacta-220v-alta-presion-autostop-311113/,199999.0,139999.0,1,True
FRA-amoladora-angular-bosch-gws-700-710-watt,Fravega,BOSCH,Herramientas,Amoladora angular Bosch GWS 700 710 Watts + 5 Discos,https://www.fravega.com/p/amoladora-angular-bosch-gws-700-710-watts-5-discos-311437/,99999.0,79999.0,1,True
FRA-hidrolavadora-daewoo-dax65-100-1600w-100,Fravega,OTRAS,Herramientas,Hidrolavadora Daewoo DAX65-100 1600W 100 bar con Autostop,https://www.fravega.com/p/hidrolavadora-daewoo-dax65-100-1600w-100-bar-con-autostop-310342/,229999.0,169999.0,1,True
FRA-set-herramientas-juego-46-pzas-tubos-lla,Fravega,OTRAS,Herramientas,Set Herramientas Juego 46 Pzas Tubos Llaves Puntas,https://www.fravega.com/p/set-herramientas-juego-46-pzas-tubos-llaves-puntas-311281/,19999.0,14999.0,1,True
FRA-hidrolavadora-admiral-1400w-110-bar-con-,Fravega,OTRAS,Herramientas,Hidrolavadora Admiral 1400w 110 Bar con Autostop + Accesorios Alta Presión,https://www.fravega.com/p/hidrolavadora-admiral-1400w-110-bar-con-autostop-accesorios-alta-presion-311358/,149999.0,99999.0,1,True
FRA-desmalezadora-naftera-cilindraje-52-cc-m,Fravega,HP,Herramientas,"Desmalezadora Naftera Cilindraje 52 Cc Motor 2,2 Hp + Acc + ACEITE Lusqtoff",https://www.fravega.com/p/desmalezadora-naftera-cilindraje-52-cc-motor-2-2-hp-acc-aceite-lusqtoff-22655531/,229599.0,124389.0,1,True
FRA-lijadora-orbital-black--decker-bs200-ar-,Fravega,OTRAS,Herramientas,Lijadora Orbital Black & Decker BS200-AR,https://www.fravega.com/p/lijadora-orbital-black--decker-bs200-ar-310392/,69999.0,59999.0,1,True
FRA-bordeadora-electrica-severbon-bp1000-100,Fravega,OTRAS,Herramientas,Bordeadora Eléctrica Severbon BP1000 1000w,https://www.fravega.com/p/bordeadora-electrica-severbon-bp1000-1000w-310876/,99999.0,89999.0,1,True
FRA-escalera-de-aluminio-4x4-articulada-16-e,Fravega,OTRAS,Herramientas,"Escalera de Aluminio 4x4 Articulada 16 Escalones Garden Life TE1700 Multipropósito 4,35 mts",https://www.fravega.com/p/escalera-de-aluminio-4x4-articulada-16-escalones-garden-life-te1700-multiproposito-4-35-mts-310862/,219999.0,181799.0,1,True
FRA-taladro-percutor-black-and-decker-bed713,Fravega,OTRAS,Herramientas,Taladro Percutor Black and Decker BED713650,https://www.fravega.com/p/taladro-percutor-black-and-decker-bed713650-311186/,84999.0,69999.0,1,True
FRA-hidrolavadora-daewoo-1400w-90-bar-con-au,Fravega,OTRAS,Herramientas,Hidrolavadora Daewoo 1400w 90 Bar con Autostop + Accesorios,https://www.fravega.com/p/hidrolavadora-daewoo-1400w-90-bar-con-autostop-accesorios-311494/,149999.0,99999.0,1,True
FRA-caja-de-herramientas-admiral-19-con-band,Fravega,OTRAS,Herramientas,"Caja de Herramientas Admiral 19"" con Bandeja Organizadora Profesional",https://www.fravega.com/p/caja-de-herramientas-admiral-19-con-bandeja-organizadora-profesional-311288/,39999.0,19999.0,1,True
FRA-nivel-laser-verde-10-metros-tripode-pleg,Fravega,OTRAS,Herramientas,Nivel Laser Verde 10 Metros + Tripode Plegable Lusqtoff,https://www.fravega.com/p/nivel-laser-verde-10-metros-tripode-plegable-lusqtoff-22880691/,127639.0,68079.0,1,True
FRA-combo-argus-inodoro-largo-deposito-tapa-,Fravega,OTRAS,Herramientas,Combo Argus Inodoro Largo + Depósito + Tapa Asiento Caída amortiguada + Bidet 1 agujero sin transferencia,https://www.fravega.com/p/combo-argus-inodoro-largo-deposito-tapa-asiento-caida-amortiguada-bidet-1-agujero-sin-transferencia-22478768/,1335000.0,795000.0,1,True
FRA-griferia-eurogrif-monocomando-cocina-roc,Fravega,OTRAS,Herramientas,Griferia Eurogrif Monocomando Cocina Rociador Flexible Gourmet,https://www.fravega.com/p/griferia-eurogrif-monocomando-cocina-rociador-flexible-gourmet-311354/,59999.0,49999.0,1,True
FRA-griferia-mezcladora-pico-curva-abieta-es,Fravega,OTRAS,Herramientas,Griferia Mezcladora Pico Curva Abieta Estrella GF032,https://www.fravega.com/p/griferia-mezcladora-pico-curva-abieta-estrella-gf032-22742469/,27500.0,19000.0,1,True
FRA-kit-de-herramientas-daewoo-set-108-pzs-d,Fravega,OTRAS,Herramientas,Kit de Herramientas Daewoo Set 108 Pzs DWS108B Llaves Tubo Criquet,https://www.fravega.com/p/kit-de-herramientas-daewoo-set-108-pzs-dws108b-llaves-tubo-criquet-311001/,124999.0,99999.0,1,True
FRA-rollo-vinilo-autoadhesivo-3d-simil-wall-,Fravega,OTRAS,Herramientas,Rollo Vinilo Autoadhesivo 3D Símil Wall Panel 60x300cm MARRÓN,https://www.fravega.com/p/rollo-vinilo-autoadhesivo-3d-simil-wall-panel-60x300cm-marron-22864948/,77841.0,36499.0,1,True
FRA-griferia-bano-lavatorio-mesada-temporiza,Fravega,OTRAS,Herramientas,Griferia Bano Lavatorio Mesada Temporizado Piazza Matic Cromado Cromo,https://www.fravega.com/p/griferia-bano-lavatorio-mesada-temporizado-piazza-matic-cromado-cromo-22618642/,122409.0,65479.0,1,True
FRA-rotomartillo-stanley-sthr1232k-ar-311124,Fravega,OTRAS,Herramientas,Rotomartillo Stanley STHR1232K-AR,https://www.fravega.com/p/rotomartillo-stanley-sthr1232k-ar-311124/,399999.0,299999.0,1,True
FRA-revestimiento-wall-panel-varillado-eps-s,Fravega,OTRAS,Herramientas,Revestimiento Wall Panel Varillado EPS Sólido 12mm x 290cm Gris,https://www.fravega.com/p/revestimiento-wall-panel-varillado-eps-solido-12mm-x-290cm-gris-22864393/,16534.39,13599.0,1,True
FRA-pistola-de-pintura-daewoo-hvlp-600ml-dw9,Fravega,OTRAS,Herramientas,Pistola de Pintura Daewoo HVLP 600ml DW9U,https://www.fravega.com/p/pistola-de-pintura-daewoo-hvlp-600ml-dw9u-310771/,69999.0,39999.0,1,True
FRA-set-herramientas-manuales-black--decker-,Fravega,OTRAS,Herramientas,Set Herramientas Manuales Black & Decker 152 Pzs BMT152C-AR,https://www.fravega.com/p/set-herramientas-manuales-black--decker-152-pzs-bmt152c-ar-310584/,94999.0,69999.0,1,True
FRA-amoladora-angular-black--decker-g720n-ar,Fravega,OTRAS,Herramientas,Amoladora Angular Black & Decker G720N-AR,https://www.fravega.com/p/amoladora-angular-black--decker-g720n-ar-310339/,89999.0,67999.0,1,True
FRA-hidrolavadora-karcher-1300w-k-compacta-2,Fravega,OTRAS,Herramientas,Hidrolavadora Karcher 1300w K Compacta 220v Alta Presión Autostop,https://www.fravega.com/p/hidrolavadora-karcher-1300w-k-compacta-220v-alta-presion-autostop-311113/,199999.0,139999.0,1,True
FRA-amoladora-angular-bosch-gws-700-710-watt,Fravega,BOSCH,Herramientas,Amoladora angular Bosch GWS 700 710 Watts + 5 Discos,https://www.fravega.com/p/amoladora-angular-bosch-gws-700-710-watts-5-discos-311437/,99999.0,79999.0,1,True
FRA-hidrolavadora-daewoo-dax65-100-1600w-100,Fravega,OTRAS,Herramientas,Hidrolavadora Daewoo DAX65-100 1600W 100 bar con Autostop,https://www.fravega.com/p/hidrolavadora-daewoo-dax65-100-1600w-100-bar-con-autostop-310342/,229999.0,169999.0,1,True
FRA-set-herramientas-juego-46-pzas-tubos-lla,Fravega,OTRAS,Herramientas,Set Herramientas Juego 46 Pzas Tubos Llaves Puntas,https://www.fravega.com/p/set-herramientas-juego-46-pzas-tubos-llaves-puntas-311281/,19999.0,14999.0,1,True
FRA-hidrolavadora-admiral-1400w-110-bar-con-,Fravega,OTRAS,Herramientas,Hidrolavadora Admiral 1400w 110 Bar con Autostop + Accesorios Alta Presión,https://www.fravega.com/p/hidrolavadora-admiral-1400w-110-bar-con-autostop-accesorios-alta-presion-311358/,149999.0,99999.0,1,True
FRA-desmalezadora-naftera-cilindraje-52-cc-m,Fravega,HP,Herramientas,"Desmalezadora Naftera Cilindraje 52 Cc Motor 2,2 Hp + Acc + ACEITE Lusqtoff",https://www.fravega.com/p/desmalezadora-naftera-cilindraje-52-cc-motor-2-2-hp-acc-aceite-lusqtoff-22655531/,229599.0,124389.0,1,True
FRA-lijadora-orbital-black--decker-bs200-ar-,Fravega,OTRAS,Herramientas,Lijadora Orbital Black & Decker BS200-AR,https://www.fravega.com/p/lijadora-orbital-black--decker-bs200-ar-310392/,69999.0,59999.0,1,True
FRA-bordeadora-electrica-severbon-bp1000-100,Fravega,OTRAS,Herramientas,Bordeadora Eléctrica Severbon BP1000 1000w,https://www.fravega.com/p/bordeadora-electrica-severbon-bp1000-1000w-310876/,99999.0,89999.0,1,True
FRA-escalera-de-aluminio-4x4-articulada-16-e,Fravega,OTRAS,Herramientas,"Escalera de Aluminio 4x4 Articulada 16 Escalones Garden Life TE1700 Multipropósito 4,35 mts",https://www.fravega.com/p/escalera-de-aluminio-4x4-articulada-16-escalones-garden-life-te1700-multiproposito-4-35-mts-310862/,219999.0,181799.0,1,True
FRA-taladro-percutor-black-and-decker-bed713,Fravega,OTRAS,Herramientas,Taladro Percutor Black and Decker BED713650,https://www.fravega.com/p/taladro-percutor-black-and-decker-bed713650-311186/,84999.0,69999.0,1,True
FRA-hidrolavadora-daewoo-1400w-90-bar-con-au,Fravega,OTRAS,Herramientas,Hidrolavadora Daewoo 1400w 90 Bar con Autostop + Accesorios,https://www.fravega.com/p/hidrolavadora-daewoo-1400w-90-bar-con-autostop-accesorios-311494/,149999.0,99999.0,1,True
FRA-caja-de-herramientas-admiral-19-con-band,Fravega,OTRAS,Herramientas,"Caja de Herramientas Admiral 19"" con Bandeja Organizadora Profesional",https://www.fravega.com/p/caja-de-herramientas-admiral-19-con-bandeja-organizadora-profesional-311288/,39999.0,19999.0,1,True
FRA-nivel-laser-verde-10-metros-tripode-pleg,Fravega,OTRAS,Herramientas,Nivel Laser Verde 10 Metros + Tripode Plegable Lusqtoff,https://www.fravega.com/p/nivel-laser-verde-10-metros-tripode-plegable-lusqtoff-22880691/,127639.0,68079.0,1,True
FRA-combo-argus-inodoro-largo-deposito-tapa-,Fravega,OTRAS,Herramientas,Combo Argus Inodoro Largo + Depósito + Tapa Asiento Caída amortiguada + Bidet 1 agujero sin transferencia,https://www.fravega.com/p/combo-argus-inodoro-largo-deposito-tapa-asiento-caida-amortiguada-bidet-1-agujero-sin-transferencia-22478768/,1335000.0,795000.0,1,True
FRA-griferia-eurogrif-monocomando-cocina-roc,Fravega,OTRAS,Herramientas,Griferia Eurogrif Monocomando Cocina Rociador Flexible Gourmet,https://www.fravega.com/p/griferia-eurogrif-monocomando-cocina-rociador-flexible-gourmet-311354/,59999.0,49999.0,1,True
FRA-griferia-mezcladora-pico-curva-abieta-es,Fravega,OTRAS,Herramientas,Griferia Mezcladora Pico Curva Abieta Estrella GF032,https://www.fravega.com/p/griferia-mezcladora-pico-curva-abieta-estrella-gf032-22742469/,27500.0,19000.0,1,True
FRA-kit-de-herramientas-daewoo-set-108-pzs-d,Fravega,OTRAS,Herramientas,Kit de Herramientas Daewoo Set 108 Pzs DWS108B Llaves Tubo Criquet,https://www.fravega.com/p/kit-de-herramientas-daewoo-set-108-pzs-dws108b-llaves-tubo-criquet-311001/,124999.0,99999.0,1,True
FRA-rollo-vinilo-autoadhesivo-3d-simil-wall-,Fravega,OTRAS,Herramientas,Rollo Vinilo Autoadhesivo 3D Símil Wall Panel 60x300cm MARRÓN,https://www.fravega.com/p/rollo-vinilo-autoadhesivo-3d-simil-wall-panel-60x300cm-marron-22864948/,77841.0,36499.0,1,True
FRA-griferia-bano-lavatorio-mesada-temporiza,Fravega,OTRAS,Herramientas,Griferia Bano Lavatorio Mesada Temporizado Piazza Matic Cromado Cromo,https://www.fravega.com/p/griferia-bano-lavatorio-mesada-temporizado-piazza-matic-cromado-cromo-22618642/,122409.0,65479.0,1,True
FRA-rotomartillo-stanley-sthr1232k-ar-311124,Fravega,OTRAS,Herramientas,Rotomartillo Stanley STHR1232K-AR,https://www.fravega.com/p/rotomartillo-stanley-sthr1232k-ar-311124/,399999.0,299999.0,1,True
FRA-revestimiento-wall-panel-varillado-eps-s,Fravega,OTRAS,Herramientas,Revestimiento Wall Panel Varillado EPS Sólido 12mm x 290cm Gris,https://www.fravega.com/p/revestimiento-wall-panel-varillado-eps-solido-12mm-x-290cm-gris-22864393/,16534.39,13599.0,1,True
FRA-pistola-de-pintura-daewoo-hvlp-600ml-dw9,Fravega,OTRAS,Herramientas,Pistola de Pintura Daewoo HVLP 600ml DW9U,https://www.fravega.com/p/pistola-de-pintura-daewoo-hvlp-600ml-dw9u-310771/,69999.0,39999.0,1,True
FRA-set-herramientas-manuales-black--decker-,Fravega,OTRAS,Herramientas,Set Herramientas Manuales Black & Decker 152 Pzs BMT152C-AR,https://www.fravega.com/p/set-herramientas-manuales-black--decker-152-pzs-bmt152c-ar-310584/,94999.0,69999.0,1,True
FRA-amoladora-angular-black--decker-g720n-ar,Fravega,OTRAS,Herramientas,Amoladora Angular Black & Decker G720N-AR,https://www.fravega.com/p/amoladora-angular-black--decker-g720n-ar-310339/,89999.0,67999.0,1,True
FRA-hidrolavadora-karcher-1300w-k-compacta-2,Fravega,OTRAS,Herramientas,Hidrolavadora Karcher 1300w K Compacta 220v Alta Presión Autostop,https://www.fravega.com/p/hidrolavadora-karcher-1300w-k-compacta-220v-alta-presion-autostop-311113/,199999.0,139999.0,1,True
FRA-amoladora-angular-bosch-gws-700-710-watt,Fravega,BOSCH,Herramientas,Amoladora angular Bosch GWS 700 710 Watts + 5 Discos,https://www.fravega.com/p/amoladora-angular-bosch-gws-700-710-watts-5-discos-311437/,99999.0,79999.0,1,True
FRA-hidrolavadora-daewoo-dax65-100-1600w-100,Fravega,OTRAS,Herramientas,Hidrolavadora Daewoo DAX65-100 1600W 100 bar con Autostop,https://www.fravega.com/p/hidrolavadora-daewoo-dax65-100-1600w-100-bar-con-autostop-310342/,229999.0,169999.0,1,True
FRA-set-herramientas-juego-46-pzas-tubos-lla,Fravega,OTRAS,Herramientas,Set Herramientas Juego 46 Pzas Tubos Llaves Puntas,https://www.fravega.com/p/set-herramientas-juego-46-pzas-tubos-llaves-puntas-311281/,19999.0,14999.0,1,True
FRA-hidrolavadora-admiral-1400w-110-bar-con-,Fravega,OTRAS,Herramientas,Hidrolavadora Admiral 1400w 110 Bar con Autostop + Accesorios Alta Presión,https://www.fravega.com/p/hidrolavadora-admiral-1400w-110-bar-con-autostop-accesorios-alta-presion-311358/,149999.0,99999.0,1,True
FRA-desmalezadora-naftera-cilindraje-52-cc-m,Fravega,HP,Herramientas,"Desmalezadora Naftera Cilindraje 52 Cc Motor 2,2 Hp + Acc + ACEITE Lusqtoff",https://www.fravega.com/p/desmalezadora-naftera-cilindraje-52-cc-motor-2-2-hp-acc-aceite-lusqtoff-22655531/,229599.0,124389.0,1,True
FRA-lijadora-orbital-black--decker-bs200-ar-,Fravega,OTRAS,Herramientas,Lijadora Orbital Black & Decker BS200-AR,https://www.fravega.com/p/lijadora-orbital-black--decker-bs200-ar-310392/,69999.0,59999.0,1,True
FRA-bordeadora-electrica-severbon-bp1000-100,Fravega,OTRAS,Herramientas,Bordeadora Eléctrica Severbon BP1000 1000w,https://www.fravega.com/p/bordeadora-electrica-severbon-bp1000-1000w-310876/,99999.0,89999.0,1,True
FRA-escalera-de-aluminio-4x4-articulada-16-e,Fravega,OTRAS,Herramientas,"Escalera de Aluminio 4x4 Articulada 16 Escalones Garden Life TE1700 Multipropósito 4,35 mts",https://www.fravega.com/p/escalera-de-aluminio-4x4-articulada-16-escalones-garden-life-te1700-multiproposito-4-35-mts-310862/,219999.0,181799.0,1,True
FRA-taladro-percutor-black-and-decker-bed713,Fravega,OTRAS,Herramientas,Taladro Percutor Black and Decker BED713650,https://www.fravega.com/p/taladro-percutor-black-and-decker-bed713650-311186/,84999.0,69999.0,1,True
FRA-hidrolavadora-daewoo-1400w-90-bar-con-au,Fravega,OTRAS,Herramientas,Hidrolavadora Daewoo 1400w 90 Bar con Autostop + Accesorios,https://www.fravega.com/p/hidrolavadora-daewoo-1400w-90-bar-con-autostop-accesorios-311494/,149999.0,99999.0,1,True
FRA-caja-de-herramientas-admiral-19-con-band,Fravega,OTRAS,Herramientas,"Caja de Herramientas Admiral 19"" con Bandeja Organizadora Profesional",https://www.fravega.com/p/caja-de-herramientas-admiral-19-con-bandeja-organizadora-profesional-311288/,39999.0,19999.0,1,True
FRA-nivel-laser-verde-10-metros-tripode-pleg,Fravega,OTRAS,Herramientas,Nivel Laser Verde 10 Metros + Tripode Plegable Lusqtoff,https://www.fravega.com/p/nivel-laser-verde-10-metros-tripode-plegable-lusqtoff-22880691/,127639.0,68079.0,1,True
FRA-combo-argus-inodoro-largo-deposito-tapa-,Fravega,OTRAS,Herramientas,Combo Argus Inodoro Largo + Depósito + Tapa Asiento Caída amortiguada + Bidet 1 agujero sin transferencia,https://www.fravega.com/p/combo-argus-inodoro-largo-deposito-tapa-asiento-caida-amortiguada-bidet-1-agujero-sin-transferencia-22478768/,1335000.0,795000.0,1,True
FRA-griferia-eurogrif-monocomando-cocina-roc,Fravega,OTRAS,Herramientas,Griferia Eurogrif Monocomando Cocina Rociador Flexible Gourmet,https://www.fravega.com/p/griferia-eurogrif-monocomando-cocina-rociador-flexible-gourmet-311354/,59999.0,49999.0,1,True
FRA-griferia-mezcladora-pico-curva-abieta-es,Fravega,OTRAS,Herramientas,Griferia Mezcladora Pico Curva Abieta Estrella GF032,https://www.fravega.com/p/griferia-mezcladora-pico-curva-abieta-estrella-gf032-22742469/,27500.0,19000.0,1,True
FRA-kit-de-herramientas-daewoo-set-108-pzs-d,Fravega,OTRAS,Herramientas,Kit de Herramientas Daewoo Set 108 Pzs DWS108B Llaves Tubo Criquet,https://www.fravega.com/p/kit-de-herramientas-daewoo-set-108-pzs-dws108b-llaves-tubo-criquet-311001/,124999.0,99999.0,1,True
FRA-rollo-vinilo-autoadhesivo-3d-simil-wall-,Fravega,OTRAS,Herramientas,Rollo Vinilo Autoadhesivo 3D Símil Wall Panel 60x300cm MARRÓN,https://www.fravega.com/p/rollo-vinilo-autoadhesivo-3d-simil-wall-panel-60x300cm-marron-22864948/,77841.0,36499.0,1,True
FRA-griferia-bano-lavatorio-mesada-temporiza,Fravega,OTRAS,Herramientas,Griferia Bano Lavatorio Mesada Temporizado Piazza Matic Cromado Cromo,https://www.fravega.com/p/griferia-bano-lavatorio-mesada-temporizado-piazza-matic-cromado-cromo-22618642/,122409.0,65479.0,1,True
FRA-rotomartillo-stanley-sthr1232k-ar-311124,Fravega,OTRAS,Herramientas,Rotomartillo Stanley STHR1232K-AR,https://www.fravega.com/p/rotomartillo-stanley-sthr1232k-ar-311124/,399999.0,299999.0,1,True
FRA-revestimiento-wall-panel-varillado-eps-s,Fravega,OTRAS,Herramientas,Revestimiento Wall Panel Varillado EPS Sólido 12mm x 290cm Gris,https://www.fravega.com/p/revestimiento-wall-panel-varillado-eps-solido-12mm-x-290cm-gris-22864393/,16534.39,13599.0,1,True
FRA-pistola-de-pintura-daewoo-hvlp-600ml-dw9,Fravega,OTRAS,Herramientas,Pistola de Pintura Daewoo HVLP 600ml DW9U,https://www.fravega.com/p/pistola-de-pintura-daewoo-hvlp-600ml-dw9u-310771/,69999.0,39999.0,1,True
FRA-set-herramientas-manuales-black--decker-,Fravega,OTRAS,Herramientas,Set Herramientas Manuales Black & Decker 152 Pzs BMT152C-AR,https://www.fravega.com/p/set-herramientas-manuales-black--decker-152-pzs-bmt152c-ar-310584/,94999.0,69999.0,1,True
FRA-amoladora-angular-black--decker-g720n-ar,Fravega,OTRAS,Herramientas,Amoladora Angular Black & Decker G720N-AR,https://www.fravega.com/p/amoladora-angular-black--decker-g720n-ar-310339/,89999.0,67999.0,1,True
FRA-hidrolavadora-karcher-1300w-k-compacta-2,Fravega,OTRAS,Herramientas,Hidrolavadora Karcher 1300w K Compacta 220v Alta Presión Autostop,https://www.fravega.com/p/hidrolavadora-karcher-1300w-k-compacta-220v-alta-presion-autostop-311113/,199999.0,139999.0,1,True
FRA-amoladora-angular-bosch-gws-700-710-watt,Fravega,BOSCH,Herramientas,Amoladora angular Bosch GWS 700 710 Watts + 5 Discos,https://www.fravega.com/p/amoladora-angular-bosch-gws-700-710-watts-5-discos-311437/,99999.0,79999.0,1,True
FRA-hidrolavadora-daewoo-dax65-100-1600w-100,Fravega,OTRAS,Herramientas,Hidrolavadora Daewoo DAX65-100 1600W 100 bar con Autostop,https://www.fravega.com/p/hidrolavadora-daewoo-dax65-100-1600w-100-bar-con-autostop-310342/,229999.0,169999.0,1,True
FRA-set-herramientas-juego-46-pzas-tubos-lla,Fravega,OTRAS,Herramientas,Set Herramientas Juego 46 Pzas Tubos Llaves Puntas,https://www.fravega.com/p/set-herramientas-juego-46-pzas-tubos-llaves-puntas-311281/,19999.0,14999.0,1,True
FRA-hidrolavadora-admiral-1400w-110-bar-con-,Fravega,OTRAS,Herramientas,Hidrolavadora Admiral 1400w 110 Bar con Autostop + Accesorios Alta Presión,https://www.fravega.com/p/hidrolavadora-admiral-1400w-110-bar-con-autostop-accesorios-alta-presion-311358/,149999.0,99999.0,1,True
FRA-desmalezadora-naftera-cilindraje-52-cc-m,Fravega,HP,Herramientas,"Desmalezadora Naftera Cilindraje 52 Cc Motor 2,2 Hp + Acc + ACEITE Lusqtoff",https://www.fravega.com/p/desmalezadora-naftera-cilindraje-52-cc-motor-2-2-hp-acc-aceite-lusqtoff-22655531/,229599.0,124389.0,1,True
FRA-lijadora-orbital-black--decker-bs200-ar-,Fravega,OTRAS,Herramientas,Lijadora Orbital Black & Decker BS200-AR,https://www.fravega.com/p/lijadora-orbital-black--decker-bs200-ar-310392/,69999.0,59999.0,1,True
FRA-bordeadora-electrica-severbon-bp1000-100,Fravega,OTRAS,Herramientas,Bordeadora Eléctrica Severbon BP1000 1000w,https://www.fravega.com/p/bordeadora-electrica-severbon-bp1000-1000w-310876/,99999.0,89999.0,1,True
FRA-escalera-de-aluminio-4x4-articulada-16-e,Fravega,OTRAS,Herramientas,"Escalera de Aluminio 4x4 Articulada 16 Escalones Garden Life TE1700 Multipropósito 4,35 mts",https://www.fravega.com/p/escalera-de-aluminio-4x4-articulada-16-escalones-garden-life-te1700-multiproposito-4-35-mts-310862/,219999.0,181799.0,1,True
FRA-taladro-percutor-black-and-decker-bed713,Fravega,OTRAS,Herramientas,Taladro Percutor Black and Decker BED713650,https://www.fravega.com/p/taladro-percutor-black-and-decker-bed713650-311186/,84999.0,69999.0,1,True
FRA-hidrolavadora-daewoo-1400w-90-bar-con-au,Fravega,OTRAS,Herramientas,Hidrolavadora Daewoo 1400w 90 Bar con Autostop + Accesorios,https://www.fravega.com/p/hidrolavadora-daewoo-1400w-90-bar-con-autostop-accesorios-311494/,149999.0,99999.0,1,True
FRA-caja-de-herramientas-admiral-19-con-band,Fravega,OTRAS,Herramientas,"Caja de Herramientas Admiral 19"" con Bandeja Organizadora Profesional",https://www.fravega.com/p/caja-de-herramientas-admiral-19-con-bandeja-organizadora-profesional-311288/,39999.0,19999.0,1,True
FRA-nivel-laser-verde-10-metros-tripode-pleg,Fravega,OTRAS,Herramientas,Nivel Laser Verde 10 Metros + Tripode Plegable Lusqtoff,https://www.fravega.com/p/nivel-laser-verde-10-metros-tripode-plegable-lusqtoff-22880691/,127639.0,68079.0,1,True
FRA-combo-argus-inodoro-largo-deposito-tapa-,Fravega,OTRAS,Herramientas,Combo Argus Inodoro Largo + Depósito + Tapa Asiento Caída amortiguada + Bidet 1 agujero sin transferencia,https://www.fravega.com/p/combo-argus-inodoro-largo-deposito-tapa-asiento-caida-amortiguada-bidet-1-agujero-sin-transferencia-22478768/,1335000.0,795000.0,1,True
FRA-griferia-eurogrif-monocomando-cocina-roc,Fravega,OTRAS,Herramientas,Griferia Eurogrif Monocomando Cocina Rociador Flexible Gourmet,https://www.fravega.com/p/griferia-eurogrif-monocomando-cocina-rociador-flexible-gourmet-311354/,59999.0,49999.0,1,True
FRA-griferia-mezcladora-pico-curva-abieta-es,Fravega,OTRAS,Herramientas,Griferia Mezcladora Pico Curva Abieta Estrella GF032,https://www.fravega.com/p/griferia-mezcladora-pico-curva-abieta-estrella-gf032-22742469/,27500.0,19000.0,1,True
FRA-kit-de-herramientas-daewoo-set-108-pzs-d,Fravega,OTRAS,Herramientas,Kit de Herramientas Daewoo Set 108 Pzs DWS108B Llaves Tubo Criquet,https://www.fravega.com/p/kit-de-herramientas-daewoo-set-108-pzs-dws108b-llaves-tubo-criquet-311001/,124999.0,99999.0,1,True
FRA-rollo-vinilo-autoadhesivo-3d-simil-wall-,Fravega,OTRAS,Herramientas,Rollo Vinilo Autoadhesivo 3D Símil Wall Panel 60x300cm MARRÓN,https://www.fravega.com/p/rollo-vinilo-autoadhesivo-3d-simil-wall-panel-60x300cm-marron-22864948/,77841.0,36499.0,1,True
FRA-griferia-bano-lavatorio-mesada-temporiza,Fravega,OTRAS,Herramientas,Griferia Bano Lavatorio Mesada Temporizado Piazza Matic Cromado Cromo,https://www.fravega.com/p/griferia-bano-lavatorio-mesada-temporizado-piazza-matic-cromado-cromo-22618642/,122409.0,65479.0,1,True
FRA-rotomartillo-stanley-sthr1232k-ar-311124,Fravega,OTRAS,Herramientas,Rotomartillo Stanley STHR1232K-AR,https://www.fravega.com/p/rotomartillo-stanley-sthr1232k-ar-311124/,399999.0,299999.0,1,True
FRA-revestimiento-wall-panel-varillado-eps-s,Fravega,OTRAS,Herramientas,Revestimiento Wall Panel Varillado EPS Sólido 12mm x 290cm Gris,https://www.fravega.com/p/revestimiento-wall-panel-varillado-eps-solido-12mm-x-290cm-gris-22864393/,16534.39,13599.0,1,True
FRA-pistola-de-pintura-daewoo-hvlp-600ml-dw9,Fravega,OTRAS,Herramientas,Pistola de Pintura Daewoo HVLP 600ml DW9U,https://www.fravega.com/p/pistola-de-pintura-daewoo-hvlp-600ml-dw9u-310771/,69999.0,39999.0,1,True
FRA-set-herramientas-manuales-black--decker-,Fravega,OTRAS,Herramientas,Set Herramientas Manuales Black & Decker 152 Pzs BMT152C-AR,https://www.fravega.com/p/set-herramientas-manuales-black--decker-152-pzs-bmt152c-ar-310584/,94999.0,69999.0,1,True
FRA-amoladora-angular-black--decker-g720n-ar,Fravega,OTRAS,Herramientas,Amoladora Angular Black & Decker G720N-AR,https://www.fravega.com/p/amoladora-angular-black--decker-g720n-ar-310339/,89999.0,67999.0,1,True
FRA-hidrolavadora-karcher-1300w-k-compacta-2,Fravega,OTRAS,Herramientas,Hidrolavadora Karcher 1300w K Compacta 220v Alta Presión Autostop,https://www.fravega.com/p/hidrolavadora-karcher-1300w-k-compacta-220v-alta-presion-autostop-311113/,199999.0,139999.0,1,True
FRA-amoladora-angular-bosch-gws-700-710-watt,Fravega,BOSCH,Herramientas,Amoladora angular Bosch GWS 700 710 Watts + 5 Discos,https://www.fravega.com/p/amoladora-angular-bosch-gws-700-710-watts-5-discos-311437/,99999.0,79999.0,1,True
FRA-hidrolavadora-daewoo-dax65-100-1600w-100,Fravega,OTRAS,Herramientas,Hidrolavadora Daewoo DAX65-100 1600W 100 bar con Autostop,https://www.fravega.com/p/hidrolavadora-daewoo-dax65-100-1600w-100-bar-con-autostop-310342/,229999.0,169999.0,1,True
FRA-set-herramientas-juego-46-pzas-tubos-lla,Fravega,OTRAS,Herramientas,Set Herramientas Juego 46 Pzas Tubos Llaves Puntas,https://www.fravega.com/p/set-herramientas-juego-46-pzas-tubos-llaves-puntas-311281/,19999.0,14999.0,1,True
FRA-hidrolavadora-admiral-1400w-110-bar-con-,Fravega,OTRAS,Herramientas,Hidrolavadora Admiral 1400w 110 Bar con Autostop + Accesorios Alta Presión,https://www.fravega.com/p/hidrolavadora-admiral-1400w-110-bar-con-autostop-accesorios-alta-presion-311358/,149999.0,99999.0,1,True
FRA-desmalezadora-naftera-cilindraje-52-cc-m,Fravega,HP,Herramientas,"Desmalezadora Naftera Cilindraje 52 Cc Motor 2,2 Hp + Acc + ACEITE Lusqtoff",https://www.fravega.com/p/desmalezadora-naftera-cilindraje-52-cc-motor-2-2-hp-acc-aceite-lusqtoff-22655531/,229599.0,124389.0,1,True
FRA-lijadora-orbital-black--decker-bs200-ar-,Fravega,OTRAS,Herramientas,Lijadora Orbital Black & Decker BS200-AR,https://www.fravega.com/p/lijadora-orbital-black--decker-bs200-ar-310392/,69999.0,59999.0,1,True
FRA-bordeadora-electrica-severbon-bp1000-100,Fravega,OTRAS,Herramientas,Bordeadora Eléctrica Severbon BP1000 1000w,https://www.fravega.com/p/bordeadora-electrica-severbon-bp1000-1000w-310876/,99999.0,89999.0,1,True
FRA-escalera-de-aluminio-4x4-articulada-16-e,Fravega,OTRAS,Herramientas,"Escalera de Aluminio 4x4 Articulada 16 Escalones Garden Life TE1700 Multipropósito 4,35 mts",https://www.fravega.com/p/escalera-de-aluminio-4x4-articulada-16-escalones-garden-life-te1700-multiproposito-4-35-mts-310862/,219999.0,181799.0,1,True
FRA-taladro-percutor-black-and-decker-bed713,Fravega,OTRAS,Herramientas,Taladro Percutor Black and Decker BED713650,https://www.fravega.com/p/taladro-percutor-black-and-decker-bed713650-311186/,84999.0,69999.0,1,True
FRA-hidrolavadora-daewoo-1400w-90-bar-con-au,Fravega,OTRAS,Herramientas,Hidrolavadora Daewoo 1400w 90 Bar con Autostop + Accesorios,https://www.fravega.com/p/hidrolavadora-daewoo-1400w-90-bar-con-autostop-accesorios-311494/,149999.0,99999.0,1,True
FRA-caja-de-herramientas-admiral-19-con-band,Fravega,OTRAS,Herramientas,"Caja de Herramientas Admiral 19"" con Bandeja Organizadora Profesional",https://www.fravega.com/p/caja-de-herramientas-admiral-19-con-bandeja-organizadora-profesional-311288/,39999.0,19999.0,1,True
FRA-parlante-portatil-bluetooth-jbl-grip-red,Fravega,OTRAS,Audio,Parlante Portátil Bluetooth JBL Grip Red,https://www.fravega.com/p/parlante-portatil-bluetooth-jbl-grip-red-401735/,209999.0,199999.0,1,True
FRA-parlante-jbl-flip-7-negro-401562,Fravega,OTRAS,Audio,Parlante JBL Flip 7 Negro,https://www.fravega.com/p/parlante-jbl-flip-7-negro-401562/,329999.0,289999.0,1,True
FRA-parlante-portatil-bluetooth-jbl-charge-6,Fravega,OTRAS,Audio,Parlante Portátil Bluetooth JBL Charge 6 Red,https://www.fravega.com/p/parlante-portatil-bluetooth-jbl-charge-6-red-401737/,449999.0,410999.0,1,True
FRA-parlante-jbl-flip-7-azul-401563,Fravega,OTRAS,Audio,Parlante JBL Flip 7 Azul,https://www.fravega.com/p/parlante-jbl-flip-7-azul-401563/,329999.0,289999.0,1,True
FRA-auriculares-inalambrico-inear-xiaomi-red,Fravega,XIAOMI,Audio,Auriculares Inalambrico Inear Xiaomi Redmi Buds 6 Play Negro - Negro,https://www.fravega.com/p/auriculares-inalambrico-inear-xiaomi-redmi-buds-6-play-negro-negro-22724644/,27319.0,23999.0,1,True
FRA-parlante-portatil-bluetooth-jbl-charge-6,Fravega,OTRAS,Audio,Parlante Portátil Bluetooth JBL Charge 6 Black,https://www.fravega.com/p/parlante-portatil-bluetooth-jbl-charge-6-black-401736/,449999.0,410999.0,1,True
FRA-auriculares-xiaomi-redmi-buds-6-play-neg,Fravega,XIAOMI,Audio,Auriculares Xiaomi Redmi Buds 6 Play Negro,https://www.fravega.com/p/auriculares-xiaomi-redmi-buds-6-play-negro-596467/,37999.0,35999.0,1,True
FRA-auriculares-jbl-tune-520-blanco-596029,Fravega,OTRAS,Audio,Auriculares JBL TUNE 520 Blanco,https://www.fravega.com/p/auriculares-jbl-tune-520-blanco-596029/,108999.0,79999.0,1,True
FRA-parlante-portatil-philco-94sph609-401481,Fravega,PHILCO,Audio,Parlante Portátil Philco 94SPH609,https://www.fravega.com/p/parlante-portatil-philco-94sph609-401481/,63999.0,35999.0,1,True
FRA-auriculares-admiral-ad-m90-negro-596931,Fravega,OTRAS,Audio,Auriculares Admiral AD-M90 Negro,https://www.fravega.com/p/auriculares-admiral-ad-m90-negro-596931/,15999.0,7999.0,1,True
FRA-auriculares-xiaomi-redmi-buds-6-play-blu,Fravega,XIAOMI,Audio,Auriculares Xiaomi Redmi Buds 6 Play Bluetooth 5.4 White,https://www.fravega.com/p/auriculares-xiaomi-redmi-buds-6-play-bluetooth-5-4-white-22624553/,32999.0,25799.0,1,True
FRA-auriculares-xiaomi-redmi-buds-6-play-blu,Fravega,XIAOMI,Audio,Auriculares Xiaomi Redmi Buds 6 Play Bluetooth 5.4 Rose,https://www.fravega.com/p/auriculares-xiaomi-redmi-buds-6-play-bluetooth-5-4-rose-22624555/,32999.0,25799.0,1,True
FRA-torre-de-sonido-aiwa-aw-t381-7000-watts-,Fravega,OTRAS,Audio,Torre de Sonido Aiwa AW-T381 7000 Watts + Micrófono,https://www.fravega.com/p/torre-de-sonido-aiwa-aw-t381-7000-watts-microfono-401702/,279999.0,179999.0,1,True
FRA-sistema-de-audio-philips-tax5309-77-4015,Fravega,PHILIPS,Audio,Sistema de Audio Philips TAX5309/77,https://www.fravega.com/p/sistema-de-audio-philips-tax5309-77-401521/,899999.0,329999.0,1,True
FRA-auriculares-sony-wf-c710n-bzuc-596812,Fravega,SONY,Audio,Auriculares Sony WF-C710N/BZUC,https://www.fravega.com/p/auriculares-sony-wf-c710n-bzuc-596812/,199999.0,165288.0,1,True
FRA-parlante-inalambrico-portatil-sony-xb100,Fravega,SONY,Audio,Parlante inalámbrico portátil Sony XB100 Negro,https://www.fravega.com/p/parlante-inalambrico-portatil-sony-xb100-negro-401536/,149999.0,129999.0,1,True
FRA-sistema-de-sonido-parlante-philco-tdp215,Fravega,PHILCO,Audio,Sistema de Sonido Parlante Philco TDP215,https://www.fravega.com/p/sistema-de-sonido-parlante-philco-tdp215-401698/,769999.0,549999.0,1,True
FRA-auriculares-inalambricos-bluetooth-aiwa-,Fravega,OTRAS,Audio,Auriculares Inalámbricos Bluetooth Aiwa TWA-7B Blanco,https://www.fravega.com/p/auriculares-inalambricos-bluetooth-aiwa-twa-7b-blanco-595814/,39999.0,10999.0,1,True
FRA-sistema-de-sonido-philco-94tpl5500-negro,Fravega,PHILCO,Audio,Sistema de Sonido Philco 94TPL5500 Negro,https://www.fravega.com/p/sistema-de-sonido-philco-94tpl5500-negro-401381/,899999.0,499999.0,1,True
FRA-auriculares-inalambricos-bluetooth-admir,Fravega,OTRAS,Audio,Auriculares Inalámbricos Bluetooth Admiral AD-F9 Negro,https://www.fravega.com/p/auriculares-inalambricos-bluetooth-admiral-ad-f9-negro-596383/,12999.0,7499.0,1,True
FRA-auriculares-inalambricos-bluetooth-admir,Fravega,OTRAS,Audio,Auriculares Inalámbricos Bluetooth Admiral AD-K6 Negro,https://www.fravega.com/p/auriculares-inalambricos-bluetooth-admiral-ad-k6-negro-596363/,12999.0,7499.0,1,True
FRA-auriculares-inalambricos-motorola-buds-0,Fravega,MOTOROLA,Audio,Auriculares Inalámbricos Motorola Buds 065 Negro,https://www.fravega.com/p/auriculares-inalambricos-motorola-buds-065-negro-596464/,59999.0,39999.0,1,True
FRA-parlante-portatil-bluetooth-jbl-go-essen,Fravega,OTRAS,Audio,Parlante Portátil Bluetooth JBL GO Essential Negro,https://www.fravega.com/p/parlante-portatil-bluetooth-jbl-go-essential-negro-401234/,71999.0,54999.0,1,True
FRA-auriculares-inalambricos-bluetooth-phili,Fravega,PHILIPS,Audio,Auriculares Inalámbricos Bluetooth Philips TAT1300BK,https://www.fravega.com/p/auriculares-inalambricos-bluetooth-philips-tat1300bk-597113/,49999.0,44999.0,1,True
FRA-auriculares-ear-jbl-c50hi-cable-auxiliar,Fravega,OTRAS,Audio,Auriculares In-Ear JBL C50HI Cable Auxiliar 3.5mm Con Microfono,https://www.fravega.com/p/auriculares-ear-jbl-c50hi-cable-auxiliar-3-5mm-con-microfono-990285956/,10601.0,9540.9,1,True
FRA-auriculares-ear-gamer-inalambricos-lenov,Fravega,LENOVO,Audio,Auriculares In-ear Gamer Inalambricos Lenovo Livepods Lp40 N Negro,https://www.fravega.com/p/auriculares-ear-gamer-inalambricos-lenovo-livepods-lp40-n-negro-22724640/,16919.0,15329.0,1,True
FRA-auriculares-motorola-moto-buds-065-tofu-,Fravega,MOTOROLA,Audio,Auriculares Motorola Moto Buds 065 Tofu,https://www.fravega.com/p/auriculares-motorola-moto-buds-065-tofu-596314/,59999.0,39999.0,1,True
FRA-parlante-portatil-bluetooth-jbl-grip-red,Fravega,OTRAS,Audio,Parlante Portátil Bluetooth JBL Grip Red,https://www.fravega.com/p/parlante-portatil-bluetooth-jbl-grip-red-401735/,209999.0,199999.0,1,True
FRA-parlante-jbl-flip-7-negro-401562,Fravega,OTRAS,Audio,Parlante JBL Flip 7 Negro,https://www.fravega.com/p/parlante-jbl-flip-7-negro-401562/,329999.0,289999.0,1,True
FRA-parlante-portatil-bluetooth-jbl-charge-6,Fravega,OTRAS,Audio,Parlante Portátil Bluetooth JBL Charge 6 Red,https://www.fravega.com/p/parlante-portatil-bluetooth-jbl-charge-6-red-401737/,449999.0,410999.0,1,True
FRA-parlante-jbl-flip-7-azul-401563,Fravega,OTRAS,Audio,Parlante JBL Flip 7 Azul,https://www.fravega.com/p/parlante-jbl-flip-7-azul-401563/,329999.0,289999.0,1,True
FRA-auriculares-inalambrico-inear-xiaomi-red,Fravega,XIAOMI,Audio,Auriculares Inalambrico Inear Xiaomi Redmi Buds 6 Play Negro - Negro,https://www.fravega.com/p/auriculares-inalambrico-inear-xiaomi-redmi-buds-6-play-negro-negro-22724644/,27319.0,23999.0,1,True
FRA-parlante-portatil-bluetooth-jbl-charge-6,Fravega,OTRAS,Audio,Parlante Portátil Bluetooth JBL Charge 6 Black,https://www.fravega.com/p/parlante-portatil-bluetooth-jbl-charge-6-black-401736/,449999.0,410999.0,1,True
FRA-auriculares-xiaomi-redmi-buds-6-play-neg,Fravega,XIAOMI,Audio,Auriculares Xiaomi Redmi Buds 6 Play Negro,https://www.fravega.com/p/auriculares-xiaomi-redmi-buds-6-play-negro-596467/,37999.0,35999.0,1,True
FRA-auriculares-jbl-tune-520-blanco-596029,Fravega,OTRAS,Audio,Auriculares JBL TUNE 520 Blanco,https://www.fravega.com/p/auriculares-jbl-tune-520-blanco-596029/,108999.0,79999.0,1,True
FRA-parlante-portatil-philco-94sph609-401481,Fravega,PHILCO,Audio,Parlante Portátil Philco 94SPH609,https://www.fravega.com/p/parlante-portatil-philco-94sph609-401481/,63999.0,35999.0,1,True
FRA-auriculares-admiral-ad-m90-negro-596931,Fravega,OTRAS,Audio,Auriculares Admiral AD-M90 Negro,https://www.fravega.com/p/auriculares-admiral-ad-m90-negro-596931/,15999.0,7999.0,1,True
FRA-auriculares-xiaomi-redmi-buds-6-play-blu,Fravega,XIAOMI,Audio,Auriculares Xiaomi Redmi Buds 6 Play Bluetooth 5.4 White,https://www.fravega.com/p/auriculares-xiaomi-redmi-buds-6-play-bluetooth-5-4-white-22624553/,32999.0,25799.0,1,True
FRA-auriculares-xiaomi-redmi-buds-6-play-blu,Fravega,XIAOMI,Audio,Auriculares Xiaomi Redmi Buds 6 Play Bluetooth 5.4 Rose,https://www.fravega.com/p/auriculares-xiaomi-redmi-buds-6-play-bluetooth-5-4-rose-22624555/,32999.0,25799.0,1,True
FRA-torre-de-sonido-aiwa-aw-t381-7000-watts-,Fravega,OTRAS,Audio,Torre de Sonido Aiwa AW-T381 7000 Watts + Micrófono,https://www.fravega.com/p/torre-de-sonido-aiwa-aw-t381-7000-watts-microfono-401702/,279999.0,179999.0,1,True
FRA-sistema-de-audio-philips-tax5309-77-4015,Fravega,PHILIPS,Audio,Sistema de Audio Philips TAX5309/77,https://www.fravega.com/p/sistema-de-audio-philips-tax5309-77-401521/,899999.0,329999.0,1,True
FRA-auriculares-sony-wf-c710n-bzuc-596812,Fravega,SONY,Audio,Auriculares Sony WF-C710N/BZUC,https://www.fravega.com/p/auriculares-sony-wf-c710n-bzuc-596812/,199999.0,165288.0,1,True
FRA-parlante-inalambrico-portatil-sony-xb100,Fravega,SONY,Audio,Parlante inalámbrico portátil Sony XB100 Negro,https://www.fravega.com/p/parlante-inalambrico-portatil-sony-xb100-negro-401536/,149999.0,129999.0,1,True
FRA-sistema-de-sonido-parlante-philco-tdp215,Fravega,PHILCO,Audio,Sistema de Sonido Parlante Philco TDP215,https://www.fravega.com/p/sistema-de-sonido-parlante-philco-tdp215-401698/,769999.0,549999.0,1,True
FRA-auriculares-inalambricos-bluetooth-aiwa-,Fravega,OTRAS,Audio,Auriculares Inalámbricos Bluetooth Aiwa TWA-7B Blanco,https://www.fravega.com/p/auriculares-inalambricos-bluetooth-aiwa-twa-7b-blanco-595814/,39999.0,10999.0,1,True
FRA-sistema-de-sonido-philco-94tpl5500-negro,Fravega,PHILCO,Audio,Sistema de Sonido Philco 94TPL5500 Negro,https://www.fravega.com/p/sistema-de-sonido-philco-94tpl5500-negro-401381/,899999.0,499999.0,1,True
FRA-auricular-jbl-tune-flex-tws-blanco-59605,Fravega,OTRAS,Audio,Auricular JBL Tune Flex TWS Blanco,https://www.fravega.com/p/auricular-jbl-tune-flex-tws-blanco-596055/,184999.0,129999.0,1,True
FRA-auriculares-xiaomi-redmi-buds-6-play-blu,Fravega,XIAOMI,Audio,Auriculares Xiaomi Redmi Buds 6 Play Bluetooth 5.4 Black Negro,https://www.fravega.com/p/auriculares-xiaomi-redmi-buds-6-play-bluetooth-5-4-black-negro-22624554/,34999.0,27999.0,1,True
FRA-auriculares-jbl-quantum-100m2-negro-3425,Fravega,OTRAS,Audio,Auriculares JBL Quantum 100M2 Negro,https://www.fravega.com/p/auriculares-jbl-quantum-100m2-negro-342520/,89999.0,74379.34,1,True
FRA-auriculares-soundcore-space-one-negro--5,Fravega,OTRAS,Audio,Auriculares Soundcore Space One Negro,https://www.fravega.com/p/auriculares-soundcore-space-one-negro--596476/,399999.0,149999.0,1,True
FRA-parlante-portatil-bluetooth-philco-djp11,Fravega,PHILCO,Audio,Parlante Portátil Bluetooth Philco DJP11,https://www.fravega.com/p/parlante-portatil-bluetooth-philco-djp11-401443/,83999.0,69420.66,1,True
FRA-auriculares-ear-philips-taue100bk-00-595,Fravega,PHILIPS,Audio,Auriculares In Ear Philips TAUE100BK/00,https://www.fravega.com/p/auriculares-ear-philips-taue100bk-00-595378/,12539.0,9999.0,1,True
FRA-auriculares-bt-noblex-94hp350btw-white-5,Fravega,NOBLEX,Audio,Auriculares BT Noblex 94HP350BTW White,https://www.fravega.com/p/auriculares-bt-noblex-94hp350btw-white-596221/,55999.0,39999.0,1,True
FRA-audifonos-inalambricos-xiaomi-redmi-buds,Fravega,XIAOMI,Audio,Audifonos Inalambricos Xiaomi Redmi Buds 6 Play Bt 5.4 Color Sky Blue,https://www.fravega.com/p/audifonos-inalambricos-xiaomi-redmi-buds-6-play-bt-5-4-color-sky-blue-22803217/,34999.0,27999.0,1,True
FRA-auriculares-inalambricos-suono-bluetooth,Fravega,OTRAS,Audio,Auriculares Inalámbricos Suono Bluetooth ANC Almohadillas,https://www.fravega.com/p/auriculares-inalambricos-suono-bluetooth-anc-almohadillas-990262211/,44904.0,28749.0,1,True
FRA-parlante-portatil-bluetooth-jbl-go-essen,Fravega,OTRAS,Audio,Parlante Portátil Bluetooth JBL GO Essential Rojo,https://www.fravega.com/p/parlante-portatil-bluetooth-jbl-go-essential-rojo-401271/,71999.0,59503.31,1,True
FRA-auriculares-philips-tae2146bk-00-596766,Fravega,PHILIPS,Audio,Auriculares Philips TAE2146BK/00,https://www.fravega.com/p/auriculares-philips-tae2146bk-00-596766/,14999.0,12999.0,1,True
FRA-parlante-portatil-bluetooth-jbl-grip-red,Fravega,OTRAS,Audio,Parlante Portátil Bluetooth JBL Grip Red,https://www.fravega.com/p/parlante-portatil-bluetooth-jbl-grip-red-401735/,209999.0,199999.0,1,True
FRA-parlante-jbl-flip-7-negro-401562,Fravega,OTRAS,Audio,Parlante JBL Flip 7 Negro,https://www.fravega.com/p/parlante-jbl-flip-7-negro-401562/,329999.0,289999.0,1,True
FRA-parlante-portatil-bluetooth-jbl-charge-6,Fravega,OTRAS,Audio,Parlante Portátil Bluetooth JBL Charge 6 Red,https://www.fravega.com/p/parlante-portatil-bluetooth-jbl-charge-6-red-401737/,449999.0,410999.0,1,True
FRA-parlante-jbl-flip-7-azul-401563,Fravega,OTRAS,Audio,Parlante JBL Flip 7 Azul,https://www.fravega.com/p/parlante-jbl-flip-7-azul-401563/,329999.0,289999.0,1,True
FRA-auriculares-inalambrico-inear-xiaomi-red,Fravega,XIAOMI,Audio,Auriculares Inalambrico Inear Xiaomi Redmi Buds 6 Play Negro - Negro,https://www.fravega.com/p/auriculares-inalambrico-inear-xiaomi-redmi-buds-6-play-negro-negro-22724644/,27319.0,23999.0,1,True
FRA-parlante-portatil-bluetooth-jbl-charge-6,Fravega,OTRAS,Audio,Parlante Portátil Bluetooth JBL Charge 6 Black,https://www.fravega.com/p/parlante-portatil-bluetooth-jbl-charge-6-black-401736/,449999.0,410999.0,1,True
FRA-auriculares-xiaomi-redmi-buds-6-play-neg,Fravega,XIAOMI,Audio,Auriculares Xiaomi Redmi Buds 6 Play Negro,https://www.fravega.com/p/auriculares-xiaomi-redmi-buds-6-play-negro-596467/,37999.0,35999.0,1,True
FRA-auriculares-jbl-tune-520-blanco-596029,Fravega,OTRAS,Audio,Auriculares JBL TUNE 520 Blanco,https://www.fravega.com/p/auriculares-jbl-tune-520-blanco-596029/,108999.0,79999.0,1,True
FRA-parlante-portatil-philco-94sph609-401481,Fravega,PHILCO,Audio,Parlante Portátil Philco 94SPH609,https://www.fravega.com/p/parlante-portatil-philco-94sph609-401481/,63999.0,35999.0,1,True
FRA-auriculares-admiral-ad-m90-negro-596931,Fravega,OTRAS,Audio,Auriculares Admiral AD-M90 Negro,https://www.fravega.com/p/auriculares-admiral-ad-m90-negro-596931/,15999.0,7999.0,1,True
FRA-auriculares-xiaomi-redmi-buds-6-play-blu,Fravega,XIAOMI,Audio,Auriculares Xiaomi Redmi Buds 6 Play Bluetooth 5.4 White,https://www.fravega.com/p/auriculares-xiaomi-redmi-buds-6-play-bluetooth-5-4-white-22624553/,32999.0,25799.0,1,True
FRA-auriculares-xiaomi-redmi-buds-6-play-blu,Fravega,XIAOMI,Audio,Auriculares Xiaomi Redmi Buds 6 Play Bluetooth 5.4 Rose,https://www.fravega.com/p/auriculares-xiaomi-redmi-buds-6-play-bluetooth-5-4-rose-22624555/,32999.0,25799.0,1,True
FRA-torre-de-sonido-aiwa-aw-t381-7000-watts-,Fravega,OTRAS,Audio,Torre de Sonido Aiwa AW-T381 7000 Watts + Micrófono,https://www.fravega.com/p/torre-de-sonido-aiwa-aw-t381-7000-watts-microfono-401702/,279999.0,179999.0,1,True
FRA-sistema-de-audio-philips-tax5309-77-4015,Fravega,PHILIPS,Audio,Sistema de Audio Philips TAX5309/77,https://www.fravega.com/p/sistema-de-audio-philips-tax5309-77-401521/,899999.0,329999.0,1,True
FRA-auriculares-sony-wf-c710n-bzuc-596812,Fravega,SONY,Audio,Auriculares Sony WF-C710N/BZUC,https://www.fravega.com/p/auriculares-sony-wf-c710n-bzuc-596812/,199999.0,165288.0,1,True
FRA-parlante-inalambrico-portatil-sony-xb100,Fravega,SONY,Audio,Parlante inalámbrico portátil Sony XB100 Negro,https://www.fravega.com/p/parlante-inalambrico-portatil-sony-xb100-negro-401536/,149999.0,129999.0,1,True
FRA-sistema-de-sonido-parlante-philco-tdp215,Fravega,PHILCO,Audio,Sistema de Sonido Parlante Philco TDP215,https://www.fravega.com/p/sistema-de-sonido-parlante-philco-tdp215-401698/,769999.0,549999.0,1,True
FRA-auriculares-inalambricos-bluetooth-aiwa-,Fravega,OTRAS,Audio,Auriculares Inalámbricos Bluetooth Aiwa TWA-7B Blanco,https://www.fravega.com/p/auriculares-inalambricos-bluetooth-aiwa-twa-7b-blanco-595814/,39999.0,10999.0,1,True
FRA-sistema-de-sonido-philco-94tpl5500-negro,Fravega,PHILCO,Audio,Sistema de Sonido Philco 94TPL5500 Negro,https://www.fravega.com/p/sistema-de-sonido-philco-94tpl5500-negro-401381/,899999.0,499999.0,1,True
FRA-soundbar-samsung-hw-b450f-zb-502958,Fravega,SAMSUNG,Audio,Soundbar Samsung HW-B450F/ZB,https://www.fravega.com/p/soundbar-samsung-hw-b450f-zb-502958/,449999.0,371900.0,1,True
FRA-auriculares-inalambricos-lenovo-thinkplu,Fravega,LENOVO,Audio,Auriculares inalámbricos Lenovo ThinkPlus XT80 negro,https://www.fravega.com/p/auriculares-inalambricos-lenovo-thinkplus-xt80-negro-22490578/,39990.0,35991.0,1,True
FRA-auriculares-inalambricos-tws-soundcore-b,Fravega,OTRAS,Audio,Auriculares Inalámbricos Tws Soundcore By Anker P25i Black Negro,https://www.fravega.com/p/auriculares-inalambricos-tws-soundcore-by-anker-p25i-black-negro-990283265/,43999.0,36362.81,1,True
FRA-auriculares-ear-jbl-c50hi-cable-auxiliar,Fravega,OTRAS,Audio,Auriculares In-Ear JBL C50HI Cable Auxiliar Blanco,https://www.fravega.com/p/auriculares-ear-jbl-c50hi-cable-auxiliar-blanco-990285960/,10601.0,9540.9,1,True
FRA-auriculares-monster-xkt10-green-596374,Fravega,OTRAS,Audio,Auriculares Monster XKT10 Green,https://www.fravega.com/p/auriculares-monster-xkt10-green-596374/,89999.0,59999.0,1,True
FRA-auriculares-inalambricos-xiaomi-redmi-bu,Fravega,XIAOMI,Audio,AURICULARES INALAMBRICOS XIAOMI REDMI BUDS 6 PLAY BT 5.4 BLANCO 600mAh 10M M2420E1,https://www.fravega.com/p/auriculares-inalambricos-xiaomi-redmi-buds-6-play-bt-5-4-blanco-600mah-10m-m2420e1-22859405/,28879.0,25299.0,1,True
FRA-auriculares-philips-shl5005-00-negros--5,Fravega,PHILIPS,Audio,Auriculares Philips SHL5005/00 Negros,https://www.fravega.com/p/auriculares-philips-shl5005-00-negros--595022/,37779.0,29999.0,1,True
FRA-sistema-sonido-philco-94djp41-401509,Fravega,PHILCO,Audio,Sistema Sonido Philco 94DJP41,https://www.fravega.com/p/sistema-sonido-philco-94djp41-401509/,199999.0,119999.0,1,True
FRA-auricular-inalambrico-bluetooth-vincha-n,Fravega,OTRAS,Audio,Auricular Inalámbrico Bluetooth Vincha Noga A915bt Negro,https://www.fravega.com/p/auricular-inalambrico-bluetooth-vincha-noga-a915bt-negro-22928018/,30000.0,19999.0,1,True
FRA-auriculares-jbl-tune-720bt-black-9900623,Fravega,OTRAS,Audio,Auriculares Jbl Tune 720bt Black,https://www.fravega.com/p/auriculares-jbl-tune-720bt-black-990062303/,185499.0,131999.0,1,True
FRA-auriculares-inalambricos-gadnic-vincha-b,Fravega,OTRAS,Audio,Auriculares Inalámbricos Gadnic Vincha Bluetooth 5.0,https://www.fravega.com/p/auriculares-inalambricos-gadnic-vincha-bluetooth-5-0-990160774/,53949.0,41498.99,1,True
FRA-auriculares-inalambricos-noblex-hp350bt-,Fravega,NOBLEX,Audio,Auriculares Inalámbricos Noblex Hp350bt Bluetooth 5.0,https://www.fravega.com/p/auriculares-inalambricos-noblex-hp350bt-bluetooth-5-0-21203098/,62499.0,44999.0,1,True
FRA-parlante-portatil-jbl-charge-5-negro-401,Fravega,OTRAS,Audio,Parlante Portatil JBL Charge 5 Negro,https://www.fravega.com/p/parlante-portatil-jbl-charge-5-negro-401879/,399999.0,330578.0,1,True
FRA-parlante-portatil-bluetooth-jbl-grip-red,Fravega,OTRAS,Audio,Parlante Portátil Bluetooth JBL Grip Red,https://www.fravega.com/p/parlante-portatil-bluetooth-jbl-grip-red-401735/,209999.0,199999.0,1,True
FRA-parlante-jbl-flip-7-negro-401562,Fravega,OTRAS,Audio,Parlante JBL Flip 7 Negro,https://www.fravega.com/p/parlante-jbl-flip-7-negro-401562/,329999.0,289999.0,1,True
FRA-parlante-portatil-bluetooth-jbl-charge-6,Fravega,OTRAS,Audio,Parlante Portátil Bluetooth JBL Charge 6 Red,https://www.fravega.com/p/parlante-portatil-bluetooth-jbl-charge-6-red-401737/,449999.0,410999.0,1,True
FRA-parlante-jbl-flip-7-azul-401563,Fravega,OTRAS,Audio,Parlante JBL Flip 7 Azul,https://www.fravega.com/p/parlante-jbl-flip-7-azul-401563/,329999.0,289999.0,1,True
FRA-auriculares-inalambrico-inear-xiaomi-red,Fravega,XIAOMI,Audio,Auriculares Inalambrico Inear Xiaomi Redmi Buds 6 Play Negro - Negro,https://www.fravega.com/p/auriculares-inalambrico-inear-xiaomi-redmi-buds-6-play-negro-negro-22724644/,27319.0,23999.0,1,True
FRA-parlante-portatil-bluetooth-jbl-charge-6,Fravega,OTRAS,Audio,Parlante Portátil Bluetooth JBL Charge 6 Black,https://www.fravega.com/p/parlante-portatil-bluetooth-jbl-charge-6-black-401736/,449999.0,410999.0,1,True
FRA-auriculares-xiaomi-redmi-buds-6-play-neg,Fravega,XIAOMI,Audio,Auriculares Xiaomi Redmi Buds 6 Play Negro,https://www.fravega.com/p/auriculares-xiaomi-redmi-buds-6-play-negro-596467/,37999.0,35999.0,1,True
FRA-auriculares-jbl-tune-520-blanco-596029,Fravega,OTRAS,Audio,Auriculares JBL TUNE 520 Blanco,https://www.fravega.com/p/auriculares-jbl-tune-520-blanco-596029/,108999.0,79999.0,1,True
FRA-parlante-portatil-philco-94sph609-401481,Fravega,PHILCO,Audio,Parlante Portátil Philco 94SPH609,https://www.fravega.com/p/parlante-portatil-philco-94sph609-401481/,63999.0,35999.0,1,True
FRA-auriculares-admiral-ad-m90-negro-596931,Fravega,OTRAS,Audio,Auriculares Admiral AD-M90 Negro,https://www.fravega.com/p/auriculares-admiral-ad-m90-negro-596931/,15999.0,7999.0,1,True
FRA-auriculares-xiaomi-redmi-buds-6-play-blu,Fravega,XIAOMI,Audio,Auriculares Xiaomi Redmi Buds 6 Play Bluetooth 5.4 White,https://www.fravega.com/p/auriculares-xiaomi-redmi-buds-6-play-bluetooth-5-4-white-22624553/,32999.0,25799.0,1,True
FRA-auriculares-xiaomi-redmi-buds-6-play-blu,Fravega,XIAOMI,Audio,Auriculares Xiaomi Redmi Buds 6 Play Bluetooth 5.4 Rose,https://www.fravega.com/p/auriculares-xiaomi-redmi-buds-6-play-bluetooth-5-4-rose-22624555/,32999.0,25799.0,1,True
FRA-torre-de-sonido-aiwa-aw-t381-7000-watts-,Fravega,OTRAS,Audio,Torre de Sonido Aiwa AW-T381 7000 Watts + Micrófono,https://www.fravega.com/p/torre-de-sonido-aiwa-aw-t381-7000-watts-microfono-401702/,279999.0,179999.0,1,True
FRA-sistema-de-audio-philips-tax5309-77-4015,Fravega,PHILIPS,Audio,Sistema de Audio Philips TAX5309/77,https://www.fravega.com/p/sistema-de-audio-philips-tax5309-77-401521/,899999.0,329999.0,1,True
FRA-auriculares-sony-wf-c710n-bzuc-596812,Fravega,SONY,Audio,Auriculares Sony WF-C710N/BZUC,https://www.fravega.com/p/auriculares-sony-wf-c710n-bzuc-596812/,199999.0,165288.0,1,True
FRA-parlante-inalambrico-portatil-sony-xb100,Fravega,SONY,Audio,Parlante inalámbrico portátil Sony XB100 Negro,https://www.fravega.com/p/parlante-inalambrico-portatil-sony-xb100-negro-401536/,149999.0,129999.0,1,True
FRA-sistema-de-sonido-parlante-philco-tdp215,Fravega,PHILCO,Audio,Sistema de Sonido Parlante Philco TDP215,https://www.fravega.com/p/sistema-de-sonido-parlante-philco-tdp215-401698/,769999.0,549999.0,1,True
FRA-auriculares-inalambricos-bluetooth-aiwa-,Fravega,OTRAS,Audio,Auriculares Inalámbricos Bluetooth Aiwa TWA-7B Blanco,https://www.fravega.com/p/auriculares-inalambricos-bluetooth-aiwa-twa-7b-blanco-595814/,39999.0,10999.0,1,True
FRA-sistema-de-sonido-philco-94tpl5500-negro,Fravega,PHILCO,Audio,Sistema de Sonido Philco 94TPL5500 Negro,https://www.fravega.com/p/sistema-de-sonido-philco-94tpl5500-negro-401381/,899999.0,499999.0,1,True
FRA-auriculares-jbl-quantum-100m2-blanco-342,Fravega,OTRAS,Audio,Auriculares JBL Quantum 100M2 Blanco,https://www.fravega.com/p/auriculares-jbl-quantum-100m2-blanco-342552/,89999.0,74379.34,1,True
FRA-auriculares-inalambricos-sony-wh-ch520-c,Fravega,SONY,Audio,Auriculares Inalámbricos Sony WH-CH520/CZ Beige,https://www.fravega.com/p/auriculares-inalambricos-sony-wh-ch520-cz-beige-596833/,109999.0,99999.0,1,True
FRA-auriculares-xiaomi-redmi-buds-8-active-b,Fravega,XIAOMI,Audio,Auriculares Xiaomi Redmi Buds 8 Active Bluetooth Negro,https://www.fravega.com/p/auriculares-xiaomi-redmi-buds-8-active-bluetooth-negro-22802876/,66999.0,52999.0,1,True
FRA-auriculares-vincha-noga-unicorn-manos-li,Fravega,OTRAS,Audio,Auriculares Vincha Noga Unicorn Manos Libres Celular Tablet Violeta,https://www.fravega.com/p/auriculares-vincha-noga-unicorn-manos-libres-celular-tablet-violeta-990152498/,21821.0,6999.0,1,True
FRA-auriculares-sony-wi-c100-bz-negro-596231,Fravega,SONY,Audio,Auriculares Sony WI-C100/BZ Negro,https://www.fravega.com/p/auriculares-sony-wi-c100-bz-negro-596231/,69999.0,59999.0,1,True
FRA-parlante-portatil-t-go-bahamas-8-pulgada,Fravega,LG,Audio,Parlante portátil T-GO Bahamas 8 pulgadas Bluetooth USB Radio FM Luces Led Microfono,https://www.fravega.com/p/parlante-portatil-t-go-bahamas-8-pulgadas-bluetooth-usb-radio-fm-luces-led-microfono-990185541/,99999.0,54990.0,1,True
FRA-auriculares-deportivos-inalambricos-clip,Fravega,LENOVO,Audio,Auriculares Deportivos Inalambricos Clip Ear Resistencia al sudor y agua Lenovo Ea330,https://www.fravega.com/p/auriculares-deportivos-inalambricos-clip-ear-resistencia-al-sudor-y-agua-lenovo-ea330-22501027/,42990.0,38691.0,1,True
FRA-auriculares-vincha-plegable-telefunken-h,Fravega,OTRAS,Audio,Auriculares Vincha Plegable Telefunken H-300 Cable 1.2m Over Ear Negro,https://www.fravega.com/p/auriculares-vincha-plegable-telefunken-h-300-cable-1-2m-over-ear-negro-21194288/,25299.0,13919.0,1,True
FRA-torre-de-sonido-bluetooth-philips-tax570,Fravega,PHILIPS,Audio,Torre de Sonido Bluetooth Philips TAX5708/77,https://www.fravega.com/p/torre-de-sonido-bluetooth-philips-tax5708-77-401349/,1088449.0,899999.0,1,True
FRA-auriculares-inalambricos-gadnic-a164-vin,Fravega,OTRAS,Audio,Auriculares Inalámbricos Gadnic A164 Vincha Cancelación de Ruido,https://www.fravega.com/p/auriculares-inalambricos-gadnic-a164-vincha-cancelacion-de-ruido-990159742/,72084.0,55449.0,1,True
FRA-auriculares-jbl-tune-520-bluetooth-on-ea,Fravega,OTRAS,Audio,Auriculares Jbl Tune 520 Bluetooth On Ear Negro,https://www.fravega.com/p/auriculares-jbl-tune-520-bluetooth-on-ear-negro-990288266/,85499.0,76949.1,1,True
FRA-auriculares-lenovo-xg02-black-21257203,Fravega,LENOVO,Audio,Auriculares Lenovo XG02 Black,https://www.fravega.com/p/auriculares-lenovo-xg02-black-21257203/,59999.0,24999.0,1,True
FRA-sistema-de-audio-philips-tax5509-77-4015,Fravega,PHILIPS,Audio,Sistema de Audio Philips TAX5509/77,https://www.fravega.com/p/sistema-de-audio-philips-tax5509-77-401511/,861909.0,799999.0,1,True
FRA-parlante-portatil-bluetooth-jbl-grip-red,Fravega,OTRAS,Audio,Parlante Portátil Bluetooth JBL Grip Red,https://www.fravega.com/p/parlante-portatil-bluetooth-jbl-grip-red-401735/,209999.0,199999.0,1,True
FRA-parlante-jbl-flip-7-negro-401562,Fravega,OTRAS,Audio,Parlante JBL Flip 7 Negro,https://www.fravega.com/p/parlante-jbl-flip-7-negro-401562/,329999.0,289999.0,1,True
FRA-parlante-portatil-bluetooth-jbl-charge-6,Fravega,OTRAS,Audio,Parlante Portátil Bluetooth JBL Charge 6 Red,https://www.fravega.com/p/parlante-portatil-bluetooth-jbl-charge-6-red-401737/,449999.0,410999.0,1,True
FRA-parlante-jbl-flip-7-azul-401563,Fravega,OTRAS,Audio,Parlante JBL Flip 7 Azul,https://www.fravega.com/p/parlante-jbl-flip-7-azul-401563/,329999.0,289999.0,1,True
FRA-auriculares-inalambrico-inear-xiaomi-red,Fravega,XIAOMI,Audio,Auriculares Inalambrico Inear Xiaomi Redmi Buds 6 Play Negro - Negro,https://www.fravega.com/p/auriculares-inalambrico-inear-xiaomi-redmi-buds-6-play-negro-negro-22724644/,27319.0,23999.0,1,True
FRA-parlante-portatil-bluetooth-jbl-charge-6,Fravega,OTRAS,Audio,Parlante Portátil Bluetooth JBL Charge 6 Black,https://www.fravega.com/p/parlante-portatil-bluetooth-jbl-charge-6-black-401736/,449999.0,410999.0,1,True
FRA-auriculares-xiaomi-redmi-buds-6-play-neg,Fravega,XIAOMI,Audio,Auriculares Xiaomi Redmi Buds 6 Play Negro,https://www.fravega.com/p/auriculares-xiaomi-redmi-buds-6-play-negro-596467/,37999.0,35999.0,1,True
FRA-auriculares-jbl-tune-520-blanco-596029,Fravega,OTRAS,Audio,Auriculares JBL TUNE 520 Blanco,https://www.fravega.com/p/auriculares-jbl-tune-520-blanco-596029/,108999.0,79999.0,1,True
FRA-parlante-portatil-philco-94sph609-401481,Fravega,PHILCO,Audio,Parlante Portátil Philco 94SPH609,https://www.fravega.com/p/parlante-portatil-philco-94sph609-401481/,63999.0,35999.0,1,True
FRA-auriculares-admiral-ad-m90-negro-596931,Fravega,OTRAS,Audio,Auriculares Admiral AD-M90 Negro,https://www.fravega.com/p/auriculares-admiral-ad-m90-negro-596931/,15999.0,7999.0,1,True
FRA-auriculares-xiaomi-redmi-buds-6-play-blu,Fravega,XIAOMI,Audio,Auriculares Xiaomi Redmi Buds 6 Play Bluetooth 5.4 White,https://www.fravega.com/p/auriculares-xiaomi-redmi-buds-6-play-bluetooth-5-4-white-22624553/,32999.0,25799.0,1,True
FRA-auriculares-xiaomi-redmi-buds-6-play-blu,Fravega,XIAOMI,Audio,Auriculares Xiaomi Redmi Buds 6 Play Bluetooth 5.4 Rose,https://www.fravega.com/p/auriculares-xiaomi-redmi-buds-6-play-bluetooth-5-4-rose-22624555/,32999.0,25799.0,1,True
FRA-torre-de-sonido-aiwa-aw-t381-7000-watts-,Fravega,OTRAS,Audio,Torre de Sonido Aiwa AW-T381 7000 Watts + Micrófono,https://www.fravega.com/p/torre-de-sonido-aiwa-aw-t381-7000-watts-microfono-401702/,279999.0,179999.0,1,True
FRA-sistema-de-audio-philips-tax5309-77-4015,Fravega,PHILIPS,Audio,Sistema de Audio Philips TAX5309/77,https://www.fravega.com/p/sistema-de-audio-philips-tax5309-77-401521/,899999.0,329999.0,1,True
FRA-auriculares-sony-wf-c710n-bzuc-596812,Fravega,SONY,Audio,Auriculares Sony WF-C710N/BZUC,https://www.fravega.com/p/auriculares-sony-wf-c710n-bzuc-596812/,199999.0,165288.0,1,True
FRA-parlante-inalambrico-portatil-sony-xb100,Fravega,SONY,Audio,Parlante inalámbrico portátil Sony XB100 Negro,https://www.fravega.com/p/parlante-inalambrico-portatil-sony-xb100-negro-401536/,149999.0,129999.0,1,True
FRA-sistema-de-sonido-parlante-philco-tdp215,Fravega,PHILCO,Audio,Sistema de Sonido Parlante Philco TDP215,https://www.fravega.com/p/sistema-de-sonido-parlante-philco-tdp215-401698/,769999.0,549999.0,1,True
FRA-auriculares-inalambricos-bluetooth-aiwa-,Fravega,OTRAS,Audio,Auriculares Inalámbricos Bluetooth Aiwa TWA-7B Blanco,https://www.fravega.com/p/auriculares-inalambricos-bluetooth-aiwa-twa-7b-blanco-595814/,39999.0,10999.0,1,True
FRA-sistema-de-sonido-philco-94tpl5500-negro,Fravega,PHILCO,Audio,Sistema de Sonido Philco 94TPL5500 Negro,https://www.fravega.com/p/sistema-de-sonido-philco-94tpl5500-negro-401381/,899999.0,499999.0,1,True
FRA-parlante-soundcore-bt-boom-2--401585,Fravega,OTRAS,Audio,Parlante Soundcore BT Boom 2,https://www.fravega.com/p/parlante-soundcore-bt-boom-2--401585/,599999.0,299999.0,1,True
FRA-sistema-de-sonido-parlante-noblex-sq208g,Fravega,NOBLEX,Audio,Sistema de Sonido Parlante Noblex SQ208G1,https://www.fravega.com/p/sistema-de-sonido-parlante-noblex-sq208g1-401695/,469999.0,349999.0,1,True
FRA-auriculares-inalambricos-soundpeats-air-,Fravega,OTRAS,Audio,Auriculares Inalámbricos Soundpeats Air Clip Open-ear Ipx5,https://www.fravega.com/p/auriculares-inalambricos-soundpeats-air-clip-open-ear-ipx5-22631172/,74858.0,49900.0,1,True
FRA-auricular-mut-x2pro-sin-microfono-para-e,Fravega,OTRAS,Audio,"Auricular mut x2pro sin microfono para estudios profesionales, gamer, show en vivos",https://www.fravega.com/p/auricular-mut-x2pro-sin-microfono-para-estudios-profesionales-gamer-show-vivos-22841713/,15439.0,14099.0,1,True
FRA-reproductor-cd-mp3-usb-bluetooth-radio-a,Fravega,PHILCO,Audio,Reproductor Cd Mp3 Usb Bluetooth Radio Am Fm Philco Compacto,https://www.fravega.com/p/reproductor-cd-mp3-usb-bluetooth-radio-am-fm-philco-compacto-21189295/,181110.0,162999.0,1,True
FRA-auriculares-jbl-tune-770nc-noise-canceli,Fravega,OTRAS,Audio,Auriculares Jbl Tune 770nc Noise Canceling Over Ear Black,https://www.fravega.com/p/auriculares-jbl-tune-770nc-noise-canceling-over-ear-black-990076397/,253899.0,177998.99,1,True
FRA-auriculares-deportivos-bluetooth-tipo-ar,Fravega,LENOVO,Audio,Auriculares Deportivos Bluetooth Tipo Aro Resistencia al sudor y agua Lenovo Ea330,https://www.fravega.com/p/auriculares-deportivos-bluetooth-tipo-aro-resistencia-al-sudor-y-agua-lenovo-ea330-22501022/,42990.0,38691.0,1,True
FRA-auriculares-inalambricos-sony-wf-c510-bz,Fravega,SONY,Audio,Auriculares Inalámbricos Sony WF-C510/BZ Negro,https://www.fravega.com/p/auriculares-inalambricos-sony-wf-c510-bz-negro-596855/,139999.0,115702.0,1,True
FRA-sistema-de-sonido-philco-tp12000-7800-wa,Fravega,PHILCO,Audio,Sistema de Sonido Philco TP12000 7800 Watts,https://www.fravega.com/p/sistema-de-sonido-philco-tp12000-7800-watts-401697/,369999.0,329999.0,1,True
FRA-jbl-quantum-360-playstation-22714133,Fravega,OTRAS,Audio,JBL QUANTUM 360 Playstation,https://www.fravega.com/p/jbl-quantum-360-playstation-22714133/,249999.0,149999.0,1,True
FRA-auriculares-philips-shl5005wt-00-blancos,Fravega,PHILIPS,Audio,Auriculares Philips SHL5005WT/00 Blancos,https://www.fravega.com/p/auriculares-philips-shl5005wt-00-blancos-595058/,37779.0,29999.0,1,True
FRA-auriculares-bluetooth-pro6-tws-blancos-2,Fravega,OTRAS,Audio,Auriculares Bluetooth Pro6 TWS Blancos,https://www.fravega.com/p/auriculares-bluetooth-pro6-tws-blancos-21244908/,15000.0,12900.0,1,True
FRA-audifonos-lenovo-livepods-lp75-bluetooth,Fravega,LENOVO,Audio,Audífonos Lenovo Livepods Lp75 Bluetooth 5.3 Running Negro,https://www.fravega.com/p/audifonos-lenovo-livepods-lp75-bluetooth-5-3-running-negro-22491879/,44990.0,40491.0,1,True
FRA-radio-am-fm-daihatsu-d-rp400-pila-220v-i,Fravega,OTRAS,Audio,Radio Am Fm Daihatsu D-rp400 Pila 220v Impacto Online Negro,https://www.fravega.com/p/radio-am-fm-daihatsu-d-rp400-pila-220v-impacto-online-negro-22512339/,47490.0,45115.5,1,True
FRA-auriculares-inalambricos-haylou-hq5-con-,Fravega,OTRAS,Audio,Auriculares Inalámbricos Haylou Hq5 Con Anc Y Enc Negro,https://www.fravega.com/p/auriculares-inalambricos-haylou-hq5-con-anc-y-enc-negro-22526286/,32099.0,29999.0,1,True
FRA-cuatriciclo-a-bateria-12v-azul-con-contr,Fravega,OTRAS,Juguetes,Cuatriciclo A Bateria 12V Azul Con Control Remoto Musica Usb Luces,https://www.fravega.com/p/cuatriciclo-a-bateria-12v-azul-con-control-remoto-musica-usb-luces-351062/,399999.0,264999.0,1,True
FRA-disney-woody-interactive-talking-figura-,Fravega,OTRAS,Juguetes,Disney Woody Interactive Talking Figura de acción,https://www.fravega.com/p/disney-woody-interactive-talking-figura-de-accion-22615159/,189992.0,115895.0,1,True
FRA-moto-a-bateria-3006-love-351354,Fravega,OTRAS,Juguetes,Moto a Batería 3006 Love,https://www.fravega.com/p/moto-a-bateria-3006-love-351354/,199999.0,129999.0,1,True
FRA-camara-de-impresion-instantanea-de-jugue,Fravega,OTRAS,Juguetes,Cámara de Impresión Instantánea de Juguete,https://www.fravega.com/p/camara-de-impresion-instantanea-de-juguete-351360/,74999.0,49999.0,1,True
FRA-gatitos-explosivos-exploding-kittens-jue,Fravega,OTRAS,Juguetes,Gatitos Explosivos - Exploding Kittens - Juego De Cartas (Original),https://www.fravega.com/p/gatitos-explosivos-exploding-kittens-juego-de-cartas-original--990236340/,51991.0,40990.0,1,True
FRA-camicleta-stark-r12-blanco-violeta-35094,Fravega,OTRAS,Juguetes,Camicleta Stark R12 Blanco Violeta,https://www.fravega.com/p/camicleta-stark-r12-blanco-violeta-350942/,99999.0,69999.0,1,True
FRA-autos-clasicos-de-coleccion-iii-x-8-auto,Fravega,OTRAS,Juguetes,Autos Clásicos de Colección III x 8 autos,https://www.fravega.com/p/autos-clasicos-de-coleccion-iii-x-8-autos-990286236/,174990.0,174990.0,1,True
FRA-peluche-musical-plim-plim-de-30cm-8401ap,Fravega,OTRAS,Juguetes,Peluche Musical Plim Plim De 30cm 8401ap,https://www.fravega.com/p/peluche-musical-plim-plim-de-30cm-8401ap-990235909/,65990.0,39989.99,1,True
FRA-moto-scooter-a-bateria-6v-blanco-351075,Fravega,OTRAS,Juguetes,Moto Scooter A Bateria 6V Blanco,https://www.fravega.com/p/moto-scooter-a-bateria-6v-blanco-351075/,199999.0,129999.0,1,True
FRA-monopatin-infantil-priori-sk-3288-celest,Fravega,OTRAS,Juguetes,Monopatín Infantil Priori SK 3288 Celeste,https://www.fravega.com/p/monopatin-infantil-priori-sk-3288-celeste-350512/,59999.0,39999.0,1,True
FRA-catan-juego-de-mesa-devir-40-4011-at-990,Fravega,OTRAS,Juguetes,Catan Juego de Mesa Devir 40-4011 At,https://www.fravega.com/p/catan-juego-de-mesa-devir-40-4011-at-990165684/,124990.0,109990.0,1,True
FRA-muneca-barbie-stacie-con-mascota-351227,Fravega,OTRAS,Juguetes,Muñeca Barbie Stacie con Mascota,https://www.fravega.com/p/muneca-barbie-stacie-con-mascota-351227/,69999.0,31999.0,1,True
FRA-juego-de-mesa-taco-gato-cabra-queso-pizz,Fravega,OTRAS,Juguetes,Juego De Mesa Taco Gato Cabra Queso Pizza Tgcqp Buro,https://www.fravega.com/p/juego-de-mesa-taco-gato-cabra-queso-pizza-tgcqp-buro-990159423/,19350.0,16915.0,1,True
FRA-bebe-reborn-charex-nino-18-pulgadas-cuer,Fravega,LG,Juguetes,Bebe Reborn CHAREX Niño 18 Pulgadas Cuerpo Suave,https://www.fravega.com/p/bebe-reborn-charex-nino-18-pulgadas-cuerpo-suave-22750317/,198968.0,129329.0,1,True
FRA-triciclo-bebesit-rojo-360-joy-3-con-luz-,Fravega,OTRAS,Juguetes,Triciclo Bebesit rojo 360° Joy 3 con luz y barra de empuje,https://www.fravega.com/p/triciclo-bebesit-rojo-360-joy-3-con-luz-y-barra-de-empuje-990182779/,291063.0,183002.0,1,True
FRA-juego-de-mesa-basta-juego-de-palabras-11,Fravega,OTRAS,Juguetes,Juego De Mesa Basta Juego De Palabras 1100 Shine,https://www.fravega.com/p/juego-de-mesa-basta-juego-de-palabras-1100-shine-990242478/,24990.0,20652.89,1,True
FRA-pizarra-magica-12-color-3852-351633,Fravega,OTRAS,Juguetes,Pizarra Mágica 12 Color 3852,https://www.fravega.com/p/pizarra-magica-12-color-3852-351633/,9999.0,3999.0,1,True
FRA-patacleta-love-078-negro-350889,Fravega,OTRAS,Juguetes,Patacleta Love 078 Negro,https://www.fravega.com/p/patacleta-love-078-negro-350889/,49999.0,29999.0,1,True
FRA-patacleta-love-078-blanco-350922,Fravega,OTRAS,Juguetes,Patacleta Love 078 Blanco,https://www.fravega.com/p/patacleta-love-078-blanco-350922/,49999.0,29999.0,1,True
FRA-bicicleta-camicleta-de-equilibrio-mecano,Fravega,OTRAS,Juguetes,Bicicleta Camicleta de equilibrio Mecano 077 Negro,https://www.fravega.com/p/bicicleta-camicleta-de-equilibrio-mecano-077-negro-351066/,59999.0,39999.0,1,True
FRA-cuatriciclo-a-bateria-negro-love-3015-35,Fravega,OTRAS,Juguetes,Cuatriciclo a Batería Negro Love 3015,https://www.fravega.com/p/cuatriciclo-a-bateria-negro-love-3015-351355/,219999.0,149999.0,1,True
FRA-puzzle-1000-pzs-noche-estrellada-88317-1,Fravega,OTRAS,Juguetes,Puzzle 1000 Pzs Noche Estrellada 88317 1979846 Shine,https://www.fravega.com/p/puzzle-1000-pzs-noche-estrellada-88317-1979846-shine-990143807/,20990.0,14990.0,1,True
FRA-cama-elastica-precio-oferta-2-44-azul-me,Fravega,OTRAS,Juguetes,Cama Elastica Precio Oferta 2.44 Azul Metro Niños Adulto Red,https://www.fravega.com/p/cama-elastica-precio-oferta-2-44-azul-metro-ninos-adulto-red-20025851/,399980.0,329990.0,1,True
FRA-bicicleta-camicleta-de-equilibrio-mecano,Fravega,OTRAS,Juguetes,Bicicleta Camicleta de equilibrio Mecano 077 Rosa,https://www.fravega.com/p/bicicleta-camicleta-de-equilibrio-mecano-077-rosa-351068/,59999.0,39999.0,1,True
FRA-mi-cocina-duravit-33-piezas-990049214,Fravega,OTRAS,Juguetes,Mi Cocina Duravit 33 Piezas,https://www.fravega.com/p/mi-cocina-duravit-33-piezas-990049214/,30990.0,24789.98,1,True
FRA-puzzle-1000-pzs-viajero-el-espacio-88316,Fravega,OTRAS,Juguetes,Puzzle 1000 Pzs Viajero en el Espacio 88316 1979228 Shine,https://www.fravega.com/p/puzzle-1000-pzs-viajero-el-espacio-88316-1979228-shine-990150083/,20990.0,14990.0,1,True
FRA-cama-elastica-6ft-1-83m-red-de-seguridad,Fravega,OTRAS,Juguetes,"Cama Elástica 6ft 1,83m Red de Seguridad 100kg Azul",https://www.fravega.com/p/cama-elastica-6ft-1-83m-red-de-seguridad-100kg-azul-351431/,399999.0,269999.0,1,True
FRA-cuatriciclo-a-bateria-12v-azul-con-contr,Fravega,OTRAS,Juguetes,Cuatriciclo A Bateria 12V Azul Con Control Remoto Musica Usb Luces,https://www.fravega.com/p/cuatriciclo-a-bateria-12v-azul-con-control-remoto-musica-usb-luces-351062/,399999.0,264999.0,1,True
FRA-disney-woody-interactive-talking-figura-,Fravega,OTRAS,Juguetes,Disney Woody Interactive Talking Figura de acción,https://www.fravega.com/p/disney-woody-interactive-talking-figura-de-accion-22615159/,189992.0,115895.0,1,True
FRA-moto-a-bateria-3006-love-351354,Fravega,OTRAS,Juguetes,Moto a Batería 3006 Love,https://www.fravega.com/p/moto-a-bateria-3006-love-351354/,199999.0,129999.0,1,True
FRA-camara-de-impresion-instantanea-de-jugue,Fravega,OTRAS,Juguetes,Cámara de Impresión Instantánea de Juguete,https://www.fravega.com/p/camara-de-impresion-instantanea-de-juguete-351360/,74999.0,49999.0,1,True
FRA-gatitos-explosivos-exploding-kittens-jue,Fravega,OTRAS,Juguetes,Gatitos Explosivos - Exploding Kittens - Juego De Cartas (Original),https://www.fravega.com/p/gatitos-explosivos-exploding-kittens-juego-de-cartas-original--990236340/,51991.0,40990.0,1,True
FRA-camicleta-stark-r12-blanco-violeta-35094,Fravega,OTRAS,Juguetes,Camicleta Stark R12 Blanco Violeta,https://www.fravega.com/p/camicleta-stark-r12-blanco-violeta-350942/,99999.0,69999.0,1,True
FRA-autos-clasicos-de-coleccion-iii-x-8-auto,Fravega,OTRAS,Juguetes,Autos Clásicos de Colección III x 8 autos,https://www.fravega.com/p/autos-clasicos-de-coleccion-iii-x-8-autos-990286236/,174990.0,174990.0,1,True
FRA-peluche-musical-plim-plim-de-30cm-8401ap,Fravega,OTRAS,Juguetes,Peluche Musical Plim Plim De 30cm 8401ap,https://www.fravega.com/p/peluche-musical-plim-plim-de-30cm-8401ap-990235909/,65990.0,39989.99,1,True
FRA-moto-scooter-a-bateria-6v-blanco-351075,Fravega,OTRAS,Juguetes,Moto Scooter A Bateria 6V Blanco,https://www.fravega.com/p/moto-scooter-a-bateria-6v-blanco-351075/,199999.0,129999.0,1,True
FRA-monopatin-infantil-priori-sk-3288-celest,Fravega,OTRAS,Juguetes,Monopatín Infantil Priori SK 3288 Celeste,https://www.fravega.com/p/monopatin-infantil-priori-sk-3288-celeste-350512/,59999.0,39999.0,1,True
FRA-catan-juego-de-mesa-devir-40-4011-at-990,Fravega,OTRAS,Juguetes,Catan Juego de Mesa Devir 40-4011 At,https://www.fravega.com/p/catan-juego-de-mesa-devir-40-4011-at-990165684/,124990.0,109990.0,1,True
FRA-muneca-barbie-stacie-con-mascota-351227,Fravega,OTRAS,Juguetes,Muñeca Barbie Stacie con Mascota,https://www.fravega.com/p/muneca-barbie-stacie-con-mascota-351227/,69999.0,31999.0,1,True
FRA-juego-de-mesa-taco-gato-cabra-queso-pizz,Fravega,OTRAS,Juguetes,Juego De Mesa Taco Gato Cabra Queso Pizza Tgcqp Buro,https://www.fravega.com/p/juego-de-mesa-taco-gato-cabra-queso-pizza-tgcqp-buro-990159423/,19350.0,16915.0,1,True
FRA-bebe-reborn-charex-nino-18-pulgadas-cuer,Fravega,LG,Juguetes,Bebe Reborn CHAREX Niño 18 Pulgadas Cuerpo Suave,https://www.fravega.com/p/bebe-reborn-charex-nino-18-pulgadas-cuerpo-suave-22750317/,198968.0,129329.0,1,True
FRA-triciclo-bebesit-rojo-360-joy-3-con-luz-,Fravega,OTRAS,Juguetes,Triciclo Bebesit rojo 360° Joy 3 con luz y barra de empuje,https://www.fravega.com/p/triciclo-bebesit-rojo-360-joy-3-con-luz-y-barra-de-empuje-990182779/,291063.0,183002.0,1,True
FRA-juego-de-mesa-basta-juego-de-palabras-11,Fravega,OTRAS,Juguetes,Juego De Mesa Basta Juego De Palabras 1100 Shine,https://www.fravega.com/p/juego-de-mesa-basta-juego-de-palabras-1100-shine-990242478/,24990.0,20652.89,1,True
FRA-pizarra-magica-8-color-3850-351632,Fravega,OTRAS,Juguetes,Pizarra Magica 8 Color 3850,https://www.fravega.com/p/pizarra-magica-8-color-3850-351632/,6999.0,1999.0,1,True
FRA-consola-de-juegos-retro-kanji-pocket-400,Fravega,OTRAS,Juguetes,Consola De Juegos Retro Kanji Pocket 400 Juegos Clasicos,https://www.fravega.com/p/consola-de-juegos-retro-kanji-pocket-400-juegos-clasicos-990296784/,45296.87,17212.25,1,True
FRA-cuatriciclo-a-bateria-stark-naranja-3510,Fravega,OTRAS,Juguetes,Cuatriciclo a Batería Stark Naranja,https://www.fravega.com/p/cuatriciclo-a-bateria-stark-naranja-351048/,149999.0,129999.0,1,True
FRA-juego-de-mesa-uno-de-mattel-351305,Fravega,OTRAS,Juguetes,Juego de Mesa Uno de Mattel,https://www.fravega.com/p/juego-de-mesa-uno-de-mattel-351305/,19999.0,10999.0,1,True
FRA-puzzle-rompecabeza-1000-pzs-mapamundi-an,Fravega,OTRAS,Juguetes,Puzzle Rompecabeza 1000 Pzs Mapamundi Antiguo 88319 1979870 Shine,https://www.fravega.com/p/puzzle-rompecabeza-1000-pzs-mapamundi-antiguo-88319-1979870-shine--990049564/,20990.0,14990.0,1,True
FRA-triciclo-babu-3-1-color-negro-1-5-anos-3,Fravega,OTRAS,Juguetes,Triciclo BABU 3 en 1 Color Negro 1-5 Años,https://www.fravega.com/p/triciclo-babu-3-1-color-negro-1-5-anos-351171/,199999.0,144999.0,1,True
FRA-duravit-balde-bloques-1ra-infan-29-p-665,Fravega,OTRAS,Juguetes,Duravit Balde Bloques 1ra Infan 29 P 665,https://www.fravega.com/p/duravit-balde-bloques-1ra-infan-29-p-665-990159769/,9390.0,7990.01,1,True
FRA-duravit-tiempo-libre-limpieza-505-990157,Fravega,OTRAS,Juguetes,Duravit Tiempo Libre Limpieza 505,https://www.fravega.com/p/duravit-tiempo-libre-limpieza-505-990157821/,9500.0,6990.0,1,True
FRA-auto-a-radio-control-spiderman-con-volan,Fravega,OTRAS,Juguetes,Auto a Radio Control Spiderman con Volante Ditoys,https://www.fravega.com/p/auto-a-radio-control-spiderman-con-volante-ditoys-351070/,24999.0,17999.0,1,True
FRA-kit-baulero-con-mesa-montessori-22646763,Fravega,OTRAS,Juguetes,Kit Baulero con Mesa Montessori,https://www.fravega.com/p/kit-baulero-con-mesa-montessori-22646763/,253000.0,125950.0,1,True
FRA-portico-3-cuerpos-2-hamacas-tabla-escale,Fravega,OTRAS,Juguetes,Portico 3 cuerpos 2 Hamacas tabla + Escalera VxPlay,https://www.fravega.com/p/portico-3-cuerpos-2-hamacas-tabla-escalera-vxplay-22934512/,179116.0,148029.75,1,True
FRA-sr-cara-de-papa-mr-potato-clasico-13-pzs,Fravega,OTRAS,Juguetes,Sr. Cara De Papa Mr. Potato Clasico 13 Pzs F10795l04 F3244,https://www.fravega.com/p/sr-cara-de-papa-mr-potato-clasico-13-pzs-f10795l04-f3244-990159550/,59990.0,29990.0,1,True
FRA-impresora-3d-lapiz-purpura-rp100b-shine-,Fravega,OTRAS,Juguetes,Impresora 3d Lapiz Purpura Rp100b Shine,https://www.fravega.com/p/impresora-3d-lapiz-purpura-rp100b-shine-990250138/,39990.0,23990.0,1,True
FRA-mesa-y-bancos-sillas-infantil-montessori,Fravega,OTRAS,Juguetes,Mesa Y Bancos Sillas Infantil Montessori Aprendizaje Niño - Blanco,https://www.fravega.com/p/mesa-y-bancos-sillas-infantil-montessori-aprendizaje-nino-blanco-22646756/,165000.0,79000.0,1,True
FRA-cuatriciclo-a-bateria-12v-azul-con-contr,Fravega,OTRAS,Juguetes,Cuatriciclo A Bateria 12V Azul Con Control Remoto Musica Usb Luces,https://www.fravega.com/p/cuatriciclo-a-bateria-12v-azul-con-control-remoto-musica-usb-luces-351062/,399999.0,264999.0,1,True
FRA-disney-woody-interactive-talking-figura-,Fravega,OTRAS,Juguetes,Disney Woody Interactive Talking Figura de acción,https://www.fravega.com/p/disney-woody-interactive-talking-figura-de-accion-22615159/,189992.0,115895.0,1,True
FRA-moto-a-bateria-3006-love-351354,Fravega,OTRAS,Juguetes,Moto a Batería 3006 Love,https://www.fravega.com/p/moto-a-bateria-3006-love-351354/,199999.0,129999.0,1,True
FRA-camara-de-impresion-instantanea-de-jugue,Fravega,OTRAS,Juguetes,Cámara de Impresión Instantánea de Juguete,https://www.fravega.com/p/camara-de-impresion-instantanea-de-juguete-351360/,74999.0,49999.0,1,True
FRA-gatitos-explosivos-exploding-kittens-jue,Fravega,OTRAS,Juguetes,Gatitos Explosivos - Exploding Kittens - Juego De Cartas (Original),https://www.fravega.com/p/gatitos-explosivos-exploding-kittens-juego-de-cartas-original--990236340/,51991.0,40990.0,1,True
FRA-camicleta-stark-r12-blanco-violeta-35094,Fravega,OTRAS,Juguetes,Camicleta Stark R12 Blanco Violeta,https://www.fravega.com/p/camicleta-stark-r12-blanco-violeta-350942/,99999.0,69999.0,1,True
FRA-autos-clasicos-de-coleccion-iii-x-8-auto,Fravega,OTRAS,Juguetes,Autos Clásicos de Colección III x 8 autos,https://www.fravega.com/p/autos-clasicos-de-coleccion-iii-x-8-autos-990286236/,174990.0,174990.0,1,True
FRA-peluche-musical-plim-plim-de-30cm-8401ap,Fravega,OTRAS,Juguetes,Peluche Musical Plim Plim De 30cm 8401ap,https://www.fravega.com/p/peluche-musical-plim-plim-de-30cm-8401ap-990235909/,65990.0,39989.99,1,True
FRA-moto-scooter-a-bateria-6v-blanco-351075,Fravega,OTRAS,Juguetes,Moto Scooter A Bateria 6V Blanco,https://www.fravega.com/p/moto-scooter-a-bateria-6v-blanco-351075/,199999.0,129999.0,1,True
FRA-monopatin-infantil-priori-sk-3288-celest,Fravega,OTRAS,Juguetes,Monopatín Infantil Priori SK 3288 Celeste,https://www.fravega.com/p/monopatin-infantil-priori-sk-3288-celeste-350512/,59999.0,39999.0,1,True
FRA-catan-juego-de-mesa-devir-40-4011-at-990,Fravega,OTRAS,Juguetes,Catan Juego de Mesa Devir 40-4011 At,https://www.fravega.com/p/catan-juego-de-mesa-devir-40-4011-at-990165684/,124990.0,109990.0,1,True
FRA-muneca-barbie-stacie-con-mascota-351227,Fravega,OTRAS,Juguetes,Muñeca Barbie Stacie con Mascota,https://www.fravega.com/p/muneca-barbie-stacie-con-mascota-351227/,69999.0,31999.0,1,True
FRA-juego-de-mesa-taco-gato-cabra-queso-pizz,Fravega,OTRAS,Juguetes,Juego De Mesa Taco Gato Cabra Queso Pizza Tgcqp Buro,https://www.fravega.com/p/juego-de-mesa-taco-gato-cabra-queso-pizza-tgcqp-buro-990159423/,19350.0,16915.0,1,True
FRA-bebe-reborn-charex-nino-18-pulgadas-cuer,Fravega,LG,Juguetes,Bebe Reborn CHAREX Niño 18 Pulgadas Cuerpo Suave,https://www.fravega.com/p/bebe-reborn-charex-nino-18-pulgadas-cuerpo-suave-22750317/,198968.0,129329.0,1,True
FRA-triciclo-bebesit-rojo-360-joy-3-con-luz-,Fravega,OTRAS,Juguetes,Triciclo Bebesit rojo 360° Joy 3 con luz y barra de empuje,https://www.fravega.com/p/triciclo-bebesit-rojo-360-joy-3-con-luz-y-barra-de-empuje-990182779/,291063.0,183002.0,1,True
FRA-juego-de-mesa-basta-juego-de-palabras-11,Fravega,OTRAS,Juguetes,Juego De Mesa Basta Juego De Palabras 1100 Shine,https://www.fravega.com/p/juego-de-mesa-basta-juego-de-palabras-1100-shine-990242478/,24990.0,20652.89,1,True
FRA-juego-mesa-y-sillas-infantil-montessori-,Fravega,OTRAS,Juguetes,Juego Mesa Y Sillas Infantil Montessori Con Respaldo Niño - Blanco,https://www.fravega.com/p/juego-mesa-y-sillas-infantil-montessori-con-respaldo-nino-blanco-22646764/,220000.0,120000.0,1,True
FRA-mis-primeros-trabajos-new-plast-351200,Fravega,OTRAS,Juguetes,Mis Primeros Trabajos New Plast,https://www.fravega.com/p/mis-primeros-trabajos-new-plast-351200/,59999.0,39999.0,1,True
FRA-auto-a-bateria-amg-rosa-cl-s300-99023862,Fravega,OTRAS,Juguetes,Auto A Bateria Amg Rosa Cl-s300,https://www.fravega.com/p/auto-a-bateria-amg-rosa-cl-s300-990238627/,499990.0,269990.0,1,True
FRA-cama-elastica-gadnic-304-mts-con-red-de-,Fravega,OTRAS,Juguetes,Cama Elástica Gadnic 304 mts Con Red de Seguridad Reforzada,https://www.fravega.com/p/cama-elastica-gadnic-304-mts-con-red-de-seguridad-reforzada-990274703/,871998.0,670768.0,1,True
FRA-triciclo-babu-3-1-color-beige-1-5-anos-3,Fravega,OTRAS,Juguetes,Triciclo BABU 3 en 1 Color Beige 1-5 Años,https://www.fravega.com/p/triciclo-babu-3-1-color-beige-1-5-anos-351170/,199999.0,144999.0,1,True
FRA-cama-elastica-6ft-gadnic-182-cm-con-red-,Fravega,OTRAS,Juguetes,Cama Elastica 6ft Gadnic 182 cm Con Red de Protección,https://www.fravega.com/p/cama-elastica-6ft-gadnic-182-cm-con-red-de-proteccion-990284281/,491822.99,378324.99,1,True
FRA-juego-mesa-y-sillas-infantil-con-respald,Fravega,OTRAS,Juguetes,Juego Mesa Y Sillas Infantil Con Respaldo Y Juguetero Blanco,https://www.fravega.com/p/juego-mesa-y-sillas-infantil-con-respaldo-y-juguetero-blanco-22815290/,280000.0,170000.0,1,True
FRA-teclado-musical-gadnic-organo-54-teclas-,Fravega,OTRAS,Juguetes,Teclado Musical Gadnic Órgano 54 Teclas,https://www.fravega.com/p/teclado-musical-gadnic-organo-54-teclas-20049918/,103154.0,79349.0,1,True
FRA-duravit-carrito-frutas-y-verduras-604-99,Fravega,OTRAS,Juguetes,Duravit Carrito Frutas Y Verduras 604,https://www.fravega.com/p/duravit-carrito-frutas-y-verduras-604-990187799/,15990.0,13990.0,1,True
FRA-alfombra-de-agua-121-bebesit-marina-cele,Fravega,OTRAS,Juguetes,Alfombra de agua 121 Bebesit Marina Celeste,https://www.fravega.com/p/alfombra-de-agua-121-bebesit-marina-celeste-990230120/,27659.0,16721.0,1,True
FRA-aro-de-basquet-2-resortes-exahome-n-7-20,Fravega,OTRAS,Juguetes,Aro De Basquet 2 Resortes Exahome Nº 7,https://www.fravega.com/p/aro-de-basquet-2-resortes-exahome-n-7-20001723/,62990.0,46990.0,1,True
FRA-teclado-musical-gadnic-organo-61-teclas-,Fravega,OTRAS,Juguetes,Teclado Musical Gadnic Órgano 61 Teclas,https://www.fravega.com/p/teclado-musical-gadnic-organo-61-teclas-20049917/,139348.0,107191.0,1,True
FRA-duravit-mini-moldes-8-piezas-apilables-6,Fravega,OTRAS,Juguetes,Duravit Mini Moldes 8 Piezas Apilables 658,https://www.fravega.com/p/duravit-mini-moldes-8-piezas-apilables-658-990054118/,4290.0,3432.0,1,True
FRA-petit-gourmet-juego-de-mate-con-termo-n1,Fravega,OTRAS,Juguetes,Petit Gourmet Juego De Mate Con Termo N106,https://www.fravega.com/p/petit-gourmet-juego-de-mate-con-termo-n106-990159559/,5000.0,4999.99,1,True
FRA-cuatriciclo-a-bateria-12v-azul-con-contr,Fravega,OTRAS,Juguetes,Cuatriciclo A Bateria 12V Azul Con Control Remoto Musica Usb Luces,https://www.fravega.com/p/cuatriciclo-a-bateria-12v-azul-con-control-remoto-musica-usb-luces-351062/,399999.0,264999.0,1,True
FRA-disney-woody-interactive-talking-figura-,Fravega,OTRAS,Juguetes,Disney Woody Interactive Talking Figura de acción,https://www.fravega.com/p/disney-woody-interactive-talking-figura-de-accion-22615159/,189992.0,115895.0,1,True
FRA-moto-a-bateria-3006-love-351354,Fravega,OTRAS,Juguetes,Moto a Batería 3006 Love,https://www.fravega.com/p/moto-a-bateria-3006-love-351354/,199999.0,129999.0,1,True
FRA-camara-de-impresion-instantanea-de-jugue,Fravega,OTRAS,Juguetes,Cámara de Impresión Instantánea de Juguete,https://www.fravega.com/p/camara-de-impresion-instantanea-de-juguete-351360/,74999.0,49999.0,1,True
FRA-gatitos-explosivos-exploding-kittens-jue,Fravega,OTRAS,Juguetes,Gatitos Explosivos - Exploding Kittens - Juego De Cartas (Original),https://www.fravega.com/p/gatitos-explosivos-exploding-kittens-juego-de-cartas-original--990236340/,51991.0,40990.0,1,True
FRA-camicleta-stark-r12-blanco-violeta-35094,Fravega,OTRAS,Juguetes,Camicleta Stark R12 Blanco Violeta,https://www.fravega.com/p/camicleta-stark-r12-blanco-violeta-350942/,99999.0,69999.0,1,True
FRA-autos-clasicos-de-coleccion-iii-x-8-auto,Fravega,OTRAS,Juguetes,Autos Clásicos de Colección III x 8 autos,https://www.fravega.com/p/autos-clasicos-de-coleccion-iii-x-8-autos-990286236/,174990.0,174990.0,1,True
FRA-peluche-musical-plim-plim-de-30cm-8401ap,Fravega,OTRAS,Juguetes,Peluche Musical Plim Plim De 30cm 8401ap,https://www.fravega.com/p/peluche-musical-plim-plim-de-30cm-8401ap-990235909/,65990.0,39989.99,1,True
FRA-moto-scooter-a-bateria-6v-blanco-351075,Fravega,OTRAS,Juguetes,Moto Scooter A Bateria 6V Blanco,https://www.fravega.com/p/moto-scooter-a-bateria-6v-blanco-351075/,199999.0,129999.0,1,True
FRA-monopatin-infantil-priori-sk-3288-celest,Fravega,OTRAS,Juguetes,Monopatín Infantil Priori SK 3288 Celeste,https://www.fravega.com/p/monopatin-infantil-priori-sk-3288-celeste-350512/,59999.0,39999.0,1,True
FRA-catan-juego-de-mesa-devir-40-4011-at-990,Fravega,OTRAS,Juguetes,Catan Juego de Mesa Devir 40-4011 At,https://www.fravega.com/p/catan-juego-de-mesa-devir-40-4011-at-990165684/,124990.0,109990.0,1,True
FRA-muneca-barbie-stacie-con-mascota-351227,Fravega,OTRAS,Juguetes,Muñeca Barbie Stacie con Mascota,https://www.fravega.com/p/muneca-barbie-stacie-con-mascota-351227/,69999.0,31999.0,1,True
FRA-juego-de-mesa-taco-gato-cabra-queso-pizz,Fravega,OTRAS,Juguetes,Juego De Mesa Taco Gato Cabra Queso Pizza Tgcqp Buro,https://www.fravega.com/p/juego-de-mesa-taco-gato-cabra-queso-pizza-tgcqp-buro-990159423/,19350.0,16915.0,1,True
FRA-bebe-reborn-charex-nino-18-pulgadas-cuer,Fravega,LG,Juguetes,Bebe Reborn CHAREX Niño 18 Pulgadas Cuerpo Suave,https://www.fravega.com/p/bebe-reborn-charex-nino-18-pulgadas-cuerpo-suave-22750317/,198968.0,129329.0,1,True
FRA-triciclo-bebesit-rojo-360-joy-3-con-luz-,Fravega,OTRAS,Juguetes,Triciclo Bebesit rojo 360° Joy 3 con luz y barra de empuje,https://www.fravega.com/p/triciclo-bebesit-rojo-360-joy-3-con-luz-y-barra-de-empuje-990182779/,291063.0,183002.0,1,True
FRA-juego-de-mesa-basta-juego-de-palabras-11,Fravega,OTRAS,Juguetes,Juego De Mesa Basta Juego De Palabras 1100 Shine,https://www.fravega.com/p/juego-de-mesa-basta-juego-de-palabras-1100-shine-990242478/,24990.0,20652.89,1,True
FRA-duravit-juego-set-de-mate-618-990160093,Fravega,OTRAS,Juguetes,Duravit Juego Set De Mate 618,https://www.fravega.com/p/duravit-juego-set-de-mate-618-990160093/,7290.0,6490.0,1,True
FRA-cama-elastica-tm-con-red-de-proteccion-y,Fravega,OTRAS,Juguetes,Cama Elastica Tm Con Red de Proteccion Y Escalera Hierro 244 Cm,https://www.fravega.com/p/cama-elastica-tm-con-red-de-proteccion-y-escalera-hierro-244-cm-21271780/,699999.0,675198.0,1,True
FRA-pizarra-magica-gadnic-tabgraf5a-azul-351,Fravega,OTRAS,Juguetes,Pizarra Mágica Gadnic TABGRAF5A Azul,https://www.fravega.com/p/pizarra-magica-gadnic-tabgraf5a-azul-351057/,23999.0,13999.0,1,True
FRA-repuesto-filamento-lapiz-3d-10-colores-3,Fravega,OTRAS,Juguetes,Repuesto Filamento Lapiz 3d 10 Colores 30mts Pla Shine,https://www.fravega.com/p/repuesto-filamento-lapiz-3d-10-colores-30mts-pla-shine-990250147/,14991.0,12389.26,1,True
FRA-cama-elastica-saltarina-reforzada-1-80-m,Fravega,OTRAS,Juguetes,"Cama Elástica Saltarina Reforzada 1,80 Metros Red Protectora",https://www.fravega.com/p/cama-elastica-saltarina-reforzada-1-80-metros-red-protectora-22664298/,262375.0,209900.0,1,True
FRA-consola-retro-nes-hd-2-joystick-500-jueg,Fravega,OTRAS,Juguetes,Consola Retro Nes Hd + 2 Joystick + 500 Juegos,https://www.fravega.com/p/consola-retro-nes-hd-2-joystick-500-juegos-22949163/,38174.0,31549.0,1,True
FRA-bateria-para-ninos-jazz-drum-set-863166-,Fravega,OTRAS,Juguetes,Batería Para Niños Jazz Drum Set 863166,https://www.fravega.com/p/bateria-para-ninos-jazz-drum-set-863166-990049632/,79990.0,59990.0,1,True
FRA-duravit-mi-cocina-37-piezas-990049690,Fravega,OTRAS,Juguetes,Duravit Mi Cocina 37 Piezas,https://www.fravega.com/p/duravit-mi-cocina-37-piezas-990049690/,52690.0,52689.99,1,True
FRA-juego-duravit-girabola-676-990055698,Fravega,OTRAS,Juguetes,Juego Duravit Girabola 676,https://www.fravega.com/p/juego-duravit-girabola-676-990055698/,9390.0,7990.01,1,True
FRA-triciclo-infantil-con-canasto-yx-t02-990,Fravega,OTRAS,Juguetes,Triciclo Infantil Con Canasto Yx-t02,https://www.fravega.com/p/triciclo-infantil-con-canasto-yx-t02-990142388/,59990.0,32990.0,1,True
FRA-puzzle-1000-pzs-taverna-saint-88016-1489,Fravega,OTRAS,Juguetes,Puzzle 1000 Pzs Taverna Saint 88016 1489439 Shine,https://www.fravega.com/p/puzzle-1000-pzs-taverna-saint-88016-1489439-shine-990143164/,20990.0,12990.0,1,True
FRA-duravit-masa-pack-kitchen-729-990160106,Fravega,OTRAS,Juguetes,Duravit Masa Pack Kitchen 729,https://www.fravega.com/p/duravit-masa-pack-kitchen-729-990160106/,8750.0,6495.0,1,True
FRA-camicleta-stark-rodado-12-acero-negro-am,Fravega,ACER,Juguetes,Camicleta Stark Rodado 12” Acero Negro/Amarillo,https://www.fravega.com/p/camicleta-stark-rodado-12-acero-negro-amarillo-350951/,99999.0,69999.0,1,True
FRA-set-de-walkie-talkie-spiderman-ditoys-35,Fravega,OTRAS,Juguetes,Set de Walkie Talkie Spiderman Ditoys,https://www.fravega.com/p/set-de-walkie-talkie-spiderman-ditoys-351215/,34999.0,19999.0,1,True
FRA-cuatriciclo-a-bateria-12v-azul-con-contr,Fravega,OTRAS,Juguetes,Cuatriciclo A Bateria 12V Azul Con Control Remoto Musica Usb Luces,https://www.fravega.com/p/cuatriciclo-a-bateria-12v-azul-con-control-remoto-musica-usb-luces-351062/,399999.0,264999.0,1,True
FRA-disney-woody-interactive-talking-figura-,Fravega,OTRAS,Juguetes,Disney Woody Interactive Talking Figura de acción,https://www.fravega.com/p/disney-woody-interactive-talking-figura-de-accion-22615159/,189992.0,115895.0,1,True
FRA-moto-a-bateria-3006-love-351354,Fravega,OTRAS,Juguetes,Moto a Batería 3006 Love,https://www.fravega.com/p/moto-a-bateria-3006-love-351354/,199999.0,129999.0,1,True
FRA-camara-de-impresion-instantanea-de-jugue,Fravega,OTRAS,Juguetes,Cámara de Impresión Instantánea de Juguete,https://www.fravega.com/p/camara-de-impresion-instantanea-de-juguete-351360/,74999.0,49999.0,1,True
FRA-gatitos-explosivos-exploding-kittens-jue,Fravega,OTRAS,Juguetes,Gatitos Explosivos - Exploding Kittens - Juego De Cartas (Original),https://www.fravega.com/p/gatitos-explosivos-exploding-kittens-juego-de-cartas-original--990236340/,51991.0,40990.0,1,True
FRA-camicleta-stark-r12-blanco-violeta-35094,Fravega,OTRAS,Juguetes,Camicleta Stark R12 Blanco Violeta,https://www.fravega.com/p/camicleta-stark-r12-blanco-violeta-350942/,99999.0,69999.0,1,True
FRA-autos-clasicos-de-coleccion-iii-x-8-auto,Fravega,OTRAS,Juguetes,Autos Clásicos de Colección III x 8 autos,https://www.fravega.com/p/autos-clasicos-de-coleccion-iii-x-8-autos-990286236/,174990.0,174990.0,1,True
FRA-peluche-musical-plim-plim-de-30cm-8401ap,Fravega,OTRAS,Juguetes,Peluche Musical Plim Plim De 30cm 8401ap,https://www.fravega.com/p/peluche-musical-plim-plim-de-30cm-8401ap-990235909/,65990.0,39989.99,1,True
FRA-moto-scooter-a-bateria-6v-blanco-351075,Fravega,OTRAS,Juguetes,Moto Scooter A Bateria 6V Blanco,https://www.fravega.com/p/moto-scooter-a-bateria-6v-blanco-351075/,199999.0,129999.0,1,True
FRA-monopatin-infantil-priori-sk-3288-celest,Fravega,OTRAS,Juguetes,Monopatín Infantil Priori SK 3288 Celeste,https://www.fravega.com/p/monopatin-infantil-priori-sk-3288-celeste-350512/,59999.0,39999.0,1,True
FRA-catan-juego-de-mesa-devir-40-4011-at-990,Fravega,OTRAS,Juguetes,Catan Juego de Mesa Devir 40-4011 At,https://www.fravega.com/p/catan-juego-de-mesa-devir-40-4011-at-990165684/,124990.0,109990.0,1,True
FRA-muneca-barbie-stacie-con-mascota-351227,Fravega,OTRAS,Juguetes,Muñeca Barbie Stacie con Mascota,https://www.fravega.com/p/muneca-barbie-stacie-con-mascota-351227/,69999.0,31999.0,1,True
FRA-juego-de-mesa-taco-gato-cabra-queso-pizz,Fravega,OTRAS,Juguetes,Juego De Mesa Taco Gato Cabra Queso Pizza Tgcqp Buro,https://www.fravega.com/p/juego-de-mesa-taco-gato-cabra-queso-pizza-tgcqp-buro-990159423/,19350.0,16915.0,1,True
FRA-bebe-reborn-charex-nino-18-pulgadas-cuer,Fravega,LG,Juguetes,Bebe Reborn CHAREX Niño 18 Pulgadas Cuerpo Suave,https://www.fravega.com/p/bebe-reborn-charex-nino-18-pulgadas-cuerpo-suave-22750317/,198968.0,129329.0,1,True
FRA-triciclo-bebesit-rojo-360-joy-3-con-luz-,Fravega,OTRAS,Juguetes,Triciclo Bebesit rojo 360° Joy 3 con luz y barra de empuje,https://www.fravega.com/p/triciclo-bebesit-rojo-360-joy-3-con-luz-y-barra-de-empuje-990182779/,291063.0,183002.0,1,True
FRA-juego-de-mesa-basta-juego-de-palabras-11,Fravega,OTRAS,Juguetes,Juego De Mesa Basta Juego De Palabras 1100 Shine,https://www.fravega.com/p/juego-de-mesa-basta-juego-de-palabras-1100-shine-990242478/,24990.0,20652.89,1,True
FRA-mochila-valija-plegable-disney-cocina-lo,Fravega,OTRAS,Juguetes,Mochila Valija Plegable Disney Cocina Lotso,https://www.fravega.com/p/mochila-valija-plegable-disney-cocina-lotso-351025/,47999.0,36999.0,1,True
FRA-peluche-musical-plim-plim-huggie-de-30cm,Fravega,OTRAS,Juguetes,Peluche Musical Plim Plim Huggie De 30cm 8401ep,https://www.fravega.com/p/peluche-musical-plim-plim-huggie-de-30cm-8401ep-990236118/,69990.0,59990.0,1,True
FRA-juego-didactico-foamy-enhebrados-puercoe,Fravega,OTRAS,Juguetes,Juego Didáctico Foamy Enhebrados Puercoespin 820 Kreker,https://www.fravega.com/p/juego-didactico-foamy-enhebrados-puercoespin-820-kreker-990238673/,6750.0,6190.0,1,True
FRA-peluche-slinky-toy-story-30cm-px005-9902,Fravega,OTRAS,Juguetes,Peluche Slinky Toy Story 30cm Px005,https://www.fravega.com/p/peluche-slinky-toy-story-30cm-px005-990250153/,39990.0,32990.0,1,True
FRA-camara-mini-digital-retro-ninos-video-fo,Fravega,OTRAS,Juguetes,Camara Mini Digital Retro Niños Video Fotos Recargable Usb,https://www.fravega.com/p/camara-mini-digital-retro-ninos-video-fotos-recargable-usb-22647568/,51609.0,45439.0,1,True
FRA-drone-toysky-s175-max-22919893,Fravega,OTRAS,Juguetes,Drone Toysky S175 Max,https://www.fravega.com/p/drone-toysky-s175-max-22919893/,67473.0,61061.54,1,True
FRA-strike-360-kit-oficial-20007183,Fravega,OTRAS,Juguetes,Strike 360 - Kit Oficial,https://www.fravega.com/p/strike-360-kit-oficial-20007183/,139990.0,94990.0,1,True
FRA-cama-elastica-1-85m-azul-saltarin-trampo,Fravega,OTRAS,Juguetes,Cama Elastica 1.85M Azul Saltarin Trampolin Con Red Protectora,https://www.fravega.com/p/cama-elastica-1-85m-azul-saltarin-trampolin-con-red-protectora-20025852/,349980.0,239990.0,1,True
FRA-mini-tramp-rojo-trampolin-profesional-ca,Fravega,OTRAS,Juguetes,Mini Tramp Rojo Trampolin Profesional Cama Elastica Deporte Gym,https://www.fravega.com/p/mini-tramp-rojo-trampolin-profesional-cama-elastica-deporte-gym-20025859/,166650.0,129990.0,1,True
FRA-amigos-de-mierda-juego-cartas-para-previ,Fravega,OTRAS,Juguetes,Amigos de Mierda Juego Cartas para Previa Bureau,https://www.fravega.com/p/amigos-de-mierda-juego-cartas-para-previa-bureau-990049465/,19350.0,16915.0,1,True
FRA-duravit-anillos-apilables-653-990049548,Fravega,OTRAS,Juguetes,Duravit Anillos Apilables 653,https://www.fravega.com/p/duravit-anillos-apilables-653-990049548/,8490.0,7016.53,1,True
FRA-juego-de-mesa-rummy--burako-clasico-ruib,Fravega,OTRAS,Juguetes,Juego de Mesa Rummy & Burako Clásico Ruibal 1056,https://www.fravega.com/p/juego-de-mesa-rummy--burako-clasico-ruibal-1056-990049691/,105990.0,69990.01,1,True
FRA-duravit-banco-de-herramientas-32-piezas-,Fravega,OTRAS,Juguetes,Duravit Banco De Herramientas 32 Piezas 412,https://www.fravega.com/p/duravit-banco-de-herramientas-32-piezas-412-990054120/,32990.0,24990.0,1,True
FRA-bloques-de-construccion-gadnic-magnetico,Fravega,OTRAS,Juguetes,Bloques De Construcción Gadnic Magnéticos 120 Piezas De Juguetes Para Niños,https://www.fravega.com/p/bloques-de-construccion-gadnic-magneticos-120-piezas-de-juguetes-para-ninos-990072122/,233999.0,179999.0,1,True
FRA-extractor-de-leche-manual-avent-scf430-0,Fravega,OTRAS,Bebés y Primera Infancia,Extractor de Leche Manual Avent SCF430/01,https://www.fravega.com/p/extractor-de-leche-manual-avent-scf430-01-680428/,139999.0,84999.0,1,True
FRA-alfombra-infantil-mawe-by-gadnic-antides,Fravega,OTRAS,Bebés y Primera Infancia,Alfombra Infantil Mawe By Gadnic Antideslizante e Impermeable Para Bebes,https://www.fravega.com/p/alfombra-infantil-mawe-by-gadnic-antideslizante-e-impermeable-para-bebes-990265932/,97044.0,74649.0,1,True
FRA-booster-para-ninos-love-2052-680464,Fravega,OSTER,Bebés y Primera Infancia,Booster Para Niños Love 2052,https://www.fravega.com/p/booster-para-ninos-love-2052-680464/,39999.0,24999.0,1,True
FRA-mochila-porta-bebe-gadnic-ergonomica-20k,Fravega,OTRAS,Bebés y Primera Infancia,Mochila Porta Bebe Gadnic Ergonomica 20kg 3 en 1,https://www.fravega.com/p/mochila-porta-bebe-gadnic-ergonomica-20kg-3-1-990164232/,94444.0,72649.01,1,True
FRA-mamadera-avent-natural-response-scy903-0,Fravega,OTRAS,Bebés y Primera Infancia,Mamadera Avent Natural Response SCY903 01 260 Ml,https://www.fravega.com/p/mamadera-avent-natural-response-scy903-01-260-ml-680690/,44999.0,34999.0,1,True
FRA-manta-didactica-roff-gimnasio-proyector-,Fravega,OTRAS,Bebés y Primera Infancia,Manta Didáctica Roff Gimnasio Proyector Música Y Juguetes Bebe Rosa,https://www.fravega.com/p/manta-didactica-roff-gimnasio-proyector-musica-y-juguetes-bebe-rosa-680696/,95999.0,59999.0,1,True
FRA-set-vasos-contenedores-avent-scf618710--,Fravega,OTRAS,Bebés y Primera Infancia,Set Vasos Contenedores Avent Scf618710,https://www.fravega.com/p/set-vasos-contenedores-avent-scf618710--680643/,61999.0,36999.0,1,True
FRA-sacaleche-electrico-gadnic-extractor-de-,Fravega,OTRAS,Bebés y Primera Infancia,Sacaleche Eléctrico Gadnic Extractor De Leche Portatil,https://www.fravega.com/p/sacaleche-electrico-gadnic-extractor-de-leche-portatil--990185582/,163799.0,125998.99,1,True
FRA-tetina-philips-avent-anticolicos-de-fluj,Fravega,PHILIPS,Bebés y Primera Infancia,Tetina Philips Avent Anticólicos de Flujo Lento x 2,https://www.fravega.com/p/tetina-philips-avent-anticolicos-de-flujo-lento-x-2-681017/,26999.0,11999.0,1,True
FRA-esterilizador-a-vapor-para-microondas-av,Fravega,OTRAS,Bebés y Primera Infancia,Esterilizador a vapor para microondas AVENT SCF28102,https://www.fravega.com/p/esterilizador-a-vapor-para-microondas-avent-scf28102-680151/,89999.0,49999.0,1,True
FRA-mecedora-bebesit-vibracion-8023-c-verde-,Fravega,OTRAS,Bebés y Primera Infancia,Mecedora Bebesit Vibracion 8023-C Verde,https://www.fravega.com/p/mecedora-bebesit-vibracion-8023-c-verde-680559/,89999.0,59999.0,1,True
FRA-sacaleche-x2-electrico-gadnic-extractor-,Fravega,OTRAS,Bebés y Primera Infancia,Sacaleche X2 Eléctrico Gadnic Extractor De Leche Portatil,https://www.fravega.com/p/sacaleche-x2-electrico-gadnic-extractor-de-leche-portatil-990228686/,350869.0,269898.99,1,True
FRA-cochecito-de-bebe-paraguita-mu-reforzado,Fravega,OTRAS,Bebés y Primera Infancia,Cochecito de Bebe Paraguita MU Reforzado Color Gris,https://www.fravega.com/p/cochecito-de-bebe-paraguita-mu-reforzado-color-gris-680669/,99999.0,69999.0,1,True
FRA-cochecito-de-bebe-paseo-mu-reforzado-col,Fravega,OTRAS,Bebés y Primera Infancia,Cochecito de Bebe Paseo MU Reforzado Color Gris,https://www.fravega.com/p/cochecito-de-bebe-paseo-mu-reforzado-color-gris-680778/,219999.0,119999.0,1,True
FRA-cochecito-de-paseo-bebesit-eos-c-bandeja,Fravega,OTRAS,Bebés y Primera Infancia,Cochecito de paseo Bebesit Eos C/bandeja Superior Gris 1337-L,https://www.fravega.com/p/cochecito-de-paseo-bebesit-eos-c-bandeja-superior-gris-1337-l-990052858/,183813.0,128669.0,1,True
FRA-chicco-cochecito-goody-xplus-black-re-lu,Fravega,CHICCO,Bebés y Primera Infancia,Chicco Cochecito Goody Xplus Black Re_lux 08087040560000,https://www.fravega.com/p/chicco-cochecito-goody-xplus-black-re-lux-08087040560000-990249433/,499990.0,299990.0,1,True
FRA-booster-s-respaldo-gofit-backless-410070,Fravega,OSTER,Bebés y Primera Infancia,Booster S/respaldo Gofit Backless (410070/10938),https://www.fravega.com/p/booster-s-respaldo-gofit-backless-410070-10938--990249437/,149990.0,129990.0,1,True
FRA-cochecito-de-paseo-3-ruedas-love-297-neg,Fravega,OTRAS,Bebés y Primera Infancia,Cochecito de Paseo 3 Ruedas Love 297 Negro 09,https://www.fravega.com/p/cochecito-de-paseo-3-ruedas-love-297-negro-09-50005412/,149300.0,119399.0,1,True
FRA-coche-cuna-de-bebe-travel-system-disney-,Fravega,OTRAS,Bebés y Primera Infancia,Coche Cuna de Bebe Travel System Disney Rojo Mickey,https://www.fravega.com/p/coche-cuna-de-bebe-travel-system-disney-rojo-mickey-20293912/,315330.0,242560.0,1,True
FRA-cochecito-de-paseo-eos-verde-oscuro-9900,Fravega,OTRAS,Bebés y Primera Infancia,Cochecito de Paseo EOS Verde Oscuro,https://www.fravega.com/p/cochecito-de-paseo-eos-verde-oscuro-990049444/,295334.0,191696.98,1,True
FRA-coche-paraguitas-de-bebe-disney-3-posici,Fravega,OTRAS,Bebés y Primera Infancia,Coche Paraguitas de Bebe Disney 3 Posiciones Negro,https://www.fravega.com/p/coche-paraguitas-de-bebe-disney-3-posiciones-negro-20458410/,154280.0,100359.0,1,True
FRA-cochecito-de-paseo-plegable-reclinable-b,Fravega,OTRAS,Bebés y Primera Infancia,Cochecito De Paseo Plegable Reclinable Bebesit Eos 1337 Gris,https://www.fravega.com/p/cochecito-de-paseo-plegable-reclinable-bebesit-eos-1337-gris-20458681/,202999.0,200699.0,1,True
FRA-cochecito-paraguitas-bebesit-neuf-1058-a,Fravega,OTRAS,Bebés y Primera Infancia,Cochecito Paragüitas Bebesit Neuf 1058-A,https://www.fravega.com/p/cochecito-paraguitas-bebesit-neuf-1058-a-990052853/,121270.0,84889.0,1,True
FRA-cochecito-de-paseo-azul-con-manillar-reb,Fravega,OTRAS,Bebés y Primera Infancia,Cochecito de Paseo  Azul con Manillar Rebatible 1390,https://www.fravega.com/p/cochecito-de-paseo-azul-con-manillar-rebatible-1390-990076388/,424004.0,273463.0,1,True
FRA-cochecito-de-paseo-con-manillar-rebatibl,Fravega,OTRAS,Bebés y Primera Infancia,Cochecito de Paseo con Manillar Rebatible Gris Claro,https://www.fravega.com/p/cochecito-de-paseo-con-manillar-rebatible-gris-claro-990142448/,424004.0,273463.0,1,True
FRA-coche-paraguitas-bebe-reforzado-disney-r,Fravega,OTRAS,Bebés y Primera Infancia,Coche Paraguitas Bebe Reforzado Disney Rojo,https://www.fravega.com/p/coche-paraguitas-bebe-reforzado-disney-rojo-21231872/,168510.0,110890.0,1,True
FRA-cochecito-de-bebe-paseo-mu-reforzado-col,Fravega,OTRAS,Bebés y Primera Infancia,Cochecito de Bebe Paseo MU Reforzado Color Azul,https://www.fravega.com/p/cochecito-de-bebe-paseo-mu-reforzado-color-azul-680820/,219999.0,119999.0,1,True
FRA-extractor-de-leche-manual-avent-scf430-0,Fravega,OTRAS,Bebés y Primera Infancia,Extractor de Leche Manual Avent SCF430/01,https://www.fravega.com/p/extractor-de-leche-manual-avent-scf430-01-680428/,139999.0,84999.0,1,True
FRA-alfombra-infantil-mawe-by-gadnic-antides,Fravega,OTRAS,Bebés y Primera Infancia,Alfombra Infantil Mawe By Gadnic Antideslizante e Impermeable Para Bebes,https://www.fravega.com/p/alfombra-infantil-mawe-by-gadnic-antideslizante-e-impermeable-para-bebes-990265932/,97044.0,74649.0,1,True
FRA-booster-para-ninos-love-2052-680464,Fravega,OSTER,Bebés y Primera Infancia,Booster Para Niños Love 2052,https://www.fravega.com/p/booster-para-ninos-love-2052-680464/,39999.0,24999.0,1,True
FRA-mochila-porta-bebe-gadnic-ergonomica-20k,Fravega,OTRAS,Bebés y Primera Infancia,Mochila Porta Bebe Gadnic Ergonomica 20kg 3 en 1,https://www.fravega.com/p/mochila-porta-bebe-gadnic-ergonomica-20kg-3-1-990164232/,94444.0,72649.01,1,True
FRA-mamadera-avent-natural-response-scy903-0,Fravega,OTRAS,Bebés y Primera Infancia,Mamadera Avent Natural Response SCY903 01 260 Ml,https://www.fravega.com/p/mamadera-avent-natural-response-scy903-01-260-ml-680690/,44999.0,34999.0,1,True
FRA-manta-didactica-roff-gimnasio-proyector-,Fravega,OTRAS,Bebés y Primera Infancia,Manta Didáctica Roff Gimnasio Proyector Música Y Juguetes Bebe Rosa,https://www.fravega.com/p/manta-didactica-roff-gimnasio-proyector-musica-y-juguetes-bebe-rosa-680696/,95999.0,59999.0,1,True
FRA-set-vasos-contenedores-avent-scf618710--,Fravega,OTRAS,Bebés y Primera Infancia,Set Vasos Contenedores Avent Scf618710,https://www.fravega.com/p/set-vasos-contenedores-avent-scf618710--680643/,61999.0,36999.0,1,True
FRA-sacaleche-electrico-gadnic-extractor-de-,Fravega,OTRAS,Bebés y Primera Infancia,Sacaleche Eléctrico Gadnic Extractor De Leche Portatil,https://www.fravega.com/p/sacaleche-electrico-gadnic-extractor-de-leche-portatil--990185582/,163799.0,125998.99,1,True
FRA-tetina-philips-avent-anticolicos-de-fluj,Fravega,PHILIPS,Bebés y Primera Infancia,Tetina Philips Avent Anticólicos de Flujo Lento x 2,https://www.fravega.com/p/tetina-philips-avent-anticolicos-de-flujo-lento-x-2-681017/,26999.0,11999.0,1,True
FRA-esterilizador-a-vapor-para-microondas-av,Fravega,OTRAS,Bebés y Primera Infancia,Esterilizador a vapor para microondas AVENT SCF28102,https://www.fravega.com/p/esterilizador-a-vapor-para-microondas-avent-scf28102-680151/,89999.0,49999.0,1,True
FRA-mecedora-bebesit-vibracion-8023-c-verde-,Fravega,OTRAS,Bebés y Primera Infancia,Mecedora Bebesit Vibracion 8023-C Verde,https://www.fravega.com/p/mecedora-bebesit-vibracion-8023-c-verde-680559/,89999.0,59999.0,1,True
FRA-sacaleche-x2-electrico-gadnic-extractor-,Fravega,OTRAS,Bebés y Primera Infancia,Sacaleche X2 Eléctrico Gadnic Extractor De Leche Portatil,https://www.fravega.com/p/sacaleche-x2-electrico-gadnic-extractor-de-leche-portatil-990228686/,350869.0,269898.99,1,True
FRA-cochecito-de-paseo-ultracompacto-bebesit,Fravega,OTRAS,Bebés y Primera Infancia,Cochecito de Paseo UltraCompacto Bebesit Gris,https://www.fravega.com/p/cochecito-de-paseo-ultracompacto-bebesit-gris-990245845/,155756.0,109029.0,1,True
FRA-cochecito-de-paseo-ultracompacto-bebesit,Fravega,OTRAS,Bebés y Primera Infancia,Cochecito de Paseo UltraCompacto Bebesit Negro,https://www.fravega.com/p/cochecito-de-paseo-ultracompacto-bebesit-negro-990245839/,157341.0,110139.0,1,True
FRA-cochecito-travel-system-infanti-padua-2g,Fravega,OTRAS,Bebés y Primera Infancia,Cochecito Travel System Infanti Padua 2G Negro,https://www.fravega.com/p/cochecito-travel-system-infanti-padua-2g-negro-990275243/,899999.0,445999.0,1,True
FRA-coche-cuna-de-bebes-reforzado-de-mickey-,Fravega,OTRAS,Bebés y Primera Infancia,Coche Cuna de Bebes Reforzado de Mickey Gris,https://www.fravega.com/p/coche-cuna-de-bebes-reforzado-de-mickey-gris-22721654/,169720.0,130555.0,1,True
FRA-cochecito-bebes-3-1-traful-mawe-by-gadni,Fravega,OTRAS,Bebés y Primera Infancia,Cochecito Bebes 3 en 1 Traful Mawe by Gadnic Huevito Travel System,https://www.fravega.com/p/cochecito-bebes-3-1-traful-mawe-by-gadnic-huevito-travel-system-990286488/,583244.0,448649.0,1,True
FRA-cochecito-de-paseo-c-huevito-ultraplegab,Fravega,OTRAS,Bebés y Primera Infancia,Cochecito De Paseo C/Huevito Ultraplegable Azul + Caminador Musical - Celeste,https://www.fravega.com/p/cochecito-de-paseo-c-huevito-ultraplegable-azul-caminador-musical-celeste-990297637/,426170.0,298319.0,1,True
FRA-cochecito-de-bebe-travel-system-disney-c,Fravega,OTRAS,Bebés y Primera Infancia,Cochecito de Bebe Travel System Disney con Huevito Negro Minnie Mouse,https://www.fravega.com/p/cochecito-de-bebe-travel-system-disney-con-huevito-negro-minnie-mouse-23017008/,315300.0,242500.0,1,True
FRA-cochecito-con-moises-y-huevito-3-1-bring,Fravega,OTRAS,Bebés y Primera Infancia,Cochecito con Moises y Huevito 3 en 1 Bring Tryp rojo 5430,https://www.fravega.com/p/cochecito-con-moises-y-huevito-3-1-bring-tryp-rojo-5430-10007005/,492000.0,393599.0,1,True
FRA-cochecito-de-bebe-paraguitas-mini-cooper,Fravega,OTRAS,Bebés y Primera Infancia,Cochecito de Bebe Paragüitas Mini Cooper Buggy Blue,https://www.fravega.com/p/cochecito-de-bebe-paraguitas-mini-cooper-buggy-blue-10006858/,293000.0,234399.0,1,True
FRA-cochecito-de-bebe-paraguitas-mini-cooper,Fravega,OTRAS,Bebés y Primera Infancia,Cochecito de Bebe Paragüitas Mini Cooper Buggy Black Jack,https://www.fravega.com/p/cochecito-de-bebe-paraguitas-mini-cooper-buggy-black-jack-10006856/,293000.0,234399.0,1,True
FRA-cochecito-de-bebe-paraguitas-mini-cooper,Fravega,OTRAS,Bebés y Primera Infancia,Cochecito de Bebe Paragüitas Mini Cooper Buggy XL Black Jack,https://www.fravega.com/p/cochecito-de-bebe-paraguitas-mini-cooper-buggy-xl-black-jack-10008123/,320200.0,256099.0,1,True
FRA-cochecito-de-bebe-paraguitas-mini-cooper,Fravega,OTRAS,Bebés y Primera Infancia,Cochecito de Bebé Paragüitas Mini Cooper Buggy XL Blazing Red,https://www.fravega.com/p/cochecito-de-bebe-paraguitas-mini-cooper-buggy-xl-blazing-red-10008090/,320200.0,256099.0,1,True
FRA-cochecito-de-bebe-paraguitas-mini-cooper,Fravega,OTRAS,Bebés y Primera Infancia,Cochecito de Bebe Paragüitas Mini Cooper Buggy Blazing Red,https://www.fravega.com/p/cochecito-de-bebe-paraguitas-mini-cooper-buggy-blazing-red-10006860/,293000.0,234399.0,1,True
FRA-cochecito-de-paseo-3-ruedas-love-297-roj,Fravega,OTRAS,Bebés y Primera Infancia,Cochecito de Paseo 3 Ruedas Love 297 Rojo 07,https://www.fravega.com/p/cochecito-de-paseo-3-ruedas-love-297-rojo-07-50005386/,149300.0,119399.0,1,True
FRA-discontinuado-cochecito-de-paseo-bright-,Fravega,OTRAS,Bebés y Primera Infancia,DISCONTINUADO - Cochecito de Paseo Bright starts Baby Jogger City Versa,https://www.fravega.com/p/discontinuado-cochecito-de-paseo-bright-starts-baby-jogger-city-versa-50005421/,1801400.0,1441099.0,1,True
FRA-extractor-de-leche-manual-avent-scf430-0,Fravega,OTRAS,Bebés y Primera Infancia,Extractor de Leche Manual Avent SCF430/01,https://www.fravega.com/p/extractor-de-leche-manual-avent-scf430-01-680428/,139999.0,84999.0,1,True
FRA-alfombra-infantil-mawe-by-gadnic-antides,Fravega,OTRAS,Bebés y Primera Infancia,Alfombra Infantil Mawe By Gadnic Antideslizante e Impermeable Para Bebes,https://www.fravega.com/p/alfombra-infantil-mawe-by-gadnic-antideslizante-e-impermeable-para-bebes-990265932/,97044.0,74649.0,1,True
FRA-booster-para-ninos-love-2052-680464,Fravega,OSTER,Bebés y Primera Infancia,Booster Para Niños Love 2052,https://www.fravega.com/p/booster-para-ninos-love-2052-680464/,39999.0,24999.0,1,True
FRA-mochila-porta-bebe-gadnic-ergonomica-20k,Fravega,OTRAS,Bebés y Primera Infancia,Mochila Porta Bebe Gadnic Ergonomica 20kg 3 en 1,https://www.fravega.com/p/mochila-porta-bebe-gadnic-ergonomica-20kg-3-1-990164232/,94444.0,72649.01,1,True
FRA-mamadera-avent-natural-response-scy903-0,Fravega,OTRAS,Bebés y Primera Infancia,Mamadera Avent Natural Response SCY903 01 260 Ml,https://www.fravega.com/p/mamadera-avent-natural-response-scy903-01-260-ml-680690/,44999.0,34999.0,1,True
FRA-manta-didactica-roff-gimnasio-proyector-,Fravega,OTRAS,Bebés y Primera Infancia,Manta Didáctica Roff Gimnasio Proyector Música Y Juguetes Bebe Rosa,https://www.fravega.com/p/manta-didactica-roff-gimnasio-proyector-musica-y-juguetes-bebe-rosa-680696/,95999.0,59999.0,1,True
FRA-set-vasos-contenedores-avent-scf618710--,Fravega,OTRAS,Bebés y Primera Infancia,Set Vasos Contenedores Avent Scf618710,https://www.fravega.com/p/set-vasos-contenedores-avent-scf618710--680643/,61999.0,36999.0,1,True
FRA-sacaleche-electrico-gadnic-extractor-de-,Fravega,OTRAS,Bebés y Primera Infancia,Sacaleche Eléctrico Gadnic Extractor De Leche Portatil,https://www.fravega.com/p/sacaleche-electrico-gadnic-extractor-de-leche-portatil--990185582/,163799.0,125998.99,1,True
FRA-tetina-philips-avent-anticolicos-de-fluj,Fravega,PHILIPS,Bebés y Primera Infancia,Tetina Philips Avent Anticólicos de Flujo Lento x 2,https://www.fravega.com/p/tetina-philips-avent-anticolicos-de-flujo-lento-x-2-681017/,26999.0,11999.0,1,True
FRA-esterilizador-a-vapor-para-microondas-av,Fravega,OTRAS,Bebés y Primera Infancia,Esterilizador a vapor para microondas AVENT SCF28102,https://www.fravega.com/p/esterilizador-a-vapor-para-microondas-avent-scf28102-680151/,89999.0,49999.0,1,True
FRA-mecedora-bebesit-vibracion-8023-c-verde-,Fravega,OTRAS,Bebés y Primera Infancia,Mecedora Bebesit Vibracion 8023-C Verde,https://www.fravega.com/p/mecedora-bebesit-vibracion-8023-c-verde-680559/,89999.0,59999.0,1,True
FRA-sacaleche-x2-electrico-gadnic-extractor-,Fravega,OTRAS,Bebés y Primera Infancia,Sacaleche X2 Eléctrico Gadnic Extractor De Leche Portatil,https://www.fravega.com/p/sacaleche-x2-electrico-gadnic-extractor-de-leche-portatil-990228686/,350869.0,269898.99,1,True
FRA-cochecito-de-paseo-3-ruedas-love-297-lin,Fravega,OTRAS,Bebés y Primera Infancia,Cochecito de Paseo 3 Ruedas Love 297 Linen 07,https://www.fravega.com/p/cochecito-de-paseo-3-ruedas-love-297-linen-07-50005408/,149300.0,119399.0,1,True
FRA-coche-paraguita-bebesit-1058-neuf-negro-,Fravega,OTRAS,Bebés y Primera Infancia,Coche Paraguita Bebesit 1058 Neuf Negro Rojo,https://www.fravega.com/p/coche-paraguita-bebesit-1058-neuf-negro-rojo-50012677/,250849.0,153195.0,1,True
FRA-coche-paraguita-bebesit-1058-neuf-negro-,Fravega,OTRAS,Bebés y Primera Infancia,Coche Paraguita Bebesit 1058 Neuf Negro Bordo,https://www.fravega.com/p/coche-paraguita-bebesit-1058-neuf-negro-bordo-50012680/,250849.0,153195.0,1,True
FRA-coche-paraguita-bebesit-1058-neuf-negro-,Fravega,OTRAS,Bebés y Primera Infancia,Coche Paraguita Bebesit 1058 Neuf Negro,https://www.fravega.com/p/coche-paraguita-bebesit-1058-neuf-negro-50012683/,250849.0,153195.0,1,True
FRA-coche-paraguita-bebesit-1058-neuf-negro-,Fravega,OTRAS,Bebés y Primera Infancia,Coche Paraguita Bebesit 1058 Neuf Negro Verde,https://www.fravega.com/p/coche-paraguita-bebesit-1058-neuf-negro-verde-50012679/,250849.0,153195.0,1,True
FRA-coche-paraguitas-bebesit-1052-tours-negr,Fravega,OTRAS,Bebés y Primera Infancia,Coche Paraguitas Bebesit 1052 Tours Negro Lila,https://www.fravega.com/p/coche-paraguitas-bebesit-1052-tours-negro-lila-50012675/,195232.0,114564.0,1,True
FRA-coche-paraguitas-bebesit-1052-tours-negr,Fravega,OTRAS,Bebés y Primera Infancia,Coche Paraguitas Bebesit 1052 Tours Negro Celeste,https://www.fravega.com/p/coche-paraguitas-bebesit-1052-tours-negro-celeste-50012678/,195232.0,114564.0,1,True
FRA-coche-paraguitas-bebesit-1052-tours-negr,Fravega,OTRAS,Bebés y Primera Infancia,Coche Paraguitas Bebesit 1052 Tours Negro Verde,https://www.fravega.com/p/coche-paraguitas-bebesit-1052-tours-negro-verde-50012673/,195232.0,114564.0,1,True
FRA-coche-paraguitas-con-multiposiciones-dis,Fravega,OTRAS,Bebés y Primera Infancia,Coche Paraguitas con Multiposiciones Disney Gris y Rojo Mickey,https://www.fravega.com/p/coche-paraguitas-con-multiposiciones-disney-gris-y-rojo-mickey-50017015/,154280.0,100359.0,1,True
FRA-coche-paraguitas-con-multiposiciones-dis,Fravega,OTRAS,Bebés y Primera Infancia,Coche Paraguitas con Multiposiciones Disney Negro y Rojo Mickey,https://www.fravega.com/p/coche-paraguitas-con-multiposiciones-disney-negro-y-rojo-mickey-50017017/,154280.0,100359.0,1,True
FRA-coche-paraguas-fila-disney-violeta-y-gri,Fravega,OTRAS,Bebés y Primera Infancia,Coche paraguas en fila Disney Violeta y Gris Mickey,https://www.fravega.com/p/coche-paraguas-fila-disney-violeta-y-gris-mickey-50025080/,286390.0,199999.0,1,True
FRA-cochecito-moises-love-smart-1009-negro-g,Fravega,OTRAS,Bebés y Primera Infancia,Cochecito Moises Love Smart 1009 Negro Gold 2 en 1,https://www.fravega.com/p/cochecito-moises-love-smart-1009-negro-gold-2-1-20060568/,301200.0,240899.0,1,True
FRA-cochecito-moises-love-smart-1009-linen-0,Fravega,OTRAS,Bebés y Primera Infancia,Cochecito Moises Love Smart 1009 Linen 08 2 en 1,https://www.fravega.com/p/cochecito-moises-love-smart-1009-linen-08-2-1-20060569/,301200.0,240899.0,1,True
FRA-cochecito-love-smart-1011-rojo-ultrapleg,Fravega,OTRAS,Bebés y Primera Infancia,Cochecito Love Smart 1011 Rojo Ultraplegable,https://www.fravega.com/p/cochecito-love-smart-1011-rojo-ultraplegable-20060575/,243700.0,194899.0,1,True
FRA-coche-cuna-de-bebe-travel-system-disney-,Fravega,OTRAS,Bebés y Primera Infancia,Coche Cuna de Bebe Travel System Disney Celeste Mickey,https://www.fravega.com/p/coche-cuna-de-bebe-travel-system-disney-celeste-mickey-20293896/,337520.0,236030.0,1,True
FRA-extractor-de-leche-manual-avent-scf430-0,Fravega,OTRAS,Bebés y Primera Infancia,Extractor de Leche Manual Avent SCF430/01,https://www.fravega.com/p/extractor-de-leche-manual-avent-scf430-01-680428/,139999.0,84999.0,1,True
FRA-alfombra-infantil-mawe-by-gadnic-antides,Fravega,OTRAS,Bebés y Primera Infancia,Alfombra Infantil Mawe By Gadnic Antideslizante e Impermeable Para Bebes,https://www.fravega.com/p/alfombra-infantil-mawe-by-gadnic-antideslizante-e-impermeable-para-bebes-990265932/,97044.0,74649.0,1,True
FRA-booster-para-ninos-love-2052-680464,Fravega,OSTER,Bebés y Primera Infancia,Booster Para Niños Love 2052,https://www.fravega.com/p/booster-para-ninos-love-2052-680464/,39999.0,24999.0,1,True
FRA-mochila-porta-bebe-gadnic-ergonomica-20k,Fravega,OTRAS,Bebés y Primera Infancia,Mochila Porta Bebe Gadnic Ergonomica 20kg 3 en 1,https://www.fravega.com/p/mochila-porta-bebe-gadnic-ergonomica-20kg-3-1-990164232/,94444.0,72649.01,1,True
FRA-mamadera-avent-natural-response-scy903-0,Fravega,OTRAS,Bebés y Primera Infancia,Mamadera Avent Natural Response SCY903 01 260 Ml,https://www.fravega.com/p/mamadera-avent-natural-response-scy903-01-260-ml-680690/,44999.0,34999.0,1,True
FRA-manta-didactica-roff-gimnasio-proyector-,Fravega,OTRAS,Bebés y Primera Infancia,Manta Didáctica Roff Gimnasio Proyector Música Y Juguetes Bebe Rosa,https://www.fravega.com/p/manta-didactica-roff-gimnasio-proyector-musica-y-juguetes-bebe-rosa-680696/,95999.0,59999.0,1,True
FRA-set-vasos-contenedores-avent-scf618710--,Fravega,OTRAS,Bebés y Primera Infancia,Set Vasos Contenedores Avent Scf618710,https://www.fravega.com/p/set-vasos-contenedores-avent-scf618710--680643/,61999.0,36999.0,1,True
FRA-sacaleche-electrico-gadnic-extractor-de-,Fravega,OTRAS,Bebés y Primera Infancia,Sacaleche Eléctrico Gadnic Extractor De Leche Portatil,https://www.fravega.com/p/sacaleche-electrico-gadnic-extractor-de-leche-portatil--990185582/,163799.0,125998.99,1,True
FRA-tetina-philips-avent-anticolicos-de-fluj,Fravega,PHILIPS,Bebés y Primera Infancia,Tetina Philips Avent Anticólicos de Flujo Lento x 2,https://www.fravega.com/p/tetina-philips-avent-anticolicos-de-flujo-lento-x-2-681017/,26999.0,11999.0,1,True
FRA-esterilizador-a-vapor-para-microondas-av,Fravega,OTRAS,Bebés y Primera Infancia,Esterilizador a vapor para microondas AVENT SCF28102,https://www.fravega.com/p/esterilizador-a-vapor-para-microondas-avent-scf28102-680151/,89999.0,49999.0,1,True
FRA-mecedora-bebesit-vibracion-8023-c-verde-,Fravega,OTRAS,Bebés y Primera Infancia,Mecedora Bebesit Vibracion 8023-C Verde,https://www.fravega.com/p/mecedora-bebesit-vibracion-8023-c-verde-680559/,89999.0,59999.0,1,True
FRA-sacaleche-x2-electrico-gadnic-extractor-,Fravega,OTRAS,Bebés y Primera Infancia,Sacaleche X2 Eléctrico Gadnic Extractor De Leche Portatil,https://www.fravega.com/p/sacaleche-x2-electrico-gadnic-extractor-de-leche-portatil-990228686/,350869.0,269898.99,1,True
FRA-coche-cuna-de-bebe-con-3-posiciones-fiat,Fravega,OTRAS,Bebés y Primera Infancia,Coche Cuna de Bebe con 3 Posiciones Fiat Gris,https://www.fravega.com/p/coche-cuna-de-bebe-con-3-posiciones-fiat-gris-20363804/,190410.0,146470.0,1,True
FRA-cochecito-travel-system-gris-claro-con-m,Fravega,OTRAS,Bebés y Primera Infancia,Cochecito Travel System Gris Claro con Manillar Rebatible,https://www.fravega.com/p/cochecito-travel-system-gris-claro-con-manillar-rebatible-990049447/,669049.0,499487.0,1,True
FRA-cochecito-travel-system-azul-con-manilla,Fravega,OTRAS,Bebés y Primera Infancia,Cochecito Travel System Azul con Manillar Rebatible,https://www.fravega.com/p/cochecito-travel-system-azul-con-manillar-rebatible-990049445/,756605.0,499487.0,1,True
FRA-coche-paraguitas-de-bebe-disney-3-posici,Fravega,OTRAS,Bebés y Primera Infancia,Coche Paraguitas de Bebe Disney 3 Posiciones Negro Rojo,https://www.fravega.com/p/coche-paraguitas-de-bebe-disney-3-posiciones-negro-rojo-20458414/,154280.0,100359.0,1,True
FRA-coche-paraguitas-de-bebe-disney-3-posici,Fravega,OTRAS,Bebés y Primera Infancia,Coche Paraguitas de Bebe Disney 3 Posiciones Celeste,https://www.fravega.com/p/coche-paraguitas-de-bebe-disney-3-posiciones-celeste-20458415/,154280.0,100359.0,1,True
FRA-coche-paraguitas-de-bebe-fiat-3-posicion,Fravega,OTRAS,Bebés y Primera Infancia,Coche Paraguitas de Bebe Fiat 3 Posiciones Celeste,https://www.fravega.com/p/coche-paraguitas-de-bebe-fiat-3-posiciones-celeste-20458416/,154280.0,100359.0,1,True
FRA-coche-paraguitas-de-bebe-fiat-3-posicion,Fravega,OTRAS,Bebés y Primera Infancia,Coche Paraguitas de Bebe Fiat 3 Posiciones Negro,https://www.fravega.com/p/coche-paraguitas-de-bebe-fiat-3-posiciones-negro-20458417/,154280.0,100359.0,1,True
FRA-coche-de-paseo-love-smart-1008-gris-6806,Fravega,OTRAS,Bebés y Primera Infancia,Coche de Paseo Love Smart 1008 Gris,https://www.fravega.com/p/coche-de-paseo-love-smart-1008-gris-680686/,249999.0,159999.0,1,True
FRA-cochecito-bebesit-1052-tours-paraguita-n,Fravega,OTRAS,Bebés y Primera Infancia,Cochecito Bebesit 1052 Tours Paraguita Negro Lima,https://www.fravega.com/p/cochecito-bebesit-1052-tours-paraguita-negro-lima-990054592/,195232.0,114564.0,1,True
FRA-cochecito-de-paseo-plegado-automatico-ul,Fravega,OTRAS,Bebés y Primera Infancia,Cochecito de paseo Plegado Automatico ultra plegable Love 1012 Gris,https://www.fravega.com/p/cochecito-de-paseo-plegado-automatico-ultra-plegable-love-1012-gris-21183777/,295400.0,236299.0,1,True
FRA-coche-cuna-de-bebe-con-3-posiciones-disn,Fravega,OTRAS,Bebés y Primera Infancia,Coche Cuna de Bebe con 3 Posiciones Disney Negro Gris,https://www.fravega.com/p/coche-cuna-de-bebe-con-3-posiciones-disney-negro-gris-21186011/,190410.0,146470.0,1,True
FRA-coche-cuna-de-bebe-con-3-posiciones-disn,Fravega,OTRAS,Bebés y Primera Infancia,Coche Cuna de Bebe con 3 Posiciones Disney Negro Rosa,https://www.fravega.com/p/coche-cuna-de-bebe-con-3-posiciones-disney-negro-rosa-21186086/,190410.0,146470.0,1,True
FRA-cochecito-de-paseo-bebesit-eos-gris-oscu,Fravega,OTRAS,Bebés y Primera Infancia,Cochecito de Paseo Bebesit EOS Gris Oscuro,https://www.fravega.com/p/cochecito-de-paseo-bebesit-eos-gris-oscuro-990074229/,295334.0,191696.98,1,True
FRA-cochecito-de-paseo-con-manillar-rebatibl,Fravega,OTRAS,Bebés y Primera Infancia,Cochecito de Paseo con Manillar Rebatible Rosado,https://www.fravega.com/p/cochecito-de-paseo-con-manillar-rebatible-rosado-990076416/,424004.0,273463.0,1,True
FRA-coche-bebesit-paraguitas-neuf-negro-y-bo,Fravega,OTRAS,Bebés y Primera Infancia,COCHE  BEBESIT PARAGÜITAS NEUF NEGRO Y BORDO,https://www.fravega.com/p/coche-bebesit-paraguitas-neuf-negro-y-bordo-990076685/,119770.0,83838.99,1,True
FRA-extractor-de-leche-manual-avent-scf430-0,Fravega,OTRAS,Bebés y Primera Infancia,Extractor de Leche Manual Avent SCF430/01,https://www.fravega.com/p/extractor-de-leche-manual-avent-scf430-01-680428/,139999.0,84999.0,1,True
FRA-alfombra-infantil-mawe-by-gadnic-antides,Fravega,OTRAS,Bebés y Primera Infancia,Alfombra Infantil Mawe By Gadnic Antideslizante e Impermeable Para Bebes,https://www.fravega.com/p/alfombra-infantil-mawe-by-gadnic-antideslizante-e-impermeable-para-bebes-990265932/,97044.0,74649.0,1,True
FRA-booster-para-ninos-love-2052-680464,Fravega,OSTER,Bebés y Primera Infancia,Booster Para Niños Love 2052,https://www.fravega.com/p/booster-para-ninos-love-2052-680464/,39999.0,24999.0,1,True
FRA-mochila-porta-bebe-gadnic-ergonomica-20k,Fravega,OTRAS,Bebés y Primera Infancia,Mochila Porta Bebe Gadnic Ergonomica 20kg 3 en 1,https://www.fravega.com/p/mochila-porta-bebe-gadnic-ergonomica-20kg-3-1-990164232/,94444.0,72649.01,1,True
FRA-mamadera-avent-natural-response-scy903-0,Fravega,OTRAS,Bebés y Primera Infancia,Mamadera Avent Natural Response SCY903 01 260 Ml,https://www.fravega.com/p/mamadera-avent-natural-response-scy903-01-260-ml-680690/,44999.0,34999.0,1,True
FRA-manta-didactica-roff-gimnasio-proyector-,Fravega,OTRAS,Bebés y Primera Infancia,Manta Didáctica Roff Gimnasio Proyector Música Y Juguetes Bebe Rosa,https://www.fravega.com/p/manta-didactica-roff-gimnasio-proyector-musica-y-juguetes-bebe-rosa-680696/,95999.0,59999.0,1,True
FRA-set-vasos-contenedores-avent-scf618710--,Fravega,OTRAS,Bebés y Primera Infancia,Set Vasos Contenedores Avent Scf618710,https://www.fravega.com/p/set-vasos-contenedores-avent-scf618710--680643/,61999.0,36999.0,1,True
FRA-sacaleche-electrico-gadnic-extractor-de-,Fravega,OTRAS,Bebés y Primera Infancia,Sacaleche Eléctrico Gadnic Extractor De Leche Portatil,https://www.fravega.com/p/sacaleche-electrico-gadnic-extractor-de-leche-portatil--990185582/,163799.0,125998.99,1,True
FRA-tetina-philips-avent-anticolicos-de-fluj,Fravega,PHILIPS,Bebés y Primera Infancia,Tetina Philips Avent Anticólicos de Flujo Lento x 2,https://www.fravega.com/p/tetina-philips-avent-anticolicos-de-flujo-lento-x-2-681017/,26999.0,11999.0,1,True
FRA-esterilizador-a-vapor-para-microondas-av,Fravega,OTRAS,Bebés y Primera Infancia,Esterilizador a vapor para microondas AVENT SCF28102,https://www.fravega.com/p/esterilizador-a-vapor-para-microondas-avent-scf28102-680151/,89999.0,49999.0,1,True
FRA-mecedora-bebesit-vibracion-8023-c-verde-,Fravega,OTRAS,Bebés y Primera Infancia,Mecedora Bebesit Vibracion 8023-C Verde,https://www.fravega.com/p/mecedora-bebesit-vibracion-8023-c-verde-680559/,89999.0,59999.0,1,True
FRA-sacaleche-x2-electrico-gadnic-extractor-,Fravega,OTRAS,Bebés y Primera Infancia,Sacaleche X2 Eléctrico Gadnic Extractor De Leche Portatil,https://www.fravega.com/p/sacaleche-x2-electrico-gadnic-extractor-de-leche-portatil-990228686/,350869.0,269898.99,1,True
FRA-coche-bebesit-paraguitas-neuf-negro-y-ro,Fravega,OTRAS,Bebés y Primera Infancia,COCHE BEBESIT PARAGÜITAS NEUF NEGRO Y ROJO,https://www.fravega.com/p/coche-bebesit-paraguitas-neuf-negro-y-rojo-990076677/,125741.0,88019.01,1,True
FRA-coche-paraguitas-de-bebe-fiat-plegable-l,Fravega,OTRAS,Bebés y Primera Infancia,Coche Paraguitas de Bebe Fiat Plegable Liviano Verde,https://www.fravega.com/p/coche-paraguitas-de-bebe-fiat-plegable-liviano-verde-21220695/,141030.0,90540.0,1,True
FRA-coche-paraguitas-de-bebe-fiat-plegable-l,Fravega,OTRAS,Bebés y Primera Infancia,Coche Paraguitas de Bebe Fiat Plegable Liviano Rojo,https://www.fravega.com/p/coche-paraguitas-de-bebe-fiat-plegable-liviano-rojo-21220696/,141030.0,90540.0,1,True
FRA-cochecito-de-paseo-eos-violeta-990148465,Fravega,OTRAS,Bebés y Primera Infancia,Cochecito de Paseo EOS Violeta,https://www.fravega.com/p/cochecito-de-paseo-eos-violeta-990148465/,295334.0,191696.98,1,True
FRA-coche-paraguitas-bebe-reforzado-disney-c,Fravega,OTRAS,Bebés y Primera Infancia,Coche Paraguitas Bebe Reforzado Disney Celeste,https://www.fravega.com/p/coche-paraguitas-bebe-reforzado-disney-celeste-21231870/,168510.0,110890.0,1,True
FRA-coche-paraguitas-bebe-reforzado-fiat-vio,Fravega,OTRAS,Bebés y Primera Infancia,Coche Paraguitas Bebe Reforzado Fiat Violeta,https://www.fravega.com/p/coche-paraguitas-bebe-reforzado-fiat-violeta-21231873/,168510.0,110890.0,1,True
FRA-coche-paraguitas-bebe-reforzado-fiat-neg,Fravega,OTRAS,Bebés y Primera Infancia,Coche Paraguitas Bebe Reforzado Fiat Negro,https://www.fravega.com/p/coche-paraguitas-bebe-reforzado-fiat-negro-21231874/,168510.0,110890.0,1,True
FRA-coche-paraguitas-bebe-reforzado-disney-r,Fravega,OTRAS,Bebés y Primera Infancia,Coche Paraguitas Bebe Reforzado Disney Rosa,https://www.fravega.com/p/coche-paraguitas-bebe-reforzado-disney-rosa-21231875/,168510.0,110890.0,1,True
FRA-cochecito-bebesit-travel-system-1337-eos,Fravega,OTRAS,Bebés y Primera Infancia,Cochecito Bebesit travel system 1337 EOS morado,https://www.fravega.com/p/cochecito-bebesit-travel-system-1337-eos-morado-990169807/,524824.0,396595.0,1,True
FRA-cochecito-bebesit-travel-system-1337-eos,Fravega,OTRAS,Bebés y Primera Infancia,Cochecito Bebesit travel system  1337 EOS gris,https://www.fravega.com/p/cochecito-bebesit-travel-system-1337-eos-gris-990169805/,524824.0,396595.0,1,True
FRA-cochecito-bebesit-travel-system-1337-eos,Fravega,OTRAS,Bebés y Primera Infancia,Cochecito Bebesit travel system 1337 EOS verde,https://www.fravega.com/p/cochecito-bebesit-travel-system-1337-eos-verde-990169808/,524824.0,396595.0,1,True
FRA-cochecito-travel-system-rosado-con-manil,Fravega,OTRAS,Bebés y Primera Infancia,Cochecito Travel System Rosado con Manillar Rebatible,https://www.fravega.com/p/cochecito-travel-system-rosado-con-manillar-rebatible-990175153/,669049.0,499487.0,1,True
FRA-cochecito-bebe-jogger-3-ruedas-infantil-,Fravega,OTRAS,Bebés y Primera Infancia,Cochecito Bebe Jogger 3 Ruedas Infantil Aluminio Liviano,https://www.fravega.com/p/cochecito-bebe-jogger-3-ruedas-infantil-aluminio-liviano-990175922/,414549.0,290184.31,1,True
FRA-cochecito-bebesit-1052-f-tours-paraguita,Fravega,OTRAS,Bebés y Primera Infancia,Cochecito Bebesit 1052-F Tours Paraguita Negro,https://www.fravega.com/p/cochecito-bebesit-1052-f-tours-paraguita-negro-990185317/,195232.0,114564.0,1,True
FRA-cochecito-de-paseo-bebesit-eos-1337-j-ve,Fravega,OTRAS,Bebés y Primera Infancia,Cochecito De Paseo Bebesit Eos 1337-j Verde Reclinable H15kg,https://www.fravega.com/p/cochecito-de-paseo-bebesit-eos-1337-j-verde-reclinable-h15kg-22000589/,202999.0,200699.0,1,True
FRA-extractor-de-leche-manual-avent-scf430-0,Fravega,OTRAS,Bebés y Primera Infancia,Extractor de Leche Manual Avent SCF430/01,https://www.fravega.com/p/extractor-de-leche-manual-avent-scf430-01-680428/,139999.0,84999.0,1,True
FRA-alfombra-infantil-mawe-by-gadnic-antides,Fravega,OTRAS,Bebés y Primera Infancia,Alfombra Infantil Mawe By Gadnic Antideslizante e Impermeable Para Bebes,https://www.fravega.com/p/alfombra-infantil-mawe-by-gadnic-antideslizante-e-impermeable-para-bebes-990265932/,97044.0,74649.0,1,True
FRA-booster-para-ninos-love-2052-680464,Fravega,OSTER,Bebés y Primera Infancia,Booster Para Niños Love 2052,https://www.fravega.com/p/booster-para-ninos-love-2052-680464/,39999.0,24999.0,1,True
FRA-mochila-porta-bebe-gadnic-ergonomica-20k,Fravega,OTRAS,Bebés y Primera Infancia,Mochila Porta Bebe Gadnic Ergonomica 20kg 3 en 1,https://www.fravega.com/p/mochila-porta-bebe-gadnic-ergonomica-20kg-3-1-990164232/,94444.0,72649.01,1,True
FRA-mamadera-avent-natural-response-scy903-0,Fravega,OTRAS,Bebés y Primera Infancia,Mamadera Avent Natural Response SCY903 01 260 Ml,https://www.fravega.com/p/mamadera-avent-natural-response-scy903-01-260-ml-680690/,44999.0,34999.0,1,True
FRA-manta-didactica-roff-gimnasio-proyector-,Fravega,OTRAS,Bebés y Primera Infancia,Manta Didáctica Roff Gimnasio Proyector Música Y Juguetes Bebe Rosa,https://www.fravega.com/p/manta-didactica-roff-gimnasio-proyector-musica-y-juguetes-bebe-rosa-680696/,95999.0,59999.0,1,True
FRA-set-vasos-contenedores-avent-scf618710--,Fravega,OTRAS,Bebés y Primera Infancia,Set Vasos Contenedores Avent Scf618710,https://www.fravega.com/p/set-vasos-contenedores-avent-scf618710--680643/,61999.0,36999.0,1,True
FRA-sacaleche-electrico-gadnic-extractor-de-,Fravega,OTRAS,Bebés y Primera Infancia,Sacaleche Eléctrico Gadnic Extractor De Leche Portatil,https://www.fravega.com/p/sacaleche-electrico-gadnic-extractor-de-leche-portatil--990185582/,163799.0,125998.99,1,True
FRA-tetina-philips-avent-anticolicos-de-fluj,Fravega,PHILIPS,Bebés y Primera Infancia,Tetina Philips Avent Anticólicos de Flujo Lento x 2,https://www.fravega.com/p/tetina-philips-avent-anticolicos-de-flujo-lento-x-2-681017/,26999.0,11999.0,1,True
FRA-esterilizador-a-vapor-para-microondas-av,Fravega,OTRAS,Bebés y Primera Infancia,Esterilizador a vapor para microondas AVENT SCF28102,https://www.fravega.com/p/esterilizador-a-vapor-para-microondas-avent-scf28102-680151/,89999.0,49999.0,1,True
FRA-mecedora-bebesit-vibracion-8023-c-verde-,Fravega,OTRAS,Bebés y Primera Infancia,Mecedora Bebesit Vibracion 8023-C Verde,https://www.fravega.com/p/mecedora-bebesit-vibracion-8023-c-verde-680559/,89999.0,59999.0,1,True
FRA-sacaleche-x2-electrico-gadnic-extractor-,Fravega,OTRAS,Bebés y Primera Infancia,Sacaleche X2 Eléctrico Gadnic Extractor De Leche Portatil,https://www.fravega.com/p/sacaleche-x2-electrico-gadnic-extractor-de-leche-portatil-990228686/,350869.0,269898.99,1,True
FRA-alfombra-sensorial-inflable-con-agua-y-a,Fravega,OTRAS,Bebés y Primera Infancia,Alfombra Sensorial Inflable con Agua y Aire Love 4230 Peces,https://www.fravega.com/p/alfombra-sensorial-inflable-con-agua-y-aire-love-4230-peces-680591/,10999.0,6999.0,1,True
FRA-practicuna-love-gris-833-colchon-de-rega,Fravega,OTRAS,Bebés y Primera Infancia,Practicuna Love Gris 833 + Colchón de regalo,https://www.fravega.com/p/practicuna-love-gris-833-colchon-de-regalo-680966/,199999.0,136999.0,1,True
FRA-corralito-inflable-baby-gym-intex-19611-,Fravega,OTRAS,Bebés y Primera Infancia,Corralito Inflable Baby Gym Intex 19611 Amarillo,https://www.fravega.com/p/corralito-inflable-baby-gym-intex-19611-amarillo-680706/,79999.0,49999.0,1,True
FRA-corralito-inflable-my-first-gym-intex-68,Fravega,OTRAS,Bebés y Primera Infancia,Corralito Inflable My First Gym Intex,https://www.fravega.com/p/corralito-inflable-my-first-gym-intex-680745/,59999.0,39999.0,1,True
FRA-practicuna-colecho-bebesit-gris-con-mosq,Fravega,OTRAS,Bebés y Primera Infancia,Practicuna Colecho Bebesit Gris Con Mosquitero,https://www.fravega.com/p/practicuna-colecho-bebesit-gris-con-mosquitero-990173487/,214899.0,150429.0,1,True
FRA-corralito-bebe-mawe-by-gadnic-plegable-t,Fravega,OTRAS,Bebés y Primera Infancia,Corralito Bebe Mawe by Gadnic Plegable Tela Oxford Aro Basquet Red Futbol,https://www.fravega.com/p/corralito-bebe-mawe-by-gadnic-plegable-tela-oxford-aro-basquet-red-futbol-990288860/,298999.0,229999.0,1,True
FRA-practicuna-colecho-bebesit-gris-50039698,Fravega,OTRAS,Bebés y Primera Infancia,Practicuna Colecho Bebesit Gris,https://www.fravega.com/p/practicuna-colecho-bebesit-gris-50039698/,304647.0,201842.0,1,True
FRA-colchon-80x140x10-cuna-funcional--215002,Fravega,OTRAS,Bebés y Primera Infancia,Colchón 80x140x10 Cuna Funcional,https://www.fravega.com/p/colchon-80x140x10-cuna-funcional--21500217/,110664.0,77465.0,1,True
FRA-cuna-colecho-infanti-always-together-2g-,Fravega,OTRAS,Bebés y Primera Infancia,Cuna Colecho Infanti Always Together 2G Marengo,https://www.fravega.com/p/cuna-colecho-infanti-always-together-2g-marengo-990275594/,399999.0,279999.0,1,True
FRA-practicuna-colecho-para-bebe-bebesit-202,Fravega,OTRAS,Bebés y Primera Infancia,Practicuna Colecho Para Bebe Bebesit 2021c Con Mosquitero,https://www.fravega.com/p/practicuna-colecho-para-bebe-bebesit-2021c-con-mosquitero-20415049/,223999.0,220199.0,1,True
FRA-colchon-50x100x10-cuna--21500206,Fravega,OTRAS,Bebés y Primera Infancia,Colchón 50x100x10 Cuna,https://www.fravega.com/p/colchon-50x100x10-cuna--21500206/,68045.0,47631.0,1,True
FRA-colchon-de-cuna-60x120x10-21500208,Fravega,OTRAS,Bebés y Primera Infancia,Colchón De Cuna 60x120x10,https://www.fravega.com/p/colchon-de-cuna-60x120x10-21500208/,81551.0,57085.0,1,True
FRA-colchon-para-practicuna-70x100x10-215002,Fravega,OTRAS,Bebés y Primera Infancia,Colchón Para Practicuna 70x100x10,https://www.fravega.com/p/colchon-para-practicuna-70x100x10-21500213/,83283.0,58298.0,1,True
FRA-practicuna-funky-fresh-luna-funkyeco-par,Fravega,OTRAS,Bebés y Primera Infancia,Practicuna Funky Fresh Luna Funkyeco Para Bebés Color Gris Oscuro,https://www.fravega.com/p/practicuna-funky-fresh-luna-funkyeco-para-bebes-color-gris-oscuro-22467269/,181999.0,129999.0,1,True
FRA-practicuna-funky-fresh-luna-funkyeco-par,Fravega,OTRAS,Bebés y Primera Infancia,Practicuna Funky Fresh Luna Funkyeco Para Bebés Color Rosa,https://www.fravega.com/p/practicuna-funky-fresh-luna-funkyeco-para-bebes-color-rosa-22467279/,181999.0,129999.0,1,True
FRA-extractor-de-leche-manual-avent-scf430-0,Fravega,OTRAS,Bebés y Primera Infancia,Extractor de Leche Manual Avent SCF430/01,https://www.fravega.com/p/extractor-de-leche-manual-avent-scf430-01-680428/,139999.0,84999.0,1,True
FRA-alfombra-infantil-mawe-by-gadnic-antides,Fravega,OTRAS,Bebés y Primera Infancia,Alfombra Infantil Mawe By Gadnic Antideslizante e Impermeable Para Bebes,https://www.fravega.com/p/alfombra-infantil-mawe-by-gadnic-antideslizante-e-impermeable-para-bebes-990265932/,97044.0,74649.0,1,True
FRA-booster-para-ninos-love-2052-680464,Fravega,OSTER,Bebés y Primera Infancia,Booster Para Niños Love 2052,https://www.fravega.com/p/booster-para-ninos-love-2052-680464/,39999.0,24999.0,1,True
FRA-mochila-porta-bebe-gadnic-ergonomica-20k,Fravega,OTRAS,Bebés y Primera Infancia,Mochila Porta Bebe Gadnic Ergonomica 20kg 3 en 1,https://www.fravega.com/p/mochila-porta-bebe-gadnic-ergonomica-20kg-3-1-990164232/,94444.0,72649.01,1,True
FRA-mamadera-avent-natural-response-scy903-0,Fravega,OTRAS,Bebés y Primera Infancia,Mamadera Avent Natural Response SCY903 01 260 Ml,https://www.fravega.com/p/mamadera-avent-natural-response-scy903-01-260-ml-680690/,44999.0,34999.0,1,True
FRA-manta-didactica-roff-gimnasio-proyector-,Fravega,OTRAS,Bebés y Primera Infancia,Manta Didáctica Roff Gimnasio Proyector Música Y Juguetes Bebe Rosa,https://www.fravega.com/p/manta-didactica-roff-gimnasio-proyector-musica-y-juguetes-bebe-rosa-680696/,95999.0,59999.0,1,True
FRA-set-vasos-contenedores-avent-scf618710--,Fravega,OTRAS,Bebés y Primera Infancia,Set Vasos Contenedores Avent Scf618710,https://www.fravega.com/p/set-vasos-contenedores-avent-scf618710--680643/,61999.0,36999.0,1,True
FRA-sacaleche-electrico-gadnic-extractor-de-,Fravega,OTRAS,Bebés y Primera Infancia,Sacaleche Eléctrico Gadnic Extractor De Leche Portatil,https://www.fravega.com/p/sacaleche-electrico-gadnic-extractor-de-leche-portatil--990185582/,163799.0,125998.99,1,True
FRA-tetina-philips-avent-anticolicos-de-fluj,Fravega,PHILIPS,Bebés y Primera Infancia,Tetina Philips Avent Anticólicos de Flujo Lento x 2,https://www.fravega.com/p/tetina-philips-avent-anticolicos-de-flujo-lento-x-2-681017/,26999.0,11999.0,1,True
FRA-esterilizador-a-vapor-para-microondas-av,Fravega,OTRAS,Bebés y Primera Infancia,Esterilizador a vapor para microondas AVENT SCF28102,https://www.fravega.com/p/esterilizador-a-vapor-para-microondas-avent-scf28102-680151/,89999.0,49999.0,1,True
FRA-mecedora-bebesit-vibracion-8023-c-verde-,Fravega,OTRAS,Bebés y Primera Infancia,Mecedora Bebesit Vibracion 8023-C Verde,https://www.fravega.com/p/mecedora-bebesit-vibracion-8023-c-verde-680559/,89999.0,59999.0,1,True
FRA-sacaleche-x2-electrico-gadnic-extractor-,Fravega,OTRAS,Bebés y Primera Infancia,Sacaleche X2 Eléctrico Gadnic Extractor De Leche Portatil,https://www.fravega.com/p/sacaleche-x2-electrico-gadnic-extractor-de-leche-portatil-990228686/,350869.0,269898.99,1,True
FRA-corralito-bebesit-2119-rosa-990235534,Fravega,OTRAS,Bebés y Primera Infancia,Corralito Bebesit 2119 Rosa,https://www.fravega.com/p/corralito-bebesit-2119-rosa-990235534/,90749.0,64125.0,1,True
FRA-practicuna-corralito-plegable-transporta,Fravega,OTRAS,Bebés y Primera Infancia,Practicuna Corralito Plegable Transportable Bebesit 2105-ab Gris Liso,https://www.fravega.com/p/practicuna-corralito-plegable-transportable-bebesit-2105-ab-gris-liso-22696833/,177299.0,146528.1,1,True
FRA-colchon-de-espuma-cannon-cuna-infantil-9,Fravega,OTRAS,Bebés y Primera Infancia,Colchon De Espuma Cannon Cuna Infantil  97cm X 65cm X 10cm,https://www.fravega.com/p/colchon-de-espuma-cannon-cuna-infantil-97cm-x-65cm-x-10cm-22731879/,186306.71,172999.0,1,True
FRA-pelotero-montessori-bebes-ninos-rigido-9,Fravega,OTRAS,Bebés y Primera Infancia,Pelotero Montessori Bebes Niños Rígido 90cm  Gris Corralito,https://www.fravega.com/p/pelotero-montessori-bebes-ninos-rigido-90cm-gris-corralito-22766203/,120000.0,79999.0,1,True
FRA-corralito-plegable-bebe-hexagonal-mawe-b,Fravega,OTRAS,Bebés y Primera Infancia,Corralito Plegable Bebe Hexagonal Mawe by Gadnic Tela Oxford 210D,https://www.fravega.com/p/corralito-plegable-bebe-hexagonal-mawe-by-gadnic-tela-oxford-210d-990290154/,205009.0,157699.0,1,True
FRA-corral-para-bebes-mawe-by-gadnic-120cm-a,Fravega,OTRAS,Bebés y Primera Infancia,Corral Para Bebes Mawe By Gadnic 120cm Alfombra Anillos De Agarre Espuma Protectora,https://www.fravega.com/p/corral-para-bebes-mawe-by-gadnic-120cm-alfombra-anillos-de-agarre-espuma-protectora-990290157/,454999.0,349999.0,1,True
FRA-corralito-hexagonal-playard-cosco-grey-9,Fravega,OTRAS,Bebés y Primera Infancia,Corralito Hexagonal Playard Cosco Grey,https://www.fravega.com/p/corralito-hexagonal-playard-cosco-grey-990291963/,199999.0,64999.0,1,True
FRA-cuna-colecho-near-crib-cosco-rosa-990291,Fravega,OTRAS,Bebés y Primera Infancia,Cuna Colecho Near Crib Cosco Rosa,https://www.fravega.com/p/cuna-colecho-near-crib-cosco-rosa-990291952/,499999.0,189999.0,1,True
FRA-cuna-colecho-near-crib-cosco-gris-990291,Fravega,OTRAS,Bebés y Primera Infancia,Cuna Colecho Near Crib Cosco Gris,https://www.fravega.com/p/cuna-colecho-near-crib-cosco-gris-990291950/,499999.0,189999.0,1,True
FRA-corralito-inflable-cuadrado-baby-gym-int,Fravega,OTRAS,Bebés y Primera Infancia,Corralito inflable Cuadrado Baby Gym Intex,https://www.fravega.com/p/corralito-inflable-cuadrado-baby-gym-intex-10015568/,111054.0,99949.0,1,True
FRA-corralito-inflable-redondo-intex-my-firs,Fravega,OTRAS,Bebés y Primera Infancia,Corralito Inflable Redondo Intex My First Gym,https://www.fravega.com/p/corralito-inflable-redondo-intex-my-first-gym-10015570/,83290.0,74961.0,1,True
FRA-vibrador-para-cuna-love-800-negro-500055,Fravega,OTRAS,Bebés y Primera Infancia,Vibrador para Cuna Love 800 Negro,https://www.fravega.com/p/vibrador-para-cuna-love-800-negro-50005528/,17000.0,13599.0,1,True
FRA-practicuna-colecho-bebesit-rosa-50039697,Fravega,OTRAS,Bebés y Primera Infancia,Practicuna Colecho Bebesit Rosa,https://www.fravega.com/p/practicuna-colecho-bebesit-rosa-50039697/,304647.0,201842.0,1,True
FRA-practicuna-colecho-bebesit-celeste-50039,Fravega,OTRAS,Bebés y Primera Infancia,Practicuna Colecho Bebesit Celeste,https://www.fravega.com/p/practicuna-colecho-bebesit-celeste-50039696/,304647.0,201842.0,1,True
FRA-corralito-bebes-y-ninos-1-20x1-20x60-mon,Fravega,OTRAS,Bebés y Primera Infancia,Corralito Bebés Y Niños (1.20x1.20x60) Montessori,https://www.fravega.com/p/corralito-bebes-y-ninos-1-20x1-20x60-montessori-20348968/,228332.5,109450.0,1,True
FRA-extractor-de-leche-manual-avent-scf430-0,Fravega,OTRAS,Bebés y Primera Infancia,Extractor de Leche Manual Avent SCF430/01,https://www.fravega.com/p/extractor-de-leche-manual-avent-scf430-01-680428/,139999.0,84999.0,1,True
FRA-alfombra-infantil-mawe-by-gadnic-antides,Fravega,OTRAS,Bebés y Primera Infancia,Alfombra Infantil Mawe By Gadnic Antideslizante e Impermeable Para Bebes,https://www.fravega.com/p/alfombra-infantil-mawe-by-gadnic-antideslizante-e-impermeable-para-bebes-990265932/,97044.0,74649.0,1,True
FRA-booster-para-ninos-love-2052-680464,Fravega,OSTER,Bebés y Primera Infancia,Booster Para Niños Love 2052,https://www.fravega.com/p/booster-para-ninos-love-2052-680464/,39999.0,24999.0,1,True
FRA-mochila-porta-bebe-gadnic-ergonomica-20k,Fravega,OTRAS,Bebés y Primera Infancia,Mochila Porta Bebe Gadnic Ergonomica 20kg 3 en 1,https://www.fravega.com/p/mochila-porta-bebe-gadnic-ergonomica-20kg-3-1-990164232/,94444.0,72649.01,1,True
FRA-mamadera-avent-natural-response-scy903-0,Fravega,OTRAS,Bebés y Primera Infancia,Mamadera Avent Natural Response SCY903 01 260 Ml,https://www.fravega.com/p/mamadera-avent-natural-response-scy903-01-260-ml-680690/,44999.0,34999.0,1,True
FRA-manta-didactica-roff-gimnasio-proyector-,Fravega,OTRAS,Bebés y Primera Infancia,Manta Didáctica Roff Gimnasio Proyector Música Y Juguetes Bebe Rosa,https://www.fravega.com/p/manta-didactica-roff-gimnasio-proyector-musica-y-juguetes-bebe-rosa-680696/,95999.0,59999.0,1,True
FRA-set-vasos-contenedores-avent-scf618710--,Fravega,OTRAS,Bebés y Primera Infancia,Set Vasos Contenedores Avent Scf618710,https://www.fravega.com/p/set-vasos-contenedores-avent-scf618710--680643/,61999.0,36999.0,1,True
FRA-sacaleche-electrico-gadnic-extractor-de-,Fravega,OTRAS,Bebés y Primera Infancia,Sacaleche Eléctrico Gadnic Extractor De Leche Portatil,https://www.fravega.com/p/sacaleche-electrico-gadnic-extractor-de-leche-portatil--990185582/,163799.0,125998.99,1,True
FRA-tetina-philips-avent-anticolicos-de-fluj,Fravega,PHILIPS,Bebés y Primera Infancia,Tetina Philips Avent Anticólicos de Flujo Lento x 2,https://www.fravega.com/p/tetina-philips-avent-anticolicos-de-flujo-lento-x-2-681017/,26999.0,11999.0,1,True
FRA-esterilizador-a-vapor-para-microondas-av,Fravega,OTRAS,Bebés y Primera Infancia,Esterilizador a vapor para microondas AVENT SCF28102,https://www.fravega.com/p/esterilizador-a-vapor-para-microondas-avent-scf28102-680151/,89999.0,49999.0,1,True
FRA-mecedora-bebesit-vibracion-8023-c-verde-,Fravega,OTRAS,Bebés y Primera Infancia,Mecedora Bebesit Vibracion 8023-C Verde,https://www.fravega.com/p/mecedora-bebesit-vibracion-8023-c-verde-680559/,89999.0,59999.0,1,True
FRA-sacaleche-x2-electrico-gadnic-extractor-,Fravega,OTRAS,Bebés y Primera Infancia,Sacaleche X2 Eléctrico Gadnic Extractor De Leche Portatil,https://www.fravega.com/p/sacaleche-x2-electrico-gadnic-extractor-de-leche-portatil-990228686/,350869.0,269898.99,1,True
FRA-corralito-bebes-y-ninos-1-50x1-50x60-lis,Fravega,OTRAS,Bebés y Primera Infancia,Corralito Bebés Y Niños (1.50x1.50x60) - Liso Sin Diseño,https://www.fravega.com/p/corralito-bebes-y-ninos-1-50x1-50x60-liso-sin-diseno-20353021/,328900.0,173250.0,1,True
FRA-practicuna-colecho-bebe-bebesit-2021-gri,Fravega,OTRAS,Bebés y Primera Infancia,Practicuna Colecho Bebe Bebesit 2021 Gris Con Mosquitero,https://www.fravega.com/p/practicuna-colecho-bebe-bebesit-2021-gris-con-mosquitero-20458675/,223999.0,220199.0,1,True
FRA-chicco-carrusel-next2-dreams-3-1-76271-9,Fravega,CHICCO,Bebés y Primera Infancia,Chicco Carrusel Next2 Dreams 3 En 1 76271,https://www.fravega.com/p/chicco-carrusel-next2-dreams-3-1-76271-990052224/,149990.0,79990.0,1,True
FRA-chicco-luz-de-noche-goodnight-bear-blue-,Fravega,CHICCO,Bebés y Primera Infancia,Chicco Luz De Noche Goodnight Bear Blue 91562,https://www.fravega.com/p/chicco-luz-de-noche-goodnight-bear-blue-91562-990052273/,84990.0,54990.0,1,True
FRA-proyector-cuna-chicco-next2moon-musica-c,Fravega,CHICCO,Bebés y Primera Infancia,Proyector Cuna Chicco Next2moon Música Clásica 9828,https://www.fravega.com/p/proyector-cuna-chicco-next2moon-musica-clasica-9828-990052271/,129990.0,89989.99,1,True
FRA-cuna-evolutiva-4-1-blanca-21195400,Fravega,OTRAS,Bebés y Primera Infancia,Cuna evolutiva 4 en 1 - Blanca,https://www.fravega.com/p/cuna-evolutiva-4-1-blanca-21195400/,1141375.0,798960.0,1,True
FRA-cama-evolutiva-1-plaza-blanca-21195404,Fravega,OTRAS,Bebés y Primera Infancia,Cama evolutiva - 1 plaza - Blanca,https://www.fravega.com/p/cama-evolutiva-1-plaza-blanca-21195404/,492775.0,344940.0,1,True
FRA-cama-evolutiva-1-plaza-21195407,Fravega,OTRAS,Bebés y Primera Infancia,Cama Evolutiva 1 Plaza,https://www.fravega.com/p/cama-evolutiva-1-plaza-21195407/,566720.0,396700.0,1,True
FRA-cuna-evolutiva-4-1-paraiso-21195919,Fravega,OTRAS,Bebés y Primera Infancia,Cuna evolutiva 4 en 1 - Paraíso,https://www.fravega.com/p/cuna-evolutiva-4-1-paraiso-21195919/,1722355.0,1205650.0,1,True
FRA-cuna-colecho-multifuncion-5-en1-21214921,Fravega,OTRAS,Bebés y Primera Infancia,Cuna Colecho Multifuncion 5 en1,https://www.fravega.com/p/cuna-colecho-multifuncion-5-en1-21214921/,298800.0,226400.0,1,True
FRA-cuna-colecho-convertible-escritorio-mois,Fravega,OTRAS,Bebés y Primera Infancia,Cuna Colecho Convertible En Escritorio Moises Mesita 5 En 1,https://www.fravega.com/p/cuna-colecho-convertible-escritorio-moises-mesita-5-1-21214967/,312700.0,236900.0,1,True
FRA-cuna-colecho-multifuncion-5-1-incluye-co,Fravega,OTRAS,Bebés y Primera Infancia,Cuna Colecho Multifuncion 5 en 1 Incluye Colchón,https://www.fravega.com/p/cuna-colecho-multifuncion-5-1-incluye-colchon-21215807/,352300.0,266900.0,1,True
FRA-cuna-colecho-convertible-5-1-escritorio-,Fravega,OTRAS,Bebés y Primera Infancia,Cuna Colecho Convertible 5 en 1 Escritorio Con Colchon,https://www.fravega.com/p/cuna-colecho-convertible-5-1-escritorio-con-colchon--21215810/,384900.0,291600.0,1,True
FRA-cama-montessori-infantil-juvenil-para-co,Fravega,OTRAS,Bebés y Primera Infancia,Cama Montessori Infantil Juvenil Para Colchon 140x80,https://www.fravega.com/p/cama-montessori-infantil-juvenil-para-colchon-140x80-21215946/,358800.0,271800.0,1,True
FRA-cuna-colecho-5-1-convertible-mosies-escr,Fravega,OTRAS,Bebés y Primera Infancia,Cuna Colecho 5 En 1 Convertible En Mosies Escritorio Mesa Infantil,https://www.fravega.com/p/cuna-colecho-5-1-convertible-mosies-escritorio-mesa-infantil--21215958/,336100.0,254600.0,1,True
FRA-extractor-de-leche-manual-avent-scf430-0,Fravega,OTRAS,Bebés y Primera Infancia,Extractor de Leche Manual Avent SCF430/01,https://www.fravega.com/p/extractor-de-leche-manual-avent-scf430-01-680428/,139999.0,84999.0,1,True
FRA-alfombra-infantil-mawe-by-gadnic-antides,Fravega,OTRAS,Bebés y Primera Infancia,Alfombra Infantil Mawe By Gadnic Antideslizante e Impermeable Para Bebes,https://www.fravega.com/p/alfombra-infantil-mawe-by-gadnic-antideslizante-e-impermeable-para-bebes-990265932/,97044.0,74649.0,1,True
FRA-booster-para-ninos-love-2052-680464,Fravega,OSTER,Bebés y Primera Infancia,Booster Para Niños Love 2052,https://www.fravega.com/p/booster-para-ninos-love-2052-680464/,39999.0,24999.0,1,True
FRA-mochila-porta-bebe-gadnic-ergonomica-20k,Fravega,OTRAS,Bebés y Primera Infancia,Mochila Porta Bebe Gadnic Ergonomica 20kg 3 en 1,https://www.fravega.com/p/mochila-porta-bebe-gadnic-ergonomica-20kg-3-1-990164232/,94444.0,72649.01,1,True
FRA-mamadera-avent-natural-response-scy903-0,Fravega,OTRAS,Bebés y Primera Infancia,Mamadera Avent Natural Response SCY903 01 260 Ml,https://www.fravega.com/p/mamadera-avent-natural-response-scy903-01-260-ml-680690/,44999.0,34999.0,1,True
FRA-manta-didactica-roff-gimnasio-proyector-,Fravega,OTRAS,Bebés y Primera Infancia,Manta Didáctica Roff Gimnasio Proyector Música Y Juguetes Bebe Rosa,https://www.fravega.com/p/manta-didactica-roff-gimnasio-proyector-musica-y-juguetes-bebe-rosa-680696/,95999.0,59999.0,1,True
FRA-set-vasos-contenedores-avent-scf618710--,Fravega,OTRAS,Bebés y Primera Infancia,Set Vasos Contenedores Avent Scf618710,https://www.fravega.com/p/set-vasos-contenedores-avent-scf618710--680643/,61999.0,36999.0,1,True
FRA-sacaleche-electrico-gadnic-extractor-de-,Fravega,OTRAS,Bebés y Primera Infancia,Sacaleche Eléctrico Gadnic Extractor De Leche Portatil,https://www.fravega.com/p/sacaleche-electrico-gadnic-extractor-de-leche-portatil--990185582/,163799.0,125998.99,1,True
FRA-tetina-philips-avent-anticolicos-de-fluj,Fravega,PHILIPS,Bebés y Primera Infancia,Tetina Philips Avent Anticólicos de Flujo Lento x 2,https://www.fravega.com/p/tetina-philips-avent-anticolicos-de-flujo-lento-x-2-681017/,26999.0,11999.0,1,True
FRA-esterilizador-a-vapor-para-microondas-av,Fravega,OTRAS,Bebés y Primera Infancia,Esterilizador a vapor para microondas AVENT SCF28102,https://www.fravega.com/p/esterilizador-a-vapor-para-microondas-avent-scf28102-680151/,89999.0,49999.0,1,True
FRA-mecedora-bebesit-vibracion-8023-c-verde-,Fravega,OTRAS,Bebés y Primera Infancia,Mecedora Bebesit Vibracion 8023-C Verde,https://www.fravega.com/p/mecedora-bebesit-vibracion-8023-c-verde-680559/,89999.0,59999.0,1,True
FRA-sacaleche-x2-electrico-gadnic-extractor-,Fravega,OTRAS,Bebés y Primera Infancia,Sacaleche X2 Eléctrico Gadnic Extractor De Leche Portatil,https://www.fravega.com/p/sacaleche-x2-electrico-gadnic-extractor-de-leche-portatil-990228686/,350869.0,269898.99,1,True
FRA-cuna-5-1-convertible-colecho-escritorio-,Fravega,OTRAS,Bebés y Primera Infancia,Cuna 5 En 1 Convertible En Colecho Escritorio Mesa Moisés,https://www.fravega.com/p/cuna-5-1-convertible-colecho-escritorio-mesa-moises-21216401/,336100.0,254600.0,1,True
FRA-cuna-colecho-5-1-baranda-desmontable-bla,Fravega,OTRAS,Bebés y Primera Infancia,Cuna Colecho 5 en 1 Baranda Desmontable Blanca 120x60,https://www.fravega.com/p/cuna-colecho-5-1-baranda-desmontable-blanca-120x60-21263087/,340600.0,258000.0,1,True
FRA-cama-montessori-infantil-azul-para-colch,Fravega,OTRAS,Bebés y Primera Infancia,Cama Montessori Infantil AZUL para colchon 140x80,https://www.fravega.com/p/cama-montessori-infantil-azul-para-colchon-140x80-21263105/,358800.0,271800.0,1,True
FRA-cama-montessori-infantil-gris-para-colch,Fravega,OTRAS,Bebés y Primera Infancia,Cama Montessori Infantil GRIS para colchon 140x80,https://www.fravega.com/p/cama-montessori-infantil-gris-para-colchon-140x80-21263142/,358800.0,271800.0,1,True
FRA-cuna-con-colchon-colecho-con-baranda-des,Fravega,OTRAS,Bebés y Primera Infancia,Cuna Con Colchon Colecho Con Baranda Desmontable Regulable,https://www.fravega.com/p/cuna-con-colchon-colecho-con-baranda-desmontable-regulable-21270275/,375500.0,284500.0,1,True
FRA-cuna-colecho-carilo-con-baranda-desmonta,Fravega,OTRAS,Bebés y Primera Infancia,Cuna Colecho CARILO Con Baranda Desmontable 5 En 1 Escritorio,https://www.fravega.com/p/cuna-colecho-carilo-con-baranda-desmontable-5-1-escritorio-21270305/,375500.0,284500.0,1,True
FRA-cama-montessori-estrella-blanco-y-azul-c,Fravega,OTRAS,Bebés y Primera Infancia,Cama Montessori Estrella Blanco y Azul + Colchon 140x80x12,https://www.fravega.com/p/cama-montessori-estrella-blanco-y-azul-colchon-140x80x12-21296178/,498400.0,377600.0,1,True
FRA-cama-montessori-estrella-blanco-colchon-,Fravega,OTRAS,Bebés y Primera Infancia,Cama Montessori Estrella Blanco + Colchon 140x80x12,https://www.fravega.com/p/cama-montessori-estrella-blanco-colchon-140x80x12-21296185/,498400.0,377600.0,1,True
FRA-cama-montessori-estrella-blanco-y-gris-c,Fravega,OTRAS,Bebés y Primera Infancia,Cama Montessori Estrella Blanco y Gris + Colchon 140x80x12,https://www.fravega.com/p/cama-montessori-estrella-blanco-y-gris-colchon-140x80x12-21296191/,498400.0,377600.0,1,True
FRA-tira-de-cuna-payasos-lyon-toys-21359403,Fravega,OTRAS,Bebés y Primera Infancia,Tira De Cuna Payasos Lyon Toys,https://www.fravega.com/p/tira-de-cuna-payasos-lyon-toys-21359403/,24568.7,19399.0,1,True
FRA-cuna-convertible-antonella-con-cambiador,Fravega,OTRAS,Bebés y Primera Infancia,Cuna Convertible Antonella con Cambiador y Ruedas con Freno,https://www.fravega.com/p/cuna-convertible-antonella-con-cambiador-y-ruedas-con-freno-21453645/,419900.0,318100.0,1,True
FRA-cuna-convertible-antonella-cambiador-col,Fravega,OTRAS,Bebés y Primera Infancia,Cuna Convertible Antonella + Cambiador + Colchon + Ruedas,https://www.fravega.com/p/cuna-convertible-antonella-cambiador-colchon-ruedas-21453651/,492000.0,372700.0,1,True
FRA-barral-para-cuna-y-cochecitos-pollito-ro,Fravega,OTRAS,Bebés y Primera Infancia,Barral Para Cuna Y Cochecitos Pollito Rojo Phi Phi Toys,https://www.fravega.com/p/barral-para-cuna-y-cochecitos-pollito-rojo-phi-phi-toys-21477593/,31961.0,24699.0,1,True
FRA-cunero-musical-giratorio-osos-happy-shak,Fravega,OTRAS,Bebés y Primera Infancia,Cunero Musical Giratorio Osos Happy Shaking Bell,https://www.fravega.com/p/cunero-musical-giratorio-osos-happy-shaking-bell-21518349/,55640.0,42999.0,1,True
FRA-bimbi-tira-de-cuna-ositos-con-sonido-tip,Fravega,OTRAS,Bebés y Primera Infancia,Bimbi Tira De Cuna Ositos Con Sonido Tipo Sonajero,https://www.fravega.com/p/bimbi-tira-de-cuna-ositos-con-sonido-tipo-sonajero-21520534/,26908.7,20699.0,1,True
FRA-extractor-de-leche-manual-avent-scf430-0,Fravega,OTRAS,Bebés y Primera Infancia,Extractor de Leche Manual Avent SCF430/01,https://www.fravega.com/p/extractor-de-leche-manual-avent-scf430-01-680428/,139999.0,84999.0,1,True
FRA-alfombra-infantil-mawe-by-gadnic-antides,Fravega,OTRAS,Bebés y Primera Infancia,Alfombra Infantil Mawe By Gadnic Antideslizante e Impermeable Para Bebes,https://www.fravega.com/p/alfombra-infantil-mawe-by-gadnic-antideslizante-e-impermeable-para-bebes-990265932/,97044.0,74649.0,1,True
FRA-booster-para-ninos-love-2052-680464,Fravega,OSTER,Bebés y Primera Infancia,Booster Para Niños Love 2052,https://www.fravega.com/p/booster-para-ninos-love-2052-680464/,39999.0,24999.0,1,True
FRA-mochila-porta-bebe-gadnic-ergonomica-20k,Fravega,OTRAS,Bebés y Primera Infancia,Mochila Porta Bebe Gadnic Ergonomica 20kg 3 en 1,https://www.fravega.com/p/mochila-porta-bebe-gadnic-ergonomica-20kg-3-1-990164232/,94444.0,72649.01,1,True
FRA-mamadera-avent-natural-response-scy903-0,Fravega,OTRAS,Bebés y Primera Infancia,Mamadera Avent Natural Response SCY903 01 260 Ml,https://www.fravega.com/p/mamadera-avent-natural-response-scy903-01-260-ml-680690/,44999.0,34999.0,1,True
FRA-manta-didactica-roff-gimnasio-proyector-,Fravega,OTRAS,Bebés y Primera Infancia,Manta Didáctica Roff Gimnasio Proyector Música Y Juguetes Bebe Rosa,https://www.fravega.com/p/manta-didactica-roff-gimnasio-proyector-musica-y-juguetes-bebe-rosa-680696/,95999.0,59999.0,1,True
FRA-set-vasos-contenedores-avent-scf618710--,Fravega,OTRAS,Bebés y Primera Infancia,Set Vasos Contenedores Avent Scf618710,https://www.fravega.com/p/set-vasos-contenedores-avent-scf618710--680643/,61999.0,36999.0,1,True
FRA-sacaleche-electrico-gadnic-extractor-de-,Fravega,OTRAS,Bebés y Primera Infancia,Sacaleche Eléctrico Gadnic Extractor De Leche Portatil,https://www.fravega.com/p/sacaleche-electrico-gadnic-extractor-de-leche-portatil--990185582/,163799.0,125998.99,1,True
FRA-tetina-philips-avent-anticolicos-de-fluj,Fravega,PHILIPS,Bebés y Primera Infancia,Tetina Philips Avent Anticólicos de Flujo Lento x 2,https://www.fravega.com/p/tetina-philips-avent-anticolicos-de-flujo-lento-x-2-681017/,26999.0,11999.0,1,True
FRA-esterilizador-a-vapor-para-microondas-av,Fravega,OTRAS,Bebés y Primera Infancia,Esterilizador a vapor para microondas AVENT SCF28102,https://www.fravega.com/p/esterilizador-a-vapor-para-microondas-avent-scf28102-680151/,89999.0,49999.0,1,True
FRA-mecedora-bebesit-vibracion-8023-c-verde-,Fravega,OTRAS,Bebés y Primera Infancia,Mecedora Bebesit Vibracion 8023-C Verde,https://www.fravega.com/p/mecedora-bebesit-vibracion-8023-c-verde-680559/,89999.0,59999.0,1,True
FRA-sacaleche-x2-electrico-gadnic-extractor-,Fravega,OTRAS,Bebés y Primera Infancia,Sacaleche X2 Eléctrico Gadnic Extractor De Leche Portatil,https://www.fravega.com/p/sacaleche-x2-electrico-gadnic-extractor-de-leche-portatil-990228686/,350869.0,269898.99,1,True
FRA-practicuna-cuna-plegable-felcraft-deluxe,Fravega,OTRAS,Bebés y Primera Infancia,Practicuna Cuna Plegable Felcraft Deluxe Cambiador Y Movil,https://www.fravega.com/p/practicuna-cuna-plegable-felcraft-deluxe-cambiador-y-movil-990178956/,414659.0,319287.42,1,True
FRA-barral-de-cuna-unicornio-phi-phi-toys-21,Fravega,OTRAS,Bebés y Primera Infancia,Barral De Cuna Unicornio - Phi Phi Toys,https://www.fravega.com/p/barral-de-cuna-unicornio-phi-phi-toys-21688959/,33126.0,25599.0,1,True
FRA-peluche-cunero-musical-gorrion-25cm-cele,Fravega,OTRAS,Bebés y Primera Infancia,Peluche Cunero Musical Gorrion 25cm Celeste - Phi Phi Toys,https://www.fravega.com/p/peluche-cunero-musical-gorrion-25cm-celeste-phi-phi-toys-21712404/,33385.0,25799.0,1,True
FRA-sonajero-cunero-mono-peluche-winfun-2174,Fravega,OTRAS,Bebés y Primera Infancia,Sonajero Cunero Mono Peluche - Winfun,https://www.fravega.com/p/sonajero-cunero-mono-peluche-winfun-21748360/,27428.7,21099.0,1,True
FRA-cangrejo-colgante-didactico-de-peluche-p,Fravega,LG,Bebés y Primera Infancia,Cangrejo Colgante Didactico De Peluche - Phi Phi Toys,https://www.fravega.com/p/cangrejo-colgante-didactico-de-peluche-phi-phi-toys-21748407/,32220.0,25899.0,1,True
FRA-cuna-colecho-bebekids-altura-regulable-r,Fravega,OTRAS,Bebés y Primera Infancia,Cuna Colecho Bebekids Altura Regulable Ruedas y colchon,https://www.fravega.com/p/cuna-colecho-bebekids-altura-regulable-ruedas-y-colchon-21915820/,387900.0,293900.0,1,True
FRA-tira-sonajero-para-cochecito-monstruitos,Fravega,OTRAS,Bebés y Primera Infancia,Tira Sonajero Para Cochecito Monstruitos 26 Cm - Phiphi Toys,https://www.fravega.com/p/tira-sonajero-para-cochecito-monstruitos-26-cm-phiphi-toys-21917185/,43347.0,33499.0,1,True
FRA-colchon-piero-body-pro-1-plaza-190x80x18,Fravega,OTRAS,Bebés y Primera Infancia,Colchón Piero Body Pro 1 Plaza 190x80x18 Espuma,https://www.fravega.com/p/colchon-piero-body-pro-1-plaza-190x80x18-espuma--21998695/,391498.0,234899.0,1,True
FRA-colchon-piero-foam-ii-2-plazas-190x140x2,Fravega,OTRAS,Bebés y Primera Infancia,Colchón Piero Foam II 2 Plazas 190x140x23 Jackard Matelasse 85 Kg,https://www.fravega.com/p/colchon-piero-foam-ii-2-plazas-190x140x23-jackard-matelasse-85-kg-22008149/,752665.0,451599.0,1,True
FRA-practicuna-funky-fresh-luna-funkyeco-par,Fravega,OTRAS,Bebés y Primera Infancia,Practicuna Funky Fresh Luna Funkyeco Para Bebés Color Negro,https://www.fravega.com/p/practicuna-funky-fresh-luna-funkyeco-para-bebes-color-negro-22081623/,181999.0,129999.0,1,True
FRA-colchon-piero-foam-ii-190x160x23cm-espum,Fravega,OTRAS,Bebés y Primera Infancia,Colchón Piero FOAM II 190x160x23cm Espuma,https://www.fravega.com/p/colchon-piero-foam-ii-190x160x23cm-espuma-22082855/,599999.0,489899.0,1,True
FRA-bimbi-tira-de-cuna-animalitos-para-bebe-,Fravega,OTRAS,Bebés y Primera Infancia,Bimbi Tira De Cuna Animalitos Para Bebe,https://www.fravega.com/p/bimbi-tira-de-cuna-animalitos-para-bebe-22182053/,26500.0,20499.0,1,True
FRA-barral-para-cuna-y-cochecitos-pollito-ph,Fravega,OTRAS,Bebés y Primera Infancia,Barral Para Cuna Y Cochecitos Pollito Phi Phi Toys,https://www.fravega.com/p/barral-para-cuna-y-cochecitos-pollito-phi-phi-toys-22464870/,30588.85,27699.0,1,True
FRA-dolce-bambino-sonajero-vaquita-22469246,Fravega,OTRAS,Bebés y Primera Infancia,Dolce Bambino Sonajero Vaquita,https://www.fravega.com/p/dolce-bambino-sonajero-vaquita-22469246/,31399.0,25950.0,1,True
FRA-colgante-con-vibracion-abeja-phi-phi-toy,Fravega,LG,Bebés y Primera Infancia,Colgante Con Vibración Abeja - Phi Phi Toys,https://www.fravega.com/p/colgante-con-vibracion-abeja-phi-phi-toys-22469259/,32442.0,24299.0,1,True
